# Blender 4.3.2
# www.blender.org
mtllib model07.mtl
o defaultMaterial
v -0.966754 -0.028542 -0.239856
v -0.974047 -0.029578 -0.297840
v -0.909339 -0.027255 -0.297815
v -0.908903 -0.024029 -0.233304
v -0.830124 -0.025603 -0.297794
v -0.830355 -0.020204 -0.233304
v -0.750601 -0.023917 -0.297803
v -0.750606 -0.020110 -0.233055
v -0.671005 -0.032260 -0.298005
v -0.670986 -0.024141 -0.233082
v -0.604406 -0.028598 -0.297887
v -0.611010 -0.027026 -0.239827
v -0.976225 -0.021484 -0.375183
v -0.909750 -0.026612 -0.375146
v -0.830264 -0.023548 -0.375193
v -0.750621 -0.023545 -0.375148
v -0.670923 -0.025133 -0.375186
v -0.604406 -0.019432 -0.375210
v -0.976097 -0.021051 -0.452586
v -0.909878 -0.024833 -0.452637
v -0.830171 -0.025274 -0.452587
v -0.750521 -0.024088 -0.452556
v -0.670785 -0.023977 -0.452562
v -0.604445 -0.019932 -0.452378
v -0.975541 -0.018240 -0.529968
v -0.909769 -0.020117 -0.530007
v -0.830169 -0.017586 -0.529982
v -0.750317 -0.026382 -0.529974
v -0.669906 -0.022736 -0.529349
v -0.603463 -0.022235 -0.528883
v -0.973496 0.018096 -0.607196
v -0.907895 0.018949 -0.607197
v -0.828396 0.023264 -0.607065
v -0.748008 0.013315 -0.606997
v -0.667961 0.008762 -0.606432
v -0.602215 0.005270 -0.606018
v -0.974195 0.023017 -0.684558
v -0.907654 0.022851 -0.684536
v -0.827763 0.022798 -0.684602
v -0.747994 0.020074 -0.684370
v -0.668249 0.012800 -0.684031
v -0.602615 0.005558 -0.683941
v -0.974228 0.023706 -0.761912
v -0.907638 0.020524 -0.761890
v -0.827743 0.020706 -0.761940
v -0.748060 0.019512 -0.762007
v -0.668578 0.015286 -0.761837
v -0.603776 0.005859 -0.762049
v -0.974392 0.021363 -0.839265
v -0.907691 0.023189 -0.839297
v -0.827817 0.020248 -0.839265
v -0.748143 0.019985 -0.839341
v -0.668639 0.016403 -0.839400
v -0.603204 0.008754 -0.839437
v -0.974441 0.024963 -0.916784
v -0.907732 0.024648 -0.916743
v -0.827756 0.022481 -0.916783
v -0.748272 0.020088 -0.916799
v -0.669030 0.012093 -0.916686
v -0.603223 0.007208 -0.916844
v -0.967977 0.022566 -0.974859
v -0.907920 0.022156 -0.981288
v -0.828202 0.021320 -0.981307
v -0.748652 0.018053 -0.981319
v -0.669668 0.001836 -0.980963
v -0.610048 0.006187 -0.974887
v -0.965601 0.005512 -0.239895
v -0.908470 0.016369 -0.233318
v -0.909539 0.023696 -0.297801
v -0.973292 0.009839 -0.297860
v -0.830177 0.021105 -0.233309
v -0.830089 0.024487 -0.297807
v -0.750530 0.021466 -0.233059
v -0.750470 0.025964 -0.297821
v -0.670739 0.014818 -0.232990
v -0.670824 0.012759 -0.297918
v -0.610847 0.008811 -0.239221
v -0.604396 0.009320 -0.297978
v -0.909743 0.023555 -0.375131
v -0.976205 0.020070 -0.375174
v -0.830170 0.025374 -0.375144
v -0.750521 0.025860 -0.375118
v -0.670916 0.025436 -0.375180
v -0.600829 0.020254 -0.375128
v -0.909848 0.025239 -0.452576
v -0.975910 0.020062 -0.452585
v -0.830114 0.024699 -0.452647
v -0.750347 0.025293 -0.452633
v -0.670711 0.025933 -0.452549
v -0.602568 0.020941 -0.452396
v -0.909790 0.027274 -0.529987
v -0.974836 0.021274 -0.529980
v -0.830393 0.030709 -0.529984
v -0.750338 0.021401 -0.530019
v -0.669997 0.026032 -0.529576
v -0.604158 0.020063 -0.529628
v -0.909636 0.031687 -0.607367
v -0.974799 0.031516 -0.607322
v -0.830256 0.033827 -0.607251
v -0.749688 0.023775 -0.606987
v -0.669731 0.022048 -0.606466
v -0.603649 0.019177 -0.606241
v -0.909559 0.031388 -0.684731
v -0.975555 0.033110 -0.684707
v -0.829770 0.029728 -0.684795
v -0.749752 0.027125 -0.684329
v -0.670014 0.021895 -0.683972
v -0.603865 0.015987 -0.683686
v -0.909669 0.027818 -0.762095
v -0.975778 0.031951 -0.762070
v -0.829859 0.026078 -0.762120
v -0.750172 0.024953 -0.762227
v -0.670550 0.022498 -0.761981
v -0.605183 0.014291 -0.762077
v -0.909694 0.030007 -0.839495
v -0.975965 0.030071 -0.839428
v -0.829879 0.025740 -0.839475
v -0.750181 0.025554 -0.839555
v -0.670824 0.024275 -0.839574
v -0.604845 0.016311 -0.839596
v -0.909669 0.033264 -0.916939
v -0.975947 0.034776 -0.916934
v -0.829779 0.029539 -0.916986
v -0.750290 0.026769 -0.917000
v -0.671029 0.020245 -0.916862
v -0.604790 0.016551 -0.916993
v -0.909425 0.031842 -0.981442
v -0.969249 0.033160 -0.974986
v -0.829780 0.029250 -0.981468
v -0.750230 0.026060 -0.981486
v -0.671194 0.010913 -0.981107
v -0.611248 0.016801 -0.975003
v -0.966754 -0.028542 -0.239856
v -0.908903 -0.024029 -0.233304
v -0.909257 -0.002153 -0.220423
v -0.972986 -0.011217 -0.233403
v -0.830355 -0.020204 -0.233304
v -0.830198 -0.000042 -0.220501
v -0.750606 -0.020110 -0.233055
v -0.750549 -0.001432 -0.220388
v -0.670986 -0.024141 -0.233082
v -0.670947 -0.004016 -0.220479
v -0.611010 -0.027026 -0.239827
v -0.604250 -0.007142 -0.232948
v -0.908470 0.016369 -0.233318
v -0.965601 0.005512 -0.239895
v -0.830177 0.021105 -0.233309
v -0.750530 0.021466 -0.233059
v -0.670739 0.014818 -0.232990
v -0.610847 0.008811 -0.239221
v -0.611010 -0.027026 -0.239827
v -0.604406 -0.028598 -0.297887
v -0.590979 -0.007571 -0.297931
v -0.604250 -0.007142 -0.232948
v -0.604406 -0.019432 -0.375210
v -0.591134 0.000666 -0.375172
v -0.604445 -0.019932 -0.452378
v -0.590356 0.000663 -0.452307
v -0.603463 -0.022235 -0.528883
v -0.589987 -0.001120 -0.528755
v -0.589565 0.011775 -0.606179
v -0.589987 -0.001120 -0.528755
v -0.589998 0.013326 -0.683823
v -0.591037 0.009435 -0.761991
v -0.590417 0.014961 -0.839502
v -0.590737 0.011756 -0.916920
v -0.604048 0.010715 -0.981399
v -0.604396 0.009320 -0.297978
v -0.610847 0.008811 -0.239221
v -0.600829 0.020254 -0.375128
v -0.602568 0.020941 -0.452396
v -0.604158 0.020063 -0.529628
v -0.589987 -0.001120 -0.528755
v -0.589565 0.011775 -0.606179
v -0.603649 0.019177 -0.606241
v -0.604158 0.020063 -0.529628
v -0.589998 0.013326 -0.683823
v -0.603865 0.015987 -0.683686
v -0.591037 0.009435 -0.761991
v -0.605183 0.014291 -0.762077
v -0.590417 0.014961 -0.839502
v -0.604845 0.016311 -0.839596
v -0.590737 0.011756 -0.916920
v -0.604790 0.016551 -0.916993
v -0.604048 0.010715 -0.981399
v -0.611248 0.016801 -0.975003
v -0.670348 0.008947 -0.993991
v -0.749442 0.021867 -0.994287
v -0.829025 0.024984 -0.994273
v -0.908709 0.026989 -0.994257
v -0.975276 0.027515 -0.981387
v -0.670348 0.008947 -0.993991
v -0.671194 0.010913 -0.981107
v -0.611248 0.016801 -0.975003
v -0.749442 0.021867 -0.994287
v -0.750230 0.026060 -0.981486
v -0.829025 0.024984 -0.994273
v -0.829780 0.029250 -0.981468
v -0.908709 0.026989 -0.994257
v -0.909425 0.031842 -0.981442
v -0.975276 0.027515 -0.981387
v -0.988473 0.029701 -0.916860
v -0.988433 0.026707 -0.839370
v -0.988262 0.027647 -0.761988
v -0.988479 0.027587 -0.684628
v -0.988590 0.024963 -0.607267
v -0.989493 0.002024 -0.529967
v -0.975541 -0.018240 -0.529968
v -0.976097 -0.021051 -0.452586
v -0.989623 0.000134 -0.452572
v -0.989493 0.002024 -0.529967
v -0.976225 -0.021484 -0.375183
v -0.989404 -0.001761 -0.375170
v -0.974047 -0.029578 -0.297840
v -0.986553 -0.012364 -0.297870
v -0.966754 -0.028542 -0.239856
v -0.972986 -0.011217 -0.233403
v -0.988473 0.029701 -0.916860
v -0.988433 0.026707 -0.839370
v -0.988262 0.027647 -0.761988
v -0.988479 0.027587 -0.684628
v -0.988590 0.024963 -0.607267
v -0.989493 0.002024 -0.529967
v -0.975910 0.020062 -0.452585
v -0.974836 0.021274 -0.529980
v -0.976205 0.020070 -0.375174
v -0.973292 0.009839 -0.297860
v -0.965601 0.005512 -0.239895
v 0.607784 -0.026820 0.964906
v 0.601937 -0.023342 0.896930
v 0.670165 -0.026226 0.898123
v 0.670297 -0.021519 0.978557
v 0.751115 -0.022219 0.899224
v 0.751524 -0.012138 0.979185
v 0.832316 -0.021876 0.899103
v 0.832508 -0.017518 0.976830
v 0.910769 -0.029067 0.896861
v 0.908813 -0.027883 0.974471
v 0.976085 -0.029025 0.894879
v 0.968166 -0.028570 0.965117
v 0.602388 -0.020839 0.803855
v 0.669981 -0.025682 0.803860
v 0.751098 -0.025655 0.803855
v 0.831914 -0.025151 0.803858
v 0.913298 -0.023803 0.803883
v 0.980864 -0.019945 0.803874
v 0.602367 -0.021261 0.708691
v 0.669906 -0.025856 0.708685
v 0.751059 -0.028240 0.708686
v 0.832170 -0.028357 0.708701
v 0.913335 -0.027568 0.708711
v 0.980934 -0.022090 0.708716
v 0.602392 -0.019722 0.613572
v 0.669923 -0.026972 0.613522
v 0.750982 -0.031431 0.613471
v 0.832152 -0.031670 0.613519
v 0.913253 -0.028974 0.613538
v 0.977467 -0.026317 0.613690
v 0.602314 -0.018789 0.518469
v 0.669982 -0.024785 0.518413
v 0.750960 -0.030539 0.518317
v 0.832138 -0.032288 0.518366
v 0.913372 -0.028276 0.518393
v 0.981136 -0.025607 0.518366
v 0.602367 -0.017944 0.423291
v 0.669970 -0.025745 0.423231
v 0.750890 -0.035509 0.423085
v 0.832176 -0.028713 0.423239
v 0.913600 -0.029458 0.423125
v 0.981261 -0.021253 0.423184
v 0.601634 -0.024842 0.329535
v 0.669913 -0.030365 0.327802
v 0.750869 -0.033413 0.327994
v 0.832623 -0.031871 0.327955
v 0.916562 -0.025617 0.326245
v 0.984812 -0.015875 0.325542
v 0.602412 -0.020751 0.232881
v 0.669836 -0.031311 0.232678
v 0.750963 -0.030334 0.232855
v 0.832171 -0.030352 0.232914
v 0.912313 -0.031301 0.232369
v 0.980066 -0.025945 0.232021
v 0.601394 -0.021194 0.137638
v 0.670020 -0.026455 0.137835
v 0.750964 -0.029356 0.137701
v 0.832137 -0.027780 0.137787
v 0.913379 -0.024010 0.137470
v 0.980192 -0.020307 0.138099
v 0.615393 -0.022957 0.074371
v 0.671737 -0.021181 0.061004
v 0.751160 -0.019972 0.058718
v 0.832162 -0.021676 0.058403
v 0.911896 -0.016231 0.058566
v 0.968621 -0.013813 0.069230
v 0.605162 0.016465 0.964827
v 0.670387 0.031391 0.978360
v 0.670242 0.036422 0.895942
v 0.601684 0.029073 0.895245
v 0.751914 0.042430 0.977221
v 0.751236 0.043564 0.899261
v 0.832910 0.035520 0.975267
v 0.832196 0.042552 0.898621
v 0.906427 0.021169 0.972202
v 0.909785 0.034430 0.896067
v 0.969921 0.024704 0.966192
v 0.975763 0.024820 0.894574
v 0.669861 0.040122 0.803859
v 0.602387 0.033829 0.803854
v 0.750906 0.039781 0.803855
v 0.832194 0.040131 0.803869
v 0.913299 0.041773 0.803883
v 0.980874 0.034707 0.803874
v 0.669973 0.039402 0.708702
v 0.602359 0.033401 0.708687
v 0.751024 0.037383 0.708679
v 0.832147 0.037016 0.708699
v 0.913320 0.038043 0.708710
v 0.980867 0.032532 0.708712
v 0.669936 0.038696 0.613517
v 0.602383 0.035257 0.613533
v 0.750994 0.033799 0.613470
v 0.832034 0.033782 0.613514
v 0.913226 0.036637 0.613558
v 0.974596 0.025038 0.613821
v 0.602383 0.035257 0.613533
v 0.669936 0.038696 0.613517
v 0.669993 0.040571 0.518413
v 0.602277 0.035951 0.518463
v 0.750994 0.033799 0.613470
v 0.750981 0.034547 0.518296
v 0.832034 0.033782 0.613514
v 0.832129 0.033113 0.518363
v 0.913226 0.036637 0.613558
v 0.913299 0.036741 0.518390
v 0.974596 0.025038 0.613821
v 0.981123 0.028970 0.518366
v 0.669976 0.040132 0.423279
v 0.602321 0.036606 0.423297
v 0.750736 0.029681 0.423060
v 0.832128 0.036746 0.423189
v 0.913292 0.035357 0.423199
v 0.982226 0.034751 0.422808
v 0.669876 0.035300 0.328050
v 0.601490 0.028975 0.329929
v 0.750867 0.031583 0.327960
v 0.832290 0.033293 0.328182
v 0.915485 0.038169 0.326360
v 0.983705 0.036359 0.325155
v 0.669826 0.034052 0.232854
v 0.602329 0.033622 0.232984
v 0.750917 0.033814 0.232842
v 0.832234 0.035369 0.232994
v 0.910251 0.032327 0.232650
v 0.978937 0.027753 0.231549
v 0.670188 0.038953 0.138059
v 0.596607 0.024913 0.140108
v 0.751065 0.036686 0.137811
v 0.832125 0.037559 0.137692
v 0.913211 0.041150 0.137788
v 0.981063 0.035091 0.137221
v 0.673781 0.022903 0.064567
v 0.617464 0.022050 0.074660
v 0.751249 0.025657 0.059304
v 0.832250 0.031308 0.058304
v 0.911119 0.037104 0.057864
v 0.968168 0.034809 0.065955
v 0.607784 -0.026820 0.964906
v 0.670297 -0.021519 0.978557
v 0.670350 0.004705 0.994710
v 0.599586 -0.007152 0.971369
v 0.751524 -0.012138 0.979185
v 0.751529 0.014476 0.994886
v 0.832508 -0.017518 0.976830
v 0.832681 0.008928 0.991892
v 0.908813 -0.027883 0.974471
v 0.908169 -0.002122 0.989762
v 0.968166 -0.028570 0.965117
v 0.974895 -0.003984 0.972913
v 0.670387 0.031391 0.978360
v 0.605162 0.016465 0.964827
v 0.751914 0.042430 0.977221
v 0.832910 0.035520 0.975267
v 0.906427 0.021169 0.972202
v 0.969921 0.024704 0.966192
v 0.968166 -0.028570 0.965117
v 0.976085 -0.029025 0.894879
v 0.989009 -0.003470 0.894381
v 0.974895 -0.003984 0.972913
v 0.980864 -0.019945 0.803874
v 0.994391 0.006508 0.803867
v 0.980934 -0.022090 0.708716
v 0.994409 0.005757 0.708713
v 0.977467 -0.026317 0.613690
v 0.987723 -0.003513 0.613838
v 0.981136 -0.025607 0.518366
v 0.994490 0.002709 0.518405
v 0.981261 -0.021253 0.423184
v 0.994872 0.006527 0.423109
v 0.984812 -0.015875 0.325542
v 0.998254 0.011409 0.325316
v 0.980066 -0.025945 0.232021
v 0.993247 0.002289 0.231872
v 0.980192 -0.020307 0.138099
v 0.993158 0.007547 0.138526
v 0.968621 -0.013813 0.069230
v 0.974194 0.009032 0.059280
v 0.975763 0.024820 0.894574
v 0.969921 0.024704 0.966192
v 0.980874 0.034707 0.803874
v 0.980867 0.032532 0.708712
v 0.974596 0.025038 0.613821
v 0.981123 0.028970 0.518366
v 0.982226 0.034751 0.422808
v 0.983705 0.036359 0.325155
v 0.978937 0.027753 0.231549
v 0.981063 0.035091 0.137221
v 0.968168 0.034809 0.065955
v 0.968621 -0.013813 0.069230
v 0.911896 -0.016231 0.058566
v 0.909732 0.005131 0.041958
v 0.974194 0.009032 0.059280
v 0.832162 -0.021676 0.058403
v 0.832092 0.005157 0.041841
v 0.751160 -0.019972 0.058718
v 0.751162 0.004600 0.042493
v 0.671737 -0.021181 0.061004
v 0.673149 0.003275 0.046709
v 0.615393 -0.022957 0.074371
v 0.610487 -0.002174 0.066444
v 0.974194 0.009032 0.059280
v 0.909732 0.005131 0.041958
v 0.911119 0.037104 0.057864
v 0.968168 0.034809 0.065955
v 0.832092 0.005157 0.041841
v 0.832250 0.031308 0.058304
v 0.751162 0.004600 0.042493
v 0.751249 0.025657 0.059304
v 0.673149 0.003275 0.046709
v 0.673781 0.022903 0.064567
v 0.617464 0.022050 0.074660
v 0.615393 -0.022957 0.074371
v 0.601394 -0.021194 0.137638
v 0.582429 -0.002882 0.139544
v 0.610487 -0.002174 0.066444
v 0.602412 -0.020751 0.232881
v 0.588772 0.007499 0.232648
v 0.601634 -0.024842 0.329535
v 0.587585 -0.000093 0.330583
v 0.602367 -0.017944 0.423291
v 0.588715 0.008248 0.423367
v 0.602314 -0.018789 0.518469
v 0.588725 0.007560 0.518514
v 0.602392 -0.019722 0.613572
v 0.588944 0.008664 0.613573
v 0.602367 -0.021261 0.708691
v 0.588885 0.005915 0.708700
v 0.602388 -0.020839 0.803855
v 0.588877 0.006246 0.803848
v 0.601937 -0.023342 0.896930
v 0.587430 0.000296 0.895147
v 0.607784 -0.026820 0.964906
v 0.599586 -0.007152 0.971369
v 0.596607 0.024913 0.140108
v 0.617464 0.022050 0.074660
v 0.602329 0.033622 0.232984
v 0.601490 0.028975 0.329929
v 0.602321 0.036606 0.423297
v 0.602277 0.035951 0.518463
v 0.602383 0.035257 0.613533
v 0.602359 0.033401 0.708687
v 0.602387 0.033829 0.803854
v 0.601684 0.029073 0.895245
v 0.605162 0.016465 0.964827
v 0.115914 -0.014258 0.087728
v 0.101213 -0.010164 0.007888
v 0.177926 -0.022597 0.010075
v 0.179575 -0.019115 0.102593
v 0.273434 -0.027563 0.010105
v 0.273266 -0.020312 0.103617
v 0.368688 -0.027023 0.009965
v 0.368841 -0.021436 0.103683
v 0.464043 -0.026116 0.009748
v 0.460915 -0.030641 0.098389
v 0.543352 -0.020849 0.008245
v 0.530817 -0.028707 0.087979
v 0.098354 0.002834 -0.102159
v 0.178167 -0.019448 -0.102180
v 0.273437 -0.024254 -0.102203
v 0.368880 -0.029483 -0.102144
v 0.464348 -0.023160 -0.102226
v 0.544569 -0.018998 -0.102138
v 0.097297 -0.029550 -0.213403
v 0.177831 -0.023781 -0.214408
v 0.273257 -0.027400 -0.214443
v 0.368711 -0.024922 -0.214415
v 0.464282 -0.024533 -0.214405
v 0.544471 -0.018400 -0.214348
v 0.097291 -0.035121 -0.328907
v 0.177731 -0.036348 -0.326578
v 0.273116 -0.028668 -0.326664
v 0.368536 -0.025855 -0.326792
v 0.464217 -0.024769 -0.326615
v 0.543836 -0.016349 -0.326621
v 0.098426 -0.026055 -0.439022
v 0.177918 -0.031411 -0.438918
v 0.273016 -0.031522 -0.438813
v 0.368448 -0.029384 -0.438792
v 0.464067 -0.024067 -0.438876
v 0.544306 -0.022474 -0.438638
v 0.098521 -0.025877 -0.551131
v 0.177968 -0.025261 -0.551158
v 0.272916 -0.033317 -0.551069
v 0.368640 -0.031213 -0.550986
v 0.464175 -0.025507 -0.551041
v 0.543645 -0.021876 -0.550941
v 0.098480 -0.021546 -0.663329
v 0.177839 -0.030009 -0.663373
v 0.273092 -0.032133 -0.663223
v 0.368577 -0.030174 -0.663222
v 0.464288 -0.023198 -0.663243
v 0.544384 -0.026303 -0.662828
v 0.098615 -0.018065 -0.775517
v 0.178014 -0.027282 -0.775597
v 0.273356 -0.023852 -0.775541
v 0.368638 -0.028598 -0.775488
v 0.467133 -0.029474 -0.772243
v 0.551005 -0.032490 -0.767391
v 0.098549 -0.017877 -0.887641
v 0.178137 -0.021557 -0.887730
v 0.273537 -0.020427 -0.887861
v 0.368789 -0.030139 -0.887548
v 0.469531 -0.037956 -0.881766
v 0.557735 -0.043460 -0.871927
v 0.111737 -0.029246 -0.966486
v 0.178787 -0.015483 -0.981102
v 0.273564 -0.015677 -0.981405
v 0.368832 -0.017572 -0.981271
v 0.466455 -0.030054 -0.978534
v 0.545923 -0.037300 -0.959576
v 0.119254 0.023105 0.086787
v 0.180954 0.033743 0.101562
v 0.178452 0.040274 0.009829
v 0.100087 0.033766 0.008489
v 0.273432 0.035021 0.103687
v 0.273545 0.036954 0.010107
v 0.368888 0.033054 0.103685
v 0.368917 0.037965 0.009992
v 0.460709 0.023112 0.098111
v 0.463928 0.039240 0.009720
v 0.526316 0.012377 0.088442
v 0.548265 0.027193 0.008699
v 0.178100 0.040434 -0.102130
v 0.098296 0.037760 -0.102158
v 0.273400 0.041315 -0.102185
v 0.368853 0.035662 -0.102148
v 0.464282 0.042553 -0.102131
v 0.545596 0.034294 -0.102123
v 0.177902 0.038450 -0.214361
v 0.094400 0.020602 -0.211307
v 0.273278 0.038154 -0.214415
v 0.368742 0.040654 -0.214432
v 0.464568 0.040597 -0.214366
v 0.543924 0.036914 -0.214353
v 0.177717 0.028840 -0.326569
v 0.095823 0.016033 -0.330515
v 0.273110 0.036936 -0.326629
v 0.368567 0.040087 -0.326639
v 0.464256 0.040019 -0.326613
v 0.543753 0.037997 -0.326650
v 0.177851 0.034070 -0.438924
v 0.098430 0.028908 -0.439014
v 0.273062 0.034027 -0.438832
v 0.368399 0.035975 -0.438756
v 0.464085 0.041548 -0.438866
v 0.544373 0.031938 -0.438654
v 0.177991 0.040005 -0.551148
v 0.098495 0.028985 -0.551082
v 0.273008 0.032702 -0.551084
v 0.368475 0.033692 -0.550975
v 0.464160 0.040153 -0.551048
v 0.543568 0.031538 -0.550929
v 0.177840 0.035452 -0.663384
v 0.098490 0.033112 -0.663336
v 0.273111 0.033352 -0.663252
v 0.368552 0.035046 -0.663214
v 0.464167 0.042593 -0.663266
v 0.544518 0.026801 -0.662629
v 0.178007 0.037921 -0.775612
v 0.098557 0.035921 -0.775531
v 0.273323 0.041162 -0.775550
v 0.368656 0.036973 -0.775476
v 0.467865 0.034511 -0.771452
v 0.550647 0.024153 -0.768581
v 0.178303 0.043283 -0.887741
v 0.098430 0.035866 -0.887555
v 0.273521 0.045216 -0.887867
v 0.368914 0.034900 -0.887410
v 0.471286 0.024881 -0.879836
v 0.559288 0.012754 -0.872107
v 0.178359 0.039966 -0.981318
v 0.111080 0.010842 -0.962944
v 0.273563 0.039107 -0.981407
v 0.368976 0.037724 -0.981298
v 0.469788 0.018395 -0.974898
v 0.544874 0.015831 -0.959146
v 0.115914 -0.014258 0.087728
v 0.179575 -0.019115 0.102593
v 0.179669 0.006742 0.121302
v 0.110106 0.000483 0.097656
v 0.273266 -0.020312 0.103617
v 0.273552 0.004898 0.122382
v 0.368841 -0.021436 0.103683
v 0.368906 0.001910 0.122418
v 0.460915 -0.030641 0.098389
v 0.460366 -0.005880 0.116303
v 0.530817 -0.028707 0.087979
v 0.535505 -0.010034 0.098579
v 0.110106 0.000483 0.097656
v 0.179669 0.006742 0.121302
v 0.180954 0.033743 0.101562
v 0.119254 0.023105 0.086787
v 0.273552 0.004898 0.122382
v 0.273432 0.035021 0.103687
v 0.368906 0.001910 0.122418
v 0.368888 0.033054 0.103685
v 0.460366 -0.005880 0.116303
v 0.460709 0.023112 0.098111
v 0.535505 -0.010034 0.098579
v 0.526316 0.012377 0.088442
v 0.530817 -0.028707 0.087979
v 0.543352 -0.020849 0.008245
v 0.565229 -0.001330 0.009394
v 0.535505 -0.010034 0.098579
v 0.544569 -0.018998 -0.102138
v 0.561574 0.007256 -0.102190
v 0.544471 -0.018400 -0.214348
v 0.559775 0.010204 -0.214332
v 0.543836 -0.016349 -0.326621
v 0.559678 0.010365 -0.326623
v 0.544306 -0.022474 -0.438638
v 0.560205 0.005318 -0.438632
v 0.543645 -0.021876 -0.550941
v 0.559700 0.007171 -0.551014
v 0.544384 -0.026303 -0.662828
v 0.560587 0.002872 -0.662478
v 0.551005 -0.032490 -0.767391
v 0.567957 -0.005603 -0.767090
v 0.557735 -0.043460 -0.871927
v 0.576664 -0.017067 -0.870718
v 0.545923 -0.037300 -0.959576
v 0.552450 -0.007175 -0.968562
v 0.535505 -0.010034 0.098579
v 0.565229 -0.001330 0.009394
v 0.548265 0.027193 0.008699
v 0.526316 0.012377 0.088442
v 0.561574 0.007256 -0.102190
v 0.545596 0.034294 -0.102123
v 0.559775 0.010204 -0.214332
v 0.543924 0.036914 -0.214353
v 0.559678 0.010365 -0.326623
v 0.543753 0.037997 -0.326650
v 0.560205 0.005318 -0.438632
v 0.544373 0.031938 -0.438654
v 0.559700 0.007171 -0.551014
v 0.543568 0.031538 -0.550929
v 0.560587 0.002872 -0.662478
v 0.544518 0.026801 -0.662629
v 0.567957 -0.005603 -0.767090
v 0.550647 0.024153 -0.768581
v 0.576664 -0.017067 -0.870718
v 0.559288 0.012754 -0.872107
v 0.552450 -0.007175 -0.968562
v 0.544874 0.015831 -0.959146
v 0.545923 -0.037300 -0.959576
v 0.466455 -0.030054 -0.978534
v 0.466669 -0.004018 -0.996954
v 0.552450 -0.007175 -0.968562
v 0.368832 -0.017572 -0.981271
v 0.368884 0.009703 -0.999974
v 0.273564 -0.015677 -0.981405
v 0.273560 0.011415 -1.000000
v 0.178787 -0.015483 -0.981102
v 0.178336 0.011286 -0.999943
v 0.111737 -0.029246 -0.966486
v 0.101285 -0.014064 -0.972372
v 0.469788 0.018395 -0.974898
v 0.544874 0.015831 -0.959146
v 0.368976 0.037724 -0.981298
v 0.273563 0.039107 -0.981407
v 0.178359 0.039966 -0.981318
v 0.111080 0.010842 -0.962944
v 0.111737 -0.029246 -0.966486
v 0.098549 -0.017877 -0.887641
v 0.082280 0.008403 -0.887443
v 0.101285 -0.014064 -0.972372
v 0.098615 -0.018065 -0.775517
v 0.082685 0.008000 -0.775503
v 0.098480 -0.021546 -0.663329
v 0.082701 0.006744 -0.663344
v 0.098521 -0.025877 -0.551131
v 0.082716 0.003352 -0.551123
v 0.098426 -0.026055 -0.439022
v 0.082623 0.005330 -0.438917
v 0.097291 -0.035121 -0.328907
v 0.079441 -0.008297 -0.330791
v 0.097297 -0.029550 -0.213403
v 0.076085 -0.009521 -0.208241
v 0.082533 0.015655 -0.102103
v 0.076085 -0.009521 -0.208241
v 0.098354 0.002834 -0.102159
v 0.101213 -0.010164 0.007888
v 0.085050 0.016733 0.008014
v 0.082533 0.015655 -0.102103
v 0.115914 -0.014258 0.087728
v 0.110106 0.000483 0.097656
v 0.098430 0.035866 -0.887555
v 0.111080 0.010842 -0.962944
v 0.098557 0.035921 -0.775531
v 0.098490 0.033112 -0.663336
v 0.098495 0.028985 -0.551082
v 0.098430 0.028908 -0.439014
v 0.095823 0.016033 -0.330515
v 0.076085 -0.009521 -0.208241
v 0.094400 0.020602 -0.211307
v 0.098296 0.037760 -0.102158
v 0.100087 0.033766 0.008489
v 0.119254 0.023105 0.086787
v 0.615534 -0.023709 -0.003595
v 0.605424 -0.020839 -0.070363
v 0.671191 -0.024832 -0.069486
v 0.672263 -0.020005 0.006037
v 0.752112 -0.023553 -0.069398
v 0.752137 -0.020593 0.006164
v 0.833133 -0.025847 -0.069635
v 0.832941 -0.024759 0.005596
v 0.912916 -0.030835 -0.070460
v 0.911133 -0.029562 0.003437
v 0.981249 -0.020411 -0.070459
v 0.971571 -0.023106 -0.002289
v 0.605720 -0.021665 -0.160766
v 0.672807 -0.028729 -0.160641
v 0.752129 -0.024201 -0.160694
v 0.833217 -0.026651 -0.160664
v 0.914296 -0.026584 -0.160668
v 0.981893 -0.019242 -0.160719
v 0.604965 -0.020986 -0.252091
v 0.673063 -0.032767 -0.251995
v 0.752157 -0.027455 -0.252019
v 0.833228 -0.027180 -0.252015
v 0.914300 -0.027626 -0.252016
v 0.981887 -0.020496 -0.252022
v 0.603407 -0.018210 -0.343401
v 0.672247 -0.035588 -0.343301
v 0.752139 -0.029293 -0.343478
v 0.833191 -0.029520 -0.343356
v 0.914306 -0.029025 -0.343349
v 0.981889 -0.021728 -0.343365
v 0.604096 -0.022062 -0.434648
v 0.672207 -0.037644 -0.434583
v 0.752298 -0.028989 -0.434709
v 0.833231 -0.028532 -0.434694
v 0.914220 -0.027868 -0.434711
v 0.981899 -0.022120 -0.434716
v 0.604243 -0.028068 -0.525842
v 0.671622 -0.033127 -0.525867
v 0.752168 -0.027922 -0.526038
v 0.833183 -0.031874 -0.526066
v 0.914299 -0.025496 -0.526060
v 0.981851 -0.019878 -0.526071
v 0.604268 -0.026774 -0.617061
v 0.671726 -0.032771 -0.617137
v 0.752073 -0.027933 -0.617365
v 0.833189 -0.027013 -0.617393
v 0.914280 -0.025106 -0.617427
v 0.981696 -0.020024 -0.617429
v 0.607291 -0.031829 -0.705241
v 0.675079 -0.037820 -0.704780
v 0.753716 -0.030774 -0.707017
v 0.833268 -0.026850 -0.708693
v 0.914304 -0.028736 -0.708797
v 0.981570 -0.019644 -0.708812
v 0.616227 -0.040005 -0.786723
v 0.681658 -0.047190 -0.787575
v 0.759761 -0.040137 -0.791791
v 0.834423 -0.027551 -0.798820
v 0.914295 -0.025115 -0.800115
v 0.982362 -0.019171 -0.800471
v 0.624768 -0.038030 -0.853663
v 0.682549 -0.040637 -0.862950
v 0.761969 -0.040162 -0.865787
v 0.834687 -0.023066 -0.874734
v 0.913118 -0.019934 -0.874823
v 0.974074 -0.017249 -0.865595
v 0.620098 0.020021 -0.002478
v 0.674643 0.030983 0.005373
v 0.671300 0.040737 -0.069570
v 0.604100 0.037897 -0.069520
v 0.752106 0.028710 0.005128
v 0.751987 0.041567 -0.069588
v 0.832986 0.023186 0.004092
v 0.833165 0.037591 -0.070047
v 0.909071 0.016672 0.000058
v 0.912103 0.031106 -0.071203
v 0.971557 0.025666 -0.003037
v 0.980953 0.032864 -0.070810
v 0.671497 0.037644 -0.161022
v 0.605600 0.033065 -0.160660
v 0.751854 0.041788 -0.161208
v 0.833208 0.038720 -0.160692
v 0.914298 0.039078 -0.160629
v 0.981878 0.035332 -0.160700
v 0.671033 0.034586 -0.252022
v 0.607263 0.030690 -0.252006
v 0.752138 0.037879 -0.252008
v 0.833252 0.037956 -0.252081
v 0.914309 0.037934 -0.252010
v 0.981873 0.034150 -0.252086
v 0.671146 0.031954 -0.343298
v 0.605196 0.034077 -0.343375
v 0.752161 0.035965 -0.343363
v 0.833189 0.036171 -0.343355
v 0.914309 0.036584 -0.343348
v 0.981891 0.032809 -0.343359
v 0.672236 0.028248 -0.434599
v 0.604496 0.032683 -0.434652
v 0.752143 0.036264 -0.434698
v 0.833213 0.036728 -0.434696
v 0.914262 0.038176 -0.434713
v 0.981895 0.032435 -0.434702
v 0.671570 0.033326 -0.525912
v 0.604232 0.026397 -0.525840
v 0.752144 0.037376 -0.526040
v 0.833119 0.032811 -0.526064
v 0.914289 0.040112 -0.526059
v 0.981598 0.031972 -0.526071
v 0.671558 0.033611 -0.617248
v 0.604295 0.027342 -0.617080
v 0.752171 0.036962 -0.617376
v 0.833210 0.038183 -0.617394
v 0.914294 0.040164 -0.617424
v 0.981697 0.034728 -0.617431
v 0.674082 0.030195 -0.705730
v 0.608062 0.020585 -0.704569
v 0.753583 0.034986 -0.707149
v 0.833270 0.039017 -0.708742
v 0.914301 0.037612 -0.708795
v 0.981476 0.035071 -0.708833
v 0.679946 0.021852 -0.789667
v 0.616129 0.015513 -0.787182
v 0.759878 0.024852 -0.791710
v 0.834024 0.038579 -0.799251
v 0.914183 0.040421 -0.799985
v 0.981692 0.033033 -0.800017
v 0.682893 0.015453 -0.861780
v 0.628762 0.005702 -0.850747
v 0.762534 0.013625 -0.865133
v 0.834128 0.032739 -0.875327
v 0.909260 0.032076 -0.870528
v 0.973744 0.031877 -0.864405
v 0.615534 -0.023709 -0.003595
v 0.672263 -0.020005 0.006037
v 0.673589 0.005772 0.022489
v 0.613207 -0.004797 0.006658
v 0.752137 -0.020593 0.006164
v 0.752144 0.005218 0.021238
v 0.832941 -0.024759 0.005596
v 0.833002 0.001404 0.020536
v 0.911133 -0.029562 0.003437
v 0.909735 -0.004383 0.017581
v 0.971571 -0.023106 -0.002289
v 0.977611 0.001437 0.005410
v 0.613207 -0.004797 0.006658
v 0.673589 0.005772 0.022489
v 0.674643 0.030983 0.005373
v 0.620098 0.020021 -0.002478
v 0.752144 0.005218 0.021238
v 0.752106 0.028710 0.005128
v 0.833002 0.001404 0.020536
v 0.832986 0.023186 0.004092
v 0.909735 -0.004383 0.017581
v 0.909071 0.016672 0.000058
v 0.971557 0.025666 -0.003037
v 0.971571 -0.023106 -0.002289
v 0.981249 -0.020411 -0.070459
v 0.994843 0.007168 -0.070382
v 0.977611 0.001437 0.005410
v 0.981893 -0.019242 -0.160719
v 0.995381 0.008137 -0.160691
v 0.981887 -0.020496 -0.252022
v 0.995351 0.007314 -0.252076
v 0.981889 -0.021728 -0.343365
v 0.995392 0.005965 -0.343377
v 0.981899 -0.022120 -0.434716
v 0.995393 0.005446 -0.434704
v 0.981851 -0.019878 -0.526071
v 0.995390 0.007115 -0.526066
v 0.981696 -0.020024 -0.617429
v 0.995263 0.008259 -0.617432
v 0.981570 -0.019644 -0.708812
v 0.995345 0.009722 -0.708797
v 0.982362 -0.019171 -0.800471
v 0.995669 0.008977 -0.800253
v 0.974074 -0.017249 -0.865595
v 0.979844 0.009063 -0.871647
v 0.980953 0.032864 -0.070810
v 0.971557 0.025666 -0.003037
v 0.981878 0.035332 -0.160700
v 0.981873 0.034150 -0.252086
v 0.981891 0.032809 -0.343359
v 0.981895 0.032435 -0.434702
v 0.981598 0.031972 -0.526071
v 0.981697 0.034728 -0.617431
v 0.981476 0.035071 -0.708833
v 0.981692 0.033033 -0.800017
v 0.973744 0.031877 -0.864405
v 0.974074 -0.017249 -0.865595
v 0.913118 -0.019934 -0.874823
v 0.911211 0.006132 -0.887911
v 0.979844 0.009063 -0.871647
v 0.834687 -0.023066 -0.874734
v 0.834440 0.004301 -0.890249
v 0.761969 -0.040162 -0.865787
v 0.761816 -0.012496 -0.881070
v 0.682549 -0.040637 -0.862950
v 0.682582 -0.013355 -0.877690
v 0.624768 -0.038030 -0.853663
v 0.619356 -0.015032 -0.860297
v 0.909260 0.032076 -0.870528
v 0.973744 0.031877 -0.864405
v 0.834128 0.032739 -0.875327
v 0.762534 0.013625 -0.865133
v 0.682893 0.015453 -0.861780
v 0.628762 0.005702 -0.850747
v 0.624768 -0.038030 -0.853663
v 0.616227 -0.040005 -0.786723
v 0.603993 -0.012386 -0.786175
v 0.619356 -0.015032 -0.860297
v 0.607291 -0.031829 -0.705241
v 0.594130 -0.004957 -0.704851
v 0.604268 -0.026774 -0.617061
v 0.590519 0.002540 -0.617205
v 0.604243 -0.028068 -0.525842
v 0.590788 -0.001562 -0.525801
v 0.604096 -0.022062 -0.434648
v 0.591081 0.005536 -0.434606
v 0.603407 -0.018210 -0.343401
v 0.589911 0.009511 -0.343405
v 0.604965 -0.020986 -0.252091
v 0.591918 0.006263 -0.252205
v 0.605720 -0.021665 -0.160766
v 0.592374 0.006012 -0.160675
v 0.605424 -0.020839 -0.070363
v 0.592292 0.006533 -0.070522
v 0.615534 -0.023709 -0.003595
v 0.613207 -0.004797 0.006658
v 0.616129 0.015513 -0.787182
v 0.628762 0.005702 -0.850747
v 0.608062 0.020585 -0.704569
v 0.604295 0.027342 -0.617080
v 0.604232 0.026397 -0.525840
v 0.604496 0.032683 -0.434652
v 0.605196 0.034077 -0.343375
v 0.607263 0.030690 -0.252006
v 0.605600 0.033065 -0.160660
v 0.604100 0.037897 -0.069520
v 0.620098 0.020021 -0.002478
v 0.117249 -0.024432 0.958102
v 0.107719 -0.028338 0.907862
v 0.184909 -0.028750 0.913420
v 0.184787 -0.021990 0.972317
v 0.278332 -0.029876 0.919072
v 0.278138 -0.019424 0.977714
v 0.374635 -0.024948 0.919066
v 0.374669 -0.018924 0.977732
v 0.469513 -0.028777 0.917763
v 0.469115 -0.024298 0.976076
v 0.547078 -0.030188 0.915145
v 0.538081 -0.028786 0.967198
v 0.102438 -0.020516 0.846707
v 0.181754 -0.026842 0.847948
v 0.278024 -0.028185 0.848622
v 0.374614 -0.027267 0.848671
v 0.471173 -0.026373 0.848668
v 0.551473 -0.019232 0.848611
v 0.101258 -0.019842 0.778328
v 0.181708 -0.022571 0.778246
v 0.278425 -0.037575 0.778284
v 0.374650 -0.027967 0.778291
v 0.471112 -0.029081 0.778187
v 0.551537 -0.022097 0.778289
v 0.101262 -0.022669 0.707684
v 0.181672 -0.023280 0.707932
v 0.278038 -0.033017 0.707837
v 0.374596 -0.027005 0.707900
v 0.471118 -0.027313 0.707871
v 0.551604 -0.020552 0.707920
v 0.101249 -0.019221 0.637556
v 0.181578 -0.024584 0.637567
v 0.277826 -0.034172 0.637435
v 0.374605 -0.027646 0.637462
v 0.471083 -0.026208 0.637540
v 0.551553 -0.019655 0.637469
v 0.101146 -0.018791 0.566839
v 0.181610 -0.028486 0.567147
v 0.278128 -0.025528 0.567155
v 0.374497 -0.024763 0.567157
v 0.471072 -0.026340 0.567160
v 0.551422 -0.018850 0.567231
v 0.100959 -0.019502 0.496829
v 0.181608 -0.027892 0.496783
v 0.278131 -0.025225 0.496733
v 0.374605 -0.027048 0.496775
v 0.471128 -0.025495 0.496794
v 0.551338 -0.020015 0.496961
v 0.100626 -0.021094 0.426542
v 0.181605 -0.026710 0.426397
v 0.278132 -0.024704 0.426439
v 0.374595 -0.027025 0.426417
v 0.471106 -0.025697 0.426442
v 0.551134 -0.023179 0.426731
v 0.103025 -0.021825 0.358232
v 0.181715 -0.026697 0.356229
v 0.278091 -0.024786 0.356164
v 0.374652 -0.026262 0.356044
v 0.470196 -0.033456 0.357941
v 0.549534 -0.032308 0.359082
v 0.114221 -0.024619 0.305131
v 0.182133 -0.021927 0.297856
v 0.277930 -0.021661 0.297582
v 0.374404 -0.024005 0.297794
v 0.470472 -0.030168 0.299118
v 0.541121 -0.031309 0.306611
v 0.118704 0.023183 0.955563
v 0.185753 0.031719 0.970467
v 0.186638 0.031058 0.910071
v 0.107382 0.026838 0.908414
v 0.278112 0.035107 0.977706
v 0.278294 0.036219 0.919063
v 0.374668 0.035835 0.977734
v 0.374656 0.040626 0.919072
v 0.468102 0.027803 0.975263
v 0.469034 0.035419 0.917357
v 0.536310 0.015646 0.965251
v 0.546566 0.023022 0.914442
v 0.182070 0.039704 0.847814
v 0.102216 0.034096 0.847109
v 0.278089 0.036488 0.848649
v 0.374574 0.038682 0.848700
v 0.471118 0.039239 0.848669
v 0.551481 0.035701 0.848625
v 0.181591 0.043144 0.778295
v 0.101301 0.032484 0.778142
v 0.278161 0.031705 0.778247
v 0.374632 0.037832 0.778286
v 0.471120 0.036243 0.778165
v 0.551533 0.032502 0.778286
v 0.181691 0.041932 0.707933
v 0.101229 0.031328 0.707646
v 0.278061 0.032318 0.707835
v 0.374577 0.038674 0.707888
v 0.471106 0.038368 0.707890
v 0.551564 0.034024 0.707911
v 0.181669 0.041090 0.637573
v 0.101188 0.034928 0.637585
v 0.278054 0.032279 0.637388
v 0.374659 0.038007 0.637449
v 0.471123 0.039105 0.637502
v 0.551561 0.034824 0.637552
v 0.181604 0.037100 0.567148
v 0.101017 0.034716 0.566330
v 0.278098 0.039645 0.567149
v 0.374614 0.038416 0.567144
v 0.471048 0.038807 0.567195
v 0.551437 0.036827 0.567159
v 0.181600 0.037852 0.496785
v 0.101002 0.034652 0.497013
v 0.278085 0.040182 0.496776
v 0.374557 0.038596 0.496778
v 0.471072 0.039552 0.496821
v 0.551371 0.035228 0.496900
v 0.181700 0.038329 0.426173
v 0.100249 0.031426 0.426616
v 0.278135 0.040695 0.426388
v 0.374591 0.038278 0.426410
v 0.471103 0.039535 0.426413
v 0.551234 0.032505 0.426598
v 0.181830 0.037812 0.356312
v 0.103067 0.026236 0.358607
v 0.278044 0.039952 0.356091
v 0.374607 0.038788 0.356017
v 0.470039 0.031550 0.358185
v 0.549114 0.019527 0.360168
v 0.182300 0.031949 0.297965
v 0.118359 0.017310 0.304472
v 0.278074 0.032849 0.297453
v 0.374515 0.031758 0.297678
v 0.470009 0.021519 0.299998
v 0.539045 0.008248 0.309312
v 0.117249 -0.024432 0.958102
v 0.184787 -0.021990 0.972317
v 0.185217 0.005036 0.983303
v 0.110044 -0.000653 0.962504
v 0.278138 -0.019424 0.977714
v 0.278139 0.008337 0.989434
v 0.374669 -0.018924 0.977732
v 0.374680 0.008907 0.989461
v 0.469115 -0.024298 0.976076
v 0.469109 0.002078 0.987790
v 0.538081 -0.028786 0.967198
v 0.544930 -0.008148 0.970959
v 0.185753 0.031719 0.970467
v 0.118704 0.023183 0.955563
v 0.278112 0.035107 0.977706
v 0.374668 0.035835 0.977734
v 0.468102 0.027803 0.975263
v 0.536310 0.015646 0.965251
v 0.538081 -0.028786 0.967198
v 0.547078 -0.030188 0.915145
v 0.562389 -0.006606 0.912904
v 0.544930 -0.008148 0.970959
v 0.551473 -0.019232 0.848611
v 0.567557 0.006507 0.848641
v 0.551537 -0.022097 0.778289
v 0.567601 0.005683 0.778287
v 0.551604 -0.020552 0.707920
v 0.567739 0.006095 0.707900
v 0.551553 -0.019655 0.637469
v 0.567580 0.007695 0.637568
v 0.551422 -0.018850 0.567231
v 0.567512 0.008108 0.567237
v 0.551338 -0.020015 0.496961
v 0.567155 0.004931 0.497079
v 0.551134 -0.023179 0.426731
v 0.566868 0.003562 0.426900
v 0.549534 -0.032308 0.359082
v 0.565712 -0.003902 0.359119
v 0.541121 -0.031309 0.306611
v 0.547908 -0.013462 0.301926
v 0.546566 0.023022 0.914442
v 0.536310 0.015646 0.965251
v 0.551481 0.035701 0.848625
v 0.551533 0.032502 0.778286
v 0.551564 0.034024 0.707911
v 0.551561 0.034824 0.637552
v 0.551437 0.036827 0.567159
v 0.551371 0.035228 0.496900
v 0.551234 0.032505 0.426598
v 0.549114 0.019527 0.360168
v 0.539045 0.008248 0.309312
v 0.541121 -0.031309 0.306611
v 0.470472 -0.030168 0.299118
v 0.470146 -0.000635 0.287609
v 0.547908 -0.013462 0.301926
v 0.374404 -0.024005 0.297794
v 0.374392 0.003220 0.286025
v 0.277930 -0.021661 0.297582
v 0.278016 0.004997 0.285886
v 0.182133 -0.021927 0.297856
v 0.182236 0.005229 0.285986
v 0.114221 -0.024619 0.305131
v 0.109118 -0.004365 0.297994
v 0.470009 0.021519 0.299998
v 0.539045 0.008248 0.309312
v 0.374515 0.031758 0.297678
v 0.278074 0.032849 0.297453
v 0.182300 0.031949 0.297965
v 0.118359 0.017310 0.304472
v 0.114221 -0.024619 0.305131
v 0.103025 -0.021825 0.358232
v 0.086671 0.002903 0.358111
v 0.109118 -0.004365 0.297994
v 0.100626 -0.021094 0.426542
v 0.083957 0.003393 0.426595
v 0.100959 -0.019502 0.496829
v 0.084778 0.007208 0.496940
v 0.101146 -0.018791 0.566839
v 0.084363 0.003271 0.564478
v 0.101249 -0.019221 0.637556
v 0.084970 0.004915 0.637872
v 0.101262 -0.022669 0.707684
v 0.085075 0.006654 0.707929
v 0.101258 -0.019842 0.778328
v 0.085200 0.007636 0.778298
v 0.102438 -0.020516 0.846707
v 0.086412 0.007054 0.846681
v 0.107719 -0.028338 0.907862
v 0.091909 -0.001492 0.907425
v 0.117249 -0.024432 0.958102
v 0.110044 -0.000653 0.962504
v 0.103067 0.026236 0.358607
v 0.118359 0.017310 0.304472
v 0.100249 0.031426 0.426616
v 0.101002 0.034652 0.497013
v 0.101017 0.034716 0.566330
v 0.101188 0.034928 0.637585
v 0.101229 0.031328 0.707646
v 0.101301 0.032484 0.778142
v 0.102216 0.034096 0.847109
v 0.107382 0.026838 0.908414
v 0.118704 0.023183 0.955563
v -0.315005 -0.020755 -0.309923
v -0.325242 -0.018090 -0.364581
v -0.257463 -0.023064 -0.364196
v -0.257607 -0.015775 -0.305600
v -0.176779 -0.024717 -0.364123
v -0.176840 -0.018091 -0.304962
v -0.095640 -0.022278 -0.364224
v -0.095620 -0.009605 -0.305549
v -0.015219 -0.027293 -0.365699
v -0.015795 -0.027012 -0.305726
v 0.051881 -0.024551 -0.367790
v 0.043040 -0.024477 -0.313972
v -0.324389 -0.012272 -0.434485
v -0.257840 -0.004301 -0.434543
v -0.176987 -0.020928 -0.434373
v -0.095909 -0.022184 -0.434642
v -0.015057 -0.027934 -0.434471
v 0.052932 -0.019784 -0.434573
v -0.325409 -0.007599 -0.505000
v -0.258166 0.001669 -0.505029
v -0.176875 -0.010182 -0.504951
v -0.095825 -0.022280 -0.505018
v -0.014720 -0.030764 -0.504666
v 0.052995 -0.020687 -0.505077
v -0.325372 -0.005505 -0.575061
v -0.255861 -0.014685 -0.575190
v -0.176942 -0.013949 -0.575395
v -0.095741 -0.021211 -0.575365
v -0.014624 -0.028543 -0.575143
v 0.052715 -0.022481 -0.575475
v -0.325504 -0.013846 -0.645675
v -0.257613 -0.004464 -0.645735
v -0.176962 -0.010568 -0.645748
v -0.095961 -0.012669 -0.645541
v -0.014687 -0.027012 -0.645610
v 0.052922 -0.020879 -0.645862
v -0.324488 -0.016668 -0.716045
v -0.258072 -0.005247 -0.716108
v -0.176945 -0.004821 -0.716177
v -0.095838 -0.015141 -0.715976
v -0.014677 -0.024390 -0.715961
v 0.053082 -0.020224 -0.716218
v -0.325062 -0.014621 -0.786471
v -0.257728 -0.016601 -0.786482
v -0.176945 -0.010347 -0.786479
v -0.095788 -0.017762 -0.786341
v -0.014642 -0.021779 -0.786448
v 0.053004 -0.019907 -0.786531
v -0.325070 -0.011177 -0.856857
v -0.257881 -0.022551 -0.856891
v -0.176882 -0.008151 -0.856737
v -0.095625 -0.023079 -0.856749
v -0.014558 -0.024132 -0.856788
v 0.052916 -0.018484 -0.856926
v -0.323441 -0.025736 -0.923588
v -0.256821 -0.027351 -0.925199
v -0.176709 -0.028660 -0.925956
v -0.095593 -0.027646 -0.926411
v -0.016477 -0.028501 -0.925378
v 0.049302 -0.028592 -0.923467
v -0.315324 -0.027489 -0.974013
v -0.255339 -0.027278 -0.980905
v -0.176699 -0.028734 -0.981940
v -0.095682 -0.025715 -0.982669
v -0.019318 -0.033274 -0.981491
v 0.038608 -0.037512 -0.972029
v -0.312354 0.019674 -0.308724
v -0.257019 0.036312 -0.306096
v -0.257838 0.042440 -0.364252
v -0.324686 0.034868 -0.364975
v -0.177018 0.031100 -0.303607
v -0.176786 0.042066 -0.364162
v -0.095630 0.039174 -0.305512
v -0.095642 0.042700 -0.364267
v -0.017050 0.019697 -0.305257
v -0.015123 0.037478 -0.365708
v 0.040620 0.014880 -0.313370
v 0.051622 0.029021 -0.368492
v -0.257879 0.046865 -0.434588
v -0.325190 0.037464 -0.434608
v -0.176818 0.038584 -0.434384
v -0.095683 0.042071 -0.434626
v -0.014910 0.037638 -0.434382
v 0.053073 0.034621 -0.434588
v -0.257957 0.047190 -0.505041
v -0.323082 0.033213 -0.504802
v -0.176737 0.043484 -0.504927
v -0.095723 0.042525 -0.504998
v -0.014663 0.033838 -0.504623
v 0.053118 0.033364 -0.505066
v -0.257863 0.043407 -0.575401
v -0.322403 0.032301 -0.574846
v -0.176832 0.043323 -0.575401
v -0.095784 0.041835 -0.575393
v -0.014755 0.036360 -0.575128
v 0.053257 0.031750 -0.575459
v -0.257885 0.044098 -0.645780
v -0.323395 0.029956 -0.645385
v -0.176792 0.043566 -0.645753
v -0.095748 0.038996 -0.645535
v -0.014687 0.037475 -0.645577
v 0.053110 0.033151 -0.645863
v -0.257845 0.042199 -0.716113
v -0.323420 0.031781 -0.715939
v -0.176824 0.045823 -0.716162
v -0.095665 0.040115 -0.715958
v -0.014565 0.037713 -0.715963
v 0.053100 0.034296 -0.716209
v -0.257752 0.042316 -0.786508
v -0.323735 0.030891 -0.786341
v -0.176716 0.042949 -0.786472
v -0.095602 0.039632 -0.786318
v -0.014578 0.040114 -0.786427
v 0.053104 0.034260 -0.786561
v -0.257817 0.041763 -0.856883
v -0.323997 0.033903 -0.856760
v -0.176806 0.041205 -0.856731
v -0.095633 0.040446 -0.856742
v -0.014555 0.040100 -0.856787
v 0.052872 0.036368 -0.856931
v -0.256683 0.037725 -0.924970
v -0.323445 0.028846 -0.923676
v -0.176654 0.034973 -0.925515
v -0.095602 0.036743 -0.926010
v -0.016867 0.034147 -0.925001
v 0.049336 0.022324 -0.922417
v -0.254452 0.023899 -0.979090
v -0.314606 0.018447 -0.971895
v -0.176707 0.021161 -0.980017
v -0.095653 0.024151 -0.980711
v -0.020920 0.015436 -0.979976
v 0.039807 0.000745 -0.967483
v -0.315005 -0.020755 -0.309923
v -0.257607 -0.015775 -0.305600
v -0.258290 0.010884 -0.292832
v -0.317795 -0.002691 -0.300674
v -0.176840 -0.018091 -0.304962
v -0.177472 0.003671 -0.291828
v -0.095620 -0.009605 -0.305549
v -0.095623 0.016185 -0.293743
v -0.015795 -0.027012 -0.305726
v -0.017441 -0.006300 -0.291508
v 0.043040 -0.024477 -0.313972
v 0.047792 -0.007761 -0.306740
v -0.257019 0.036312 -0.306096
v -0.312354 0.019674 -0.308724
v -0.177018 0.031100 -0.303607
v -0.095630 0.039174 -0.305512
v -0.017050 0.019697 -0.305257
v 0.040620 0.014880 -0.313370
v 0.043040 -0.024477 -0.313972
v 0.051881 -0.024551 -0.367790
v 0.064760 -0.001443 -0.369312
v 0.047792 -0.007761 -0.306740
v 0.052932 -0.019784 -0.434573
v 0.066540 0.008199 -0.434669
v 0.052995 -0.020687 -0.505077
v 0.066586 0.005300 -0.505097
v 0.052715 -0.022481 -0.575475
v 0.066671 0.003552 -0.575468
v 0.052922 -0.020879 -0.645862
v 0.066538 0.006273 -0.645855
v 0.053082 -0.020224 -0.716218
v 0.066533 0.007233 -0.716214
v 0.053004 -0.019907 -0.786531
v 0.066525 0.007903 -0.786562
v 0.052916 -0.018484 -0.856926
v 0.066427 0.008932 -0.856939
v 0.049302 -0.028592 -0.923467
v 0.065140 -0.003440 -0.922362
v 0.038608 -0.037512 -0.972029
v 0.048644 -0.021171 -0.974030
v 0.051622 0.029021 -0.368492
v 0.040620 0.014880 -0.313370
v 0.053073 0.034621 -0.434588
v 0.053118 0.033364 -0.505066
v 0.053257 0.031750 -0.575459
v 0.053110 0.033151 -0.645863
v 0.053100 0.034296 -0.716209
v 0.053104 0.034260 -0.786561
v 0.052872 0.036368 -0.856931
v 0.049336 0.022324 -0.922417
v 0.039807 0.000745 -0.967483
v 0.038608 -0.037512 -0.972029
v -0.019318 -0.033274 -0.981491
v -0.020233 -0.010149 -0.992275
v 0.048644 -0.021171 -0.974030
v -0.095682 -0.025715 -0.982669
v -0.095662 -0.002380 -0.993091
v -0.176699 -0.028734 -0.981940
v -0.176710 -0.004765 -0.992120
v -0.255339 -0.027278 -0.980905
v -0.254690 -0.002472 -0.991279
v -0.315324 -0.027489 -0.974013
v -0.321285 -0.005904 -0.978438
v -0.020920 0.015436 -0.979976
v 0.039807 0.000745 -0.967483
v -0.095653 0.024151 -0.980711
v -0.176707 0.021161 -0.980017
v -0.254452 0.023899 -0.979090
v -0.314606 0.018447 -0.971895
v -0.315324 -0.027489 -0.974013
v -0.323441 -0.025736 -0.923588
v -0.336542 0.000617 -0.923260
v -0.321285 -0.005904 -0.978438
v -0.325070 -0.011177 -0.856857
v -0.338857 0.008641 -0.856888
v -0.325062 -0.014621 -0.786471
v -0.339133 0.006987 -0.786533
v -0.324488 -0.016668 -0.716045
v -0.338400 0.007215 -0.716049
v -0.325504 -0.013846 -0.645675
v -0.338951 0.007668 -0.645572
v -0.325372 -0.005505 -0.575061
v -0.339098 0.012017 -0.574286
v -0.325409 -0.007599 -0.505000
v -0.339039 0.016665 -0.504980
v -0.324389 -0.012272 -0.434485
v -0.337507 0.011649 -0.434467
v -0.325242 -0.018090 -0.364581
v -0.338671 0.009164 -0.364947
v -0.315005 -0.020755 -0.309923
v -0.317795 -0.002691 -0.300674
v -0.323445 0.028846 -0.923676
v -0.314606 0.018447 -0.971895
v -0.323997 0.033903 -0.856760
v -0.323735 0.030891 -0.786341
v -0.323420 0.031781 -0.715939
v -0.323395 0.029956 -0.645385
v -0.322403 0.032301 -0.574846
v -0.323082 0.033213 -0.504802
v -0.325190 0.037464 -0.434608
v -0.324686 0.034868 -0.364975
v -0.312354 0.019674 -0.308724
v -0.317804 -0.017066 0.588805
v -0.324858 -0.018506 0.522126
v -0.257314 -0.023616 0.522124
v -0.257269 -0.020422 0.596241
v -0.176198 -0.025315 0.522070
v -0.176208 -0.022472 0.596016
v -0.095539 -0.026508 0.522086
v -0.095786 -0.027223 0.598942
v -0.015364 -0.028810 0.522183
v -0.014949 -0.026908 0.594632
v 0.052769 -0.022306 0.521302
v 0.045919 -0.023181 0.585409
v -0.324805 -0.017490 0.433514
v -0.257300 -0.026050 0.433429
v -0.176386 -0.028231 0.433299
v -0.095407 -0.029133 0.433335
v -0.015406 -0.028452 0.433771
v 0.052209 -0.021611 0.433759
v -0.325300 -0.016710 0.344834
v -0.257143 -0.021343 0.344970
v -0.176334 -0.013609 0.345106
v -0.095448 -0.010408 0.345044
v -0.015314 -0.022786 0.345071
v 0.053075 -0.021622 0.346274
v -0.325069 -0.016336 0.256228
v -0.257260 -0.010512 0.256275
v -0.176184 -0.011724 0.256299
v -0.095833 -0.003504 0.256339
v -0.016019 -0.015897 0.256756
v 0.060110 -0.009795 0.249853
v -0.326581 -0.014012 0.168504
v -0.257315 -0.015630 0.167697
v -0.176104 -0.006526 0.167658
v -0.095129 -0.003155 0.167598
v -0.014974 -0.012822 0.167889
v 0.054058 -0.018432 0.167014
v -0.323902 -0.017124 0.085214
v -0.257265 -0.019904 0.079192
v -0.176177 0.016397 0.079035
v -0.095135 -0.000622 0.078968
v -0.014623 -0.012844 0.079222
v 0.060768 -0.021546 0.073514
v -0.324277 -0.015982 0.000009
v -0.257260 -0.019087 -0.009492
v -0.176666 0.015922 -0.009496
v -0.095140 0.000313 -0.009615
v -0.014844 -0.009789 -0.009442
v 0.052706 -0.004531 -0.009434
v -0.324894 -0.015243 -0.098286
v -0.260244 -0.007115 -0.098196
v -0.178752 -0.000349 -0.098299
v -0.095485 -0.005259 -0.098319
v -0.014312 -0.005670 -0.098154
v 0.053250 -0.007281 -0.098205
v -0.324420 -0.017008 -0.186287
v -0.258309 0.002729 -0.186856
v -0.176781 -0.018302 -0.186671
v -0.095262 -0.003846 -0.186838
v -0.014410 -0.009571 -0.186077
v 0.049532 -0.021662 -0.183426
v -0.308913 -0.022781 -0.240264
v -0.254838 -0.017306 -0.256895
v -0.176518 -0.021545 -0.258710
v -0.095331 -0.002057 -0.260484
v -0.017265 -0.019002 -0.253376
v 0.040105 -0.030783 -0.241350
v -0.317071 0.031357 0.589594
v -0.257122 0.031622 0.596604
v -0.257385 0.042809 0.522179
v -0.325888 0.037976 0.522100
v -0.175824 0.028299 0.598571
v -0.176213 0.039878 0.521972
v -0.094482 0.022768 0.604180
v -0.095246 0.040818 0.522087
v -0.015719 0.022062 0.593210
v -0.015680 0.035536 0.521965
v 0.044907 0.017255 0.583043
v 0.052519 0.030831 0.520810
v -0.257248 0.038827 0.433424
v -0.326104 0.040405 0.433323
v -0.176509 0.036869 0.433319
v -0.095378 0.035337 0.433307
v -0.014969 0.039242 0.433660
v 0.052241 0.031652 0.433877
v -0.257164 0.039997 0.344981
v -0.325861 0.038336 0.344880
v -0.176273 0.040197 0.344915
v -0.095564 0.038670 0.344990
v -0.014965 0.038344 0.345025
v 0.053669 0.022824 0.346436
v -0.257368 0.038812 0.256231
v -0.325337 0.037298 0.256208
v -0.176175 0.040885 0.256298
v -0.095691 0.039762 0.256379
v -0.015729 0.036563 0.256759
v 0.061613 0.028518 0.251651
v -0.257333 0.041951 0.167747
v -0.328232 0.035349 0.169703
v -0.176103 0.041992 0.167685
v -0.095135 0.044237 0.167619
v -0.014563 0.040418 0.167842
v 0.056656 0.028723 0.167103
v -0.257261 0.041395 0.079105
v -0.328751 0.036611 0.086536
v -0.176190 0.044210 0.079041
v -0.095146 0.044360 0.078941
v -0.013917 0.040459 0.078741
v 0.062392 0.026815 0.072324
v -0.258320 0.042720 -0.009585
v -0.324191 0.037389 0.001277
v -0.176269 0.046135 -0.009627
v -0.095067 0.044576 -0.009620
v -0.014646 0.041192 -0.009509
v 0.052574 0.034882 -0.009519
v -0.257320 0.044449 -0.098302
v -0.325784 0.040498 -0.098340
v -0.176190 0.045707 -0.098259
v -0.095050 0.044555 -0.098246
v -0.014291 0.041476 -0.098182
v 0.053197 0.034729 -0.098163
v -0.257344 0.045052 -0.186836
v -0.328075 0.040033 -0.186234
v -0.176234 0.043350 -0.186712
v -0.095077 0.045093 -0.187032
v -0.014520 0.040800 -0.185869
v 0.049547 0.024014 -0.183848
v -0.254919 0.032610 -0.256573
v -0.310996 0.023329 -0.239366
v -0.176817 0.026416 -0.256681
v -0.095149 0.039399 -0.260364
v -0.017947 0.019521 -0.253486
v 0.035112 0.003069 -0.239459
v -0.317804 -0.017066 0.588805
v -0.257269 -0.020422 0.596241
v -0.257017 0.001958 0.611726
v -0.323162 0.005311 0.597112
v -0.176208 -0.022472 0.596016
v -0.175909 0.000086 0.612252
v -0.095786 -0.027223 0.598942
v -0.094569 -0.005806 0.618879
v -0.014949 -0.026908 0.594632
v -0.014984 -0.001822 0.609589
v 0.045919 -0.023181 0.585409
v 0.052329 -0.002211 0.592724
v -0.257017 0.001958 0.611726
v -0.257122 0.031622 0.596604
v -0.317071 0.031357 0.589594
v -0.175909 0.000086 0.612252
v -0.175824 0.028299 0.598571
v -0.094569 -0.005806 0.618879
v -0.094482 0.022768 0.604180
v -0.014984 -0.001822 0.609589
v -0.015719 0.022062 0.593210
v 0.052329 -0.002211 0.592724
v 0.044907 0.017255 0.583043
v 0.045919 -0.023181 0.585409
v 0.052769 -0.022306 0.521302
v 0.066337 0.004948 0.521036
v 0.052329 -0.002211 0.592724
v 0.052209 -0.021611 0.433759
v 0.065613 0.004160 0.433762
v 0.053075 -0.021622 0.346274
v 0.068893 0.001084 0.347170
v 0.060110 -0.009795 0.249853
v 0.077542 0.004888 0.249126
v 0.054058 -0.018432 0.167014
v 0.070266 0.004383 0.168195
v 0.060768 -0.021546 0.073514
v 0.077913 0.002791 0.070777
v 0.052706 -0.004531 -0.009434
v 0.066402 0.015351 -0.009656
v 0.053250 -0.007281 -0.098205
v 0.066786 0.013434 -0.098196
v 0.049532 -0.021662 -0.183426
v 0.063329 -0.000966 -0.184119
v 0.040105 -0.030783 -0.241350
v 0.044370 -0.013284 -0.247895
v 0.052329 -0.002211 0.592724
v 0.066337 0.004948 0.521036
v 0.052519 0.030831 0.520810
v 0.044907 0.017255 0.583043
v 0.065613 0.004160 0.433762
v 0.052241 0.031652 0.433877
v 0.068893 0.001084 0.347170
v 0.053669 0.022824 0.346436
v 0.077542 0.004888 0.249126
v 0.061613 0.028518 0.251651
v 0.070266 0.004383 0.168195
v 0.056656 0.028723 0.167103
v 0.077913 0.002791 0.070777
v 0.062392 0.026815 0.072324
v 0.066402 0.015351 -0.009656
v 0.052574 0.034882 -0.009519
v 0.066786 0.013434 -0.098196
v 0.053197 0.034729 -0.098163
v 0.063329 -0.000966 -0.184119
v 0.049547 0.024014 -0.183848
v 0.044370 -0.013284 -0.247895
v 0.035112 0.003069 -0.239459
v 0.040105 -0.030783 -0.241350
v -0.017265 -0.019002 -0.253376
v -0.017629 -0.003232 -0.269481
v 0.044370 -0.013284 -0.247895
v -0.095331 -0.002057 -0.260484
v -0.095150 0.018375 -0.275193
v -0.176518 -0.021545 -0.258710
v -0.177448 0.003240 -0.272579
v -0.254838 -0.017306 -0.256895
v -0.256965 0.007969 -0.271668
v -0.308913 -0.022781 -0.240264
v -0.315905 -0.000244 -0.245312
v 0.044370 -0.013284 -0.247895
v -0.017629 -0.003232 -0.269481
v -0.017947 0.019521 -0.253486
v 0.035112 0.003069 -0.239459
v -0.095149 0.039399 -0.260364
v -0.176817 0.026416 -0.256681
v -0.254919 0.032610 -0.256573
v -0.310996 0.023329 -0.239366
v -0.308913 -0.022781 -0.240264
v -0.324420 -0.017008 -0.186287
v -0.338808 0.009732 -0.186244
v -0.315905 -0.000244 -0.245312
v -0.324894 -0.015243 -0.098286
v -0.343304 0.012476 -0.098298
v -0.324277 -0.015982 0.000009
v -0.338807 0.010723 0.002752
v -0.323902 -0.017124 0.085214
v -0.339414 0.007096 0.088974
v -0.326581 -0.014012 0.168504
v -0.342915 0.005519 0.171417
v -0.325069 -0.016336 0.256228
v -0.338573 0.009092 0.256281
v -0.325300 -0.016710 0.344834
v -0.338803 0.009503 0.344874
v -0.324805 -0.017490 0.433514
v -0.338533 0.008087 0.433534
v -0.324858 -0.018506 0.522126
v -0.338345 0.008953 0.522119
v -0.317804 -0.017066 0.588805
v -0.323162 0.005311 0.597112
v -0.328075 0.040033 -0.186234
v -0.310996 0.023329 -0.239366
v -0.325784 0.040498 -0.098340
v -0.324191 0.037389 0.001277
v -0.328751 0.036611 0.086536
v -0.328232 0.035349 0.169703
v -0.325337 0.037298 0.256208
v -0.325861 0.038336 0.344880
v -0.326104 0.040405 0.433323
v -0.325888 0.037976 0.522100
v -0.317071 0.031357 0.589594
v -0.738812 -0.029155 0.974645
v -0.748533 -0.030076 0.910237
v -0.681841 -0.032982 0.910337
v -0.681870 -0.025748 0.985033
v -0.602132 -0.024406 0.913019
v -0.602145 -0.024396 0.983678
v -0.521141 -0.029109 0.910171
v -0.520830 -0.028831 0.983174
v -0.440049 -0.027715 0.911776
v -0.439989 -0.023694 0.985930
v -0.371388 -0.025282 0.910072
v -0.377611 -0.021771 0.976829
v -0.750558 -0.019821 0.825052
v -0.683216 -0.023384 0.824998
v -0.602148 -0.027138 0.824493
v -0.521008 -0.024875 0.825048
v -0.439900 -0.025722 0.825054
v -0.372335 -0.020144 0.825061
v -0.750219 -0.022267 0.736452
v -0.683062 -0.024126 0.736444
v -0.602113 -0.029422 0.736455
v -0.521009 -0.026732 0.736423
v -0.439787 -0.030234 0.736419
v -0.372306 -0.020883 0.736426
v -0.750375 -0.021125 0.647827
v -0.683212 -0.023716 0.647829
v -0.602106 -0.031528 0.647836
v -0.521062 -0.026133 0.647828
v -0.439690 -0.026859 0.647818
v -0.370406 -0.024427 0.649097
v -0.749875 -0.022585 0.559200
v -0.683253 -0.024365 0.559210
v -0.602179 -0.024810 0.559270
v -0.521064 -0.026198 0.559200
v -0.439843 -0.025608 0.559203
v -0.372619 -0.019704 0.559239
v -0.750790 -0.017999 0.470525
v -0.683152 -0.028463 0.470594
v -0.602063 -0.025419 0.470557
v -0.521006 -0.026713 0.470585
v -0.439937 -0.025615 0.470590
v -0.373456 -0.024124 0.470635
v -0.750640 -0.019209 0.381941
v -0.683260 -0.025307 0.381950
v -0.602075 -0.025268 0.381946
v -0.521000 -0.028965 0.381964
v -0.439928 -0.025769 0.381926
v -0.372505 -0.021146 0.381956
v -0.750786 -0.019548 0.293317
v -0.682665 -0.026472 0.293332
v -0.602033 -0.025157 0.293254
v -0.520974 -0.027742 0.293297
v -0.439918 -0.025592 0.293284
v -0.372796 -0.022461 0.293367
v -0.749863 -0.021110 0.204678
v -0.683246 -0.026934 0.204670
v -0.602086 -0.025780 0.204677
v -0.521081 -0.025825 0.204688
v -0.439937 -0.024221 0.204753
v -0.373458 -0.021503 0.205526
v -0.741837 -0.019818 0.139351
v -0.682588 -0.019337 0.130824
v -0.602150 -0.022085 0.130716
v -0.521054 -0.019485 0.130801
v -0.442304 -0.021409 0.132898
v -0.385098 -0.023287 0.143304
v -0.733576 0.011287 0.968264
v -0.680578 0.022598 0.983279
v -0.681078 0.033275 0.911783
v -0.747476 0.023225 0.910949
v -0.602142 0.026873 0.981566
v -0.602103 0.041764 0.913384
v -0.520769 0.014462 0.976673
v -0.521026 0.037512 0.910692
v -0.440141 0.021461 0.982771
v -0.439972 0.039773 0.913237
v -0.375708 0.017192 0.971786
v -0.371007 0.029993 0.910585
v -0.683217 0.042108 0.825024
v -0.750183 0.032832 0.825050
v -0.602114 0.039249 0.824988
v -0.521018 0.040505 0.825051
v -0.439801 0.039232 0.825059
v -0.372339 0.034350 0.825066
v -0.683205 0.041986 0.736443
v -0.750133 0.032106 0.736459
v -0.602095 0.035785 0.736446
v -0.521087 0.038578 0.736445
v -0.439776 0.035873 0.736424
v -0.372352 0.033369 0.736521
v -0.683212 0.041645 0.647830
v -0.750329 0.033421 0.647825
v -0.602119 0.033765 0.647854
v -0.521004 0.038819 0.647829
v -0.439835 0.038689 0.647841
v -0.367951 0.026012 0.650677
v -0.683237 0.041246 0.559209
v -0.749198 0.028832 0.559206
v -0.602229 0.040819 0.559283
v -0.521136 0.039188 0.559205
v -0.439627 0.038806 0.559206
v -0.372908 0.034698 0.559266
v -0.683405 0.038467 0.470573
v -0.749518 0.032318 0.470586
v -0.602029 0.039705 0.470579
v -0.521078 0.038646 0.470570
v -0.439832 0.039591 0.470600
v -0.373531 0.029254 0.470680
v -0.683295 0.039332 0.381943
v -0.749252 0.032560 0.381976
v -0.601968 0.039908 0.381950
v -0.521143 0.036684 0.381960
v -0.439917 0.039515 0.381946
v -0.372571 0.032341 0.381861
v -0.683323 0.040118 0.293232
v -0.748780 0.031942 0.293372
v -0.601830 0.040504 0.293162
v -0.520803 0.037558 0.293255
v -0.439885 0.039729 0.293273
v -0.372812 0.031869 0.293355
v -0.683294 0.038063 0.204652
v -0.748501 0.031668 0.204696
v -0.602072 0.039625 0.204677
v -0.520916 0.038836 0.204666
v -0.440242 0.040566 0.204912
v -0.373941 0.030014 0.205637
v -0.683018 0.035400 0.130848
v -0.737937 0.023335 0.141805
v -0.602052 0.032156 0.130780
v -0.520988 0.034398 0.130787
v -0.444139 0.031024 0.134611
v -0.387372 0.020289 0.145307
v -0.738812 -0.029155 0.974645
v -0.681870 -0.025748 0.985033
v -0.681886 0.001689 0.999734
v -0.741456 -0.009062 0.977514
v -0.602145 -0.024396 0.983678
v -0.602086 0.001284 0.997383
v -0.520830 -0.028831 0.983174
v -0.520794 -0.004168 0.996332
v -0.439989 -0.023694 0.985930
v -0.440015 0.001201 1.000000
v -0.377611 -0.021771 0.976829
v -0.369581 -0.002510 0.981459
v -0.680578 0.022598 0.983279
v -0.733576 0.011287 0.968264
v -0.602142 0.026873 0.981566
v -0.520769 0.014462 0.976673
v -0.440141 0.021461 0.982771
v -0.375708 0.017192 0.971786
v -0.377611 -0.021771 0.976829
v -0.371388 -0.025282 0.910072
v -0.356768 -0.001122 0.908268
v -0.369581 -0.002510 0.981459
v -0.372335 -0.020144 0.825061
v -0.358846 0.006944 0.825068
v -0.372306 -0.020883 0.736426
v -0.358805 0.005584 0.736490
v -0.370406 -0.024427 0.649097
v -0.352194 -0.001396 0.651853
v -0.372619 -0.019704 0.559239
v -0.358946 0.009215 0.559216
v -0.373456 -0.024124 0.470635
v -0.359529 0.005698 0.470602
v -0.372505 -0.021146 0.381956
v -0.359086 0.006092 0.381971
v -0.372796 -0.022461 0.293367
v -0.359323 0.005457 0.293239
v -0.373458 -0.021503 0.205526
v -0.360277 0.006876 0.205886
v -0.385098 -0.023287 0.143304
v -0.379493 0.000218 0.136997
v -0.371007 0.029993 0.910585
v -0.375708 0.017192 0.971786
v -0.372339 0.034350 0.825066
v -0.372352 0.033369 0.736521
v -0.367951 0.026012 0.650677
v -0.372908 0.034698 0.559266
v -0.373531 0.029254 0.470680
v -0.372571 0.032341 0.381861
v -0.372812 0.031869 0.293355
v -0.373941 0.030014 0.205637
v -0.387372 0.020289 0.145307
v -0.385098 -0.023287 0.143304
v -0.442304 -0.021409 0.132898
v -0.444065 0.006553 0.119593
v -0.379493 0.000218 0.136997
v -0.521054 -0.019485 0.130801
v -0.521154 0.007712 0.115980
v -0.602150 -0.022085 0.130716
v -0.602032 0.005162 0.115969
v -0.682588 -0.019337 0.130824
v -0.681862 0.007512 0.116487
v -0.741837 -0.019818 0.139351
v -0.745088 0.000323 0.133426
v -0.444065 0.006553 0.119593
v -0.444139 0.031024 0.134611
v -0.387372 0.020289 0.145307
v -0.521154 0.007712 0.115980
v -0.520988 0.034398 0.130787
v -0.602032 0.005162 0.115969
v -0.602052 0.032156 0.130780
v -0.681862 0.007512 0.116487
v -0.683018 0.035400 0.130848
v -0.745088 0.000323 0.133426
v -0.737937 0.023335 0.141805
v -0.741837 -0.019818 0.139351
v -0.749863 -0.021110 0.204678
v -0.762396 0.004608 0.204697
v -0.745088 0.000323 0.133426
v -0.750786 -0.019548 0.293317
v -0.763635 0.006491 0.293328
v -0.750640 -0.019209 0.381941
v -0.764179 0.008649 0.381953
v -0.750790 -0.017999 0.470525
v -0.764275 0.008926 0.470545
v -0.749875 -0.022585 0.559200
v -0.763801 0.006470 0.559202
v -0.750375 -0.021125 0.647827
v -0.763806 0.006560 0.647824
v -0.750219 -0.022267 0.736452
v -0.763977 0.004681 0.736425
v -0.750558 -0.019821 0.825052
v -0.764158 0.007769 0.825051
v -0.748533 -0.030076 0.910237
v -0.761195 -0.004703 0.910240
v -0.738812 -0.029155 0.974645
v -0.741456 -0.009062 0.977514
v -0.745088 0.000323 0.133426
v -0.762396 0.004608 0.204697
v -0.748501 0.031668 0.204696
v -0.737937 0.023335 0.141805
v -0.763635 0.006491 0.293328
v -0.748780 0.031942 0.293372
v -0.764179 0.008649 0.381953
v -0.749252 0.032560 0.381976
v -0.764275 0.008926 0.470545
v -0.749518 0.032318 0.470586
v -0.763801 0.006470 0.559202
v -0.749198 0.028832 0.559206
v -0.763806 0.006560 0.647824
v -0.750329 0.033421 0.647825
v -0.763977 0.004681 0.736425
v -0.750133 0.032106 0.736459
v -0.764158 0.007769 0.825051
v -0.750183 0.032832 0.825050
v -0.761195 -0.004703 0.910240
v -0.747476 0.023225 0.910949
v -0.741456 -0.009062 0.977514
v -0.733576 0.011287 0.968264
v -0.986061 -0.028002 0.958729
v -0.990562 -0.025541 0.887915
v -0.953113 -0.028412 0.888368
v -0.952360 -0.031360 0.966623
v -0.906409 -0.029205 0.888926
v -0.905526 -0.028717 0.967829
v -0.862069 -0.027054 0.889566
v -0.863567 -0.019935 0.969385
v -0.819499 -0.024364 0.889330
v -0.819315 -0.018583 0.969546
v -0.781788 -0.020132 0.888914
v -0.783998 -0.022257 0.960309
v -0.991278 -0.022580 0.793096
v -0.953086 -0.027269 0.793152
v -0.905865 -0.028362 0.793296
v -0.864287 -0.026346 0.793094
v -0.819468 -0.025893 0.793084
v -0.782109 -0.019659 0.793085
v -0.990305 -0.026094 0.696787
v -0.948416 -0.032211 0.697069
v -0.906848 -0.030485 0.696811
v -0.864299 -0.025725 0.696730
v -0.819425 -0.026630 0.696706
v -0.782068 -0.021989 0.696706
v -0.991241 -0.021716 0.600353
v -0.952388 -0.027529 0.600461
v -0.907421 -0.031104 0.600383
v -0.864246 -0.026686 0.600347
v -0.819416 -0.025605 0.600315
v -0.782046 -0.020960 0.600327
v -0.990216 -0.019953 0.504071
v -0.952698 -0.028286 0.504013
v -0.908775 -0.025800 0.503963
v -0.864292 -0.025207 0.503969
v -0.819487 -0.024179 0.504006
v -0.782106 -0.019200 0.504011
v -0.991295 -0.017938 0.407642
v -0.952613 -0.025354 0.407655
v -0.907827 -0.024743 0.407639
v -0.864408 -0.024140 0.407627
v -0.819480 -0.023884 0.407642
v -0.782157 -0.017114 0.407542
v -0.988622 -0.022003 0.311308
v -0.949905 -0.029783 0.311323
v -0.909126 -0.024860 0.311279
v -0.864317 -0.026834 0.311289
v -0.819459 -0.025572 0.311252
v -0.782265 -0.019487 0.311254
v -0.989795 -0.020529 0.214933
v -0.951158 -0.029927 0.214949
v -0.909107 -0.029338 0.214920
v -0.864307 -0.027175 0.215016
v -0.819486 -0.025504 0.214903
v -0.782187 -0.022881 0.214904
v -0.990188 -0.020764 0.118526
v -0.953445 -0.025685 0.118515
v -0.908623 -0.027660 0.118489
v -0.864326 -0.025449 0.118501
v -0.819181 -0.026378 0.118647
v -0.779563 -0.020845 0.119418
v -0.977280 -0.020255 0.047857
v -0.948689 -0.023057 0.038630
v -0.909333 -0.019723 0.038068
v -0.864020 -0.020713 0.038327
v -0.811409 -0.026867 0.041433
v -0.774217 -0.028617 0.051271
v -0.985076 0.016237 0.957678
v -0.948997 0.015792 0.965577
v -0.949782 0.032827 0.888143
v -0.988138 0.024619 0.887428
v -0.907571 0.022566 0.966395
v -0.908692 0.036958 0.888483
v -0.864170 0.034627 0.969192
v -0.864518 0.040727 0.889426
v -0.818805 0.032858 0.968357
v -0.819475 0.041259 0.889445
v -0.780928 0.018177 0.955842
v -0.781309 0.032705 0.888752
v -0.953927 0.038803 0.793099
v -0.988234 0.029332 0.793288
v -0.909111 0.039567 0.793095
v -0.864291 0.038990 0.793096
v -0.819465 0.039290 0.793083
v -0.782080 0.034816 0.793085
v -0.988234 0.029332 0.793288
v -0.953927 0.038803 0.793099
v -0.953713 0.037424 0.696734
v -0.987718 0.026152 0.696948
v -0.953927 0.038803 0.793099
v -0.909111 0.039567 0.793095
v -0.909035 0.036785 0.696690
v -0.953713 0.037424 0.696734
v -0.864301 0.039915 0.696726
v -0.819414 0.038537 0.696700
v -0.782075 0.032838 0.696710
v -0.952853 0.037603 0.600394
v -0.989278 0.031451 0.600485
v -0.909038 0.036855 0.600326
v -0.952853 0.037603 0.600394
v -0.864230 0.038305 0.600337
v -0.819424 0.039342 0.600341
v -0.781595 0.031716 0.600325
v -0.953274 0.037713 0.504004
v -0.989658 0.033292 0.504052
v -0.909114 0.039809 0.503994
v -0.953274 0.037713 0.504004
v -0.864267 0.039786 0.503969
v -0.819484 0.040944 0.504001
v -0.782113 0.035720 0.504012
v -0.953064 0.040948 0.407654
v -0.989898 0.034444 0.407660
v -0.909168 0.042663 0.407637
v -0.953064 0.040948 0.407654
v -0.864306 0.041335 0.407621
v -0.819437 0.041625 0.407624
v -0.782136 0.037165 0.407608
v -0.953969 0.042154 0.311260
v -0.987177 0.030591 0.311320
v -0.909082 0.040560 0.311268
v -0.953969 0.042154 0.311260
v -0.864304 0.038361 0.311277
v -0.819615 0.040312 0.311250
v -0.780949 0.033331 0.311274
v -0.987177 0.030591 0.311320
v -0.953939 0.040048 0.214906
v -0.988284 0.031574 0.214940
v -0.909106 0.035716 0.214929
v -0.864332 0.037550 0.214915
v -0.819533 0.040124 0.214907
v -0.780241 0.028657 0.214944
v -0.952934 0.039047 0.118521
v -0.989414 0.033926 0.118721
v -0.909240 0.038556 0.118497
v -0.864244 0.040043 0.118514
v -0.817786 0.037688 0.119133
v -0.778408 0.031289 0.120496
v -0.945390 0.030843 0.039439
v -0.974995 0.027773 0.047380
v -0.908598 0.035113 0.038188
v -0.860504 0.030441 0.039547
v -0.811598 0.019031 0.044228
v -0.776383 0.014030 0.053387
v -0.986061 -0.028002 0.958729
v -0.952360 -0.031360 0.966623
v -0.951728 -0.006131 0.982291
v -0.989477 -0.006008 0.966168
v -0.905526 -0.028717 0.967829
v -0.906007 -0.001896 0.983693
v -0.863567 -0.019935 0.969385
v -0.864186 0.007741 0.985321
v -0.819315 -0.018583 0.969546
v -0.819077 0.007685 0.985393
v -0.783998 -0.022257 0.960309
v -0.775941 -0.003847 0.963613
v -0.948997 0.015792 0.965577
v -0.985076 0.016237 0.957678
v -0.907571 0.022566 0.966395
v -0.864170 0.034627 0.969192
v -0.818805 0.032858 0.968357
v -0.780928 0.018177 0.955842
v -0.783998 -0.022257 0.960309
v -0.781788 -0.020132 0.888914
v -0.773703 0.004858 0.888516
v -0.775941 -0.003847 0.963613
v -0.782109 -0.019659 0.793085
v -0.774609 0.007378 0.793088
v -0.782068 -0.021989 0.696706
v -0.774647 0.006957 0.696716
v -0.782046 -0.020960 0.600327
v -0.773847 0.006111 0.600224
v -0.782106 -0.019200 0.504011
v -0.774667 0.008582 0.504018
v -0.782157 -0.017114 0.407542
v -0.774648 0.009788 0.407625
v -0.782265 -0.019487 0.311254
v -0.774674 0.007418 0.311279
v -0.782187 -0.022881 0.214904
v -0.774049 0.004944 0.214910
v -0.779563 -0.020845 0.119418
v -0.770660 0.004644 0.120234
v -0.774217 -0.028617 0.051271
v -0.770710 -0.008839 0.044932
v -0.781309 0.032705 0.888752
v -0.780928 0.018177 0.955842
v -0.782080 0.034816 0.793085
v -0.782075 0.032838 0.696710
v -0.781595 0.031716 0.600325
v -0.782113 0.035720 0.504012
v -0.782136 0.037165 0.407608
v -0.780949 0.033331 0.311274
v -0.780241 0.028657 0.214944
v -0.778408 0.031289 0.120496
v -0.776383 0.014030 0.053387
v -0.774217 -0.028617 0.051271
v -0.811409 -0.026867 0.041433
v -0.808978 -0.004558 0.027479
v -0.770710 -0.008839 0.044932
v -0.864020 -0.020713 0.038327
v -0.861244 0.004079 0.023277
v -0.909333 -0.019723 0.038068
v -0.909055 0.008345 0.022020
v -0.948689 -0.023057 0.038630
v -0.947275 0.003163 0.021381
v -0.977280 -0.020255 0.047857
v -0.980395 0.003794 0.039135
v -0.808978 -0.004558 0.027479
v -0.811598 0.019031 0.044228
v -0.776383 0.014030 0.053387
v -0.861244 0.004079 0.023277
v -0.860504 0.030441 0.039547
v -0.909055 0.008345 0.022020
v -0.908598 0.035113 0.038188
v -0.947275 0.003163 0.021381
v -0.945390 0.030843 0.039439
v -0.980395 0.003794 0.039135
v -0.974995 0.027773 0.047380
v -0.977280 -0.020255 0.047857
v -0.990188 -0.020764 0.118526
v -0.997000 0.005617 0.118548
v -0.980395 0.003794 0.039135
v -0.989795 -0.020529 0.214933
v -0.996175 0.005199 0.215000
v -0.988622 -0.022003 0.311308
v -0.996257 0.005708 0.311313
v -0.991295 -0.017938 0.407642
v -0.998139 0.008333 0.407649
v -0.990216 -0.019953 0.504071
v -0.998254 0.007493 0.503981
v -0.991241 -0.021716 0.600353
v -0.996802 0.004127 0.600482
v -0.990305 -0.026094 0.696787
v -0.994118 -0.002062 0.697014
v -0.991278 -0.022580 0.793096
v -0.997828 0.003624 0.793152
v -0.990562 -0.025541 0.887915
v -0.997770 -0.000789 0.887380
v -0.986061 -0.028002 0.958729
v -0.989477 -0.006008 0.966168
v -0.989414 0.033926 0.118721
v -0.974995 0.027773 0.047380
v -0.988284 0.031574 0.214940
v -0.987177 0.030591 0.311320
v -0.989898 0.034444 0.407660
v -0.989658 0.033292 0.504052
v -0.989278 0.031451 0.600485
v -0.987718 0.026152 0.696948
v -0.988234 0.029332 0.793288
v -0.988138 0.024619 0.887428
v -0.985076 0.016237 0.957678
v -0.315451 -0.029773 0.975175
v -0.322292 -0.033518 0.947626
v -0.256021 -0.032374 0.951239
v -0.256463 -0.026045 0.982264
v -0.176575 -0.031473 0.952832
v -0.176528 -0.023867 0.983092
v -0.095344 -0.031489 0.952374
v -0.095794 -0.025180 0.982270
v -0.014634 -0.023479 0.954466
v -0.014166 -0.019194 0.984485
v 0.061183 -0.028567 0.941335
v 0.053327 -0.023532 0.970381
v -0.323417 -0.029956 0.912754
v -0.256531 -0.031109 0.915739
v -0.176621 -0.028541 0.918025
v -0.095452 -0.031142 0.918189
v -0.014360 -0.025296 0.918712
v 0.058989 -0.027967 0.908813
v -0.324840 -0.025232 0.879685
v -0.257594 -0.026919 0.881679
v -0.176653 -0.026428 0.882447
v -0.095491 -0.034979 0.882451
v -0.014448 -0.030143 0.882420
v 0.055169 -0.024641 0.878970
v -0.325890 -0.023522 0.845500
v -0.257824 -0.028492 0.846033
v -0.176694 -0.026743 0.846137
v -0.095552 -0.031607 0.846150
v -0.014396 -0.028249 0.846134
v 0.053632 -0.023878 0.845724
v -0.325458 -0.021488 0.809820
v -0.257825 -0.026118 0.809820
v -0.176827 -0.026402 0.809811
v -0.095542 -0.029677 0.809819
v -0.014366 -0.026604 0.809821
v 0.053177 -0.021055 0.809818
v -0.325450 -0.021675 0.773522
v -0.257890 -0.026235 0.773518
v -0.176857 -0.026962 0.773507
v -0.095656 -0.030611 0.773498
v -0.014558 -0.026232 0.773535
v 0.053186 -0.020948 0.773541
v -0.325398 -0.022599 0.737362
v -0.258137 -0.026449 0.737191
v -0.176651 -0.025734 0.737202
v -0.095762 -0.031854 0.737227
v -0.014578 -0.027853 0.737242
v 0.053200 -0.020452 0.737221
v -0.324649 -0.022160 0.701689
v -0.257789 -0.027132 0.701074
v -0.176670 -0.026235 0.700898
v -0.095544 -0.034888 0.703080
v -0.014390 -0.027241 0.700895
v 0.053232 -0.021012 0.701116
v -0.320999 -0.027292 0.667475
v -0.257576 -0.030484 0.665487
v -0.176541 -0.029249 0.665032
v -0.095421 -0.035056 0.669201
v -0.014566 -0.027839 0.665028
v 0.052894 -0.022569 0.666152
v -0.314351 -0.026084 0.640393
v -0.257262 -0.024790 0.635286
v -0.176555 -0.026306 0.634828
v -0.095424 -0.031586 0.639964
v -0.014678 -0.024256 0.635223
v 0.045869 -0.023183 0.639358
v -0.314320 0.008826 0.972285
v -0.254927 0.015633 0.978463
v -0.254708 0.019563 0.947721
v -0.322159 0.013113 0.946000
v -0.176270 0.017836 0.979996
v -0.176369 0.021469 0.950431
v -0.095149 0.016090 0.977921
v -0.095172 0.022338 0.948892
v -0.013239 0.027028 0.981545
v -0.013627 0.033681 0.952651
v 0.054738 0.018627 0.967900
v 0.060804 0.020856 0.941987
v -0.256466 0.027552 0.915743
v -0.324055 0.019389 0.912142
v -0.176655 0.028728 0.917343
v -0.095453 0.025456 0.917176
v -0.014145 0.033480 0.918490
v 0.058750 0.021462 0.909182
v -0.257603 0.032034 0.881877
v -0.325504 0.025968 0.880414
v -0.176706 0.031985 0.882433
v -0.095494 0.023162 0.882466
v -0.014447 0.028561 0.882424
v 0.055441 0.023729 0.878686
v -0.257841 0.030135 0.846127
v -0.326537 0.026910 0.846097
v -0.176668 0.031873 0.846136
v -0.095408 0.026645 0.846154
v -0.014382 0.030411 0.846199
v 0.053661 0.025064 0.845638
v -0.257830 0.032393 0.809822
v -0.326183 0.028442 0.809822
v -0.176655 0.031733 0.809809
v -0.095486 0.027866 0.809883
v -0.014374 0.032135 0.809850
v 0.053262 0.027787 0.809823
v -0.257838 0.032339 0.773514
v -0.327673 0.030436 0.773564
v -0.176652 0.031301 0.773507
v -0.095631 0.027488 0.773492
v -0.014452 0.032223 0.773538
v 0.053249 0.027742 0.773561
v -0.257814 0.031599 0.737214
v -0.326960 0.029722 0.737222
v -0.176669 0.032736 0.737204
v -0.095813 0.026688 0.737283
v -0.014597 0.030592 0.737232
v 0.053162 0.028322 0.737228
v -0.257755 0.029664 0.701410
v -0.324554 0.026358 0.702137
v -0.176574 0.030407 0.701371
v -0.095445 0.025586 0.703577
v -0.014435 0.030910 0.700933
v 0.053118 0.027454 0.701170
v -0.256807 0.021175 0.666988
v -0.318754 0.017444 0.669129
v -0.175952 0.021106 0.666789
v -0.094499 0.021527 0.672819
v -0.014948 0.027851 0.666267
v 0.052552 0.023056 0.667242
v -0.257097 0.017571 0.636486
v -0.311937 0.010347 0.642543
v -0.175776 0.013477 0.638034
v -0.094259 0.013089 0.644898
v -0.015388 0.019137 0.635533
v 0.044906 0.012359 0.640128
v -0.315451 -0.029773 0.975175
v -0.256463 -0.026045 0.982264
v -0.256094 -0.003020 0.987184
v -0.321671 -0.010036 0.976887
v -0.176528 -0.023867 0.983092
v -0.176425 -0.002450 0.987822
v -0.095794 -0.025180 0.982270
v -0.095357 -0.004016 0.985766
v -0.014166 -0.019194 0.984485
v -0.013553 0.002930 0.988560
v 0.053327 -0.023532 0.970381
v 0.062093 -0.004016 0.969951
v -0.254927 0.015633 0.978463
v -0.314320 0.008826 0.972285
v -0.176270 0.017836 0.979996
v -0.095149 0.016090 0.977921
v -0.013239 0.027028 0.981545
v 0.054738 0.018627 0.967900
v 0.053327 -0.023532 0.970381
v 0.061183 -0.028567 0.941335
v 0.075728 -0.005099 0.939542
v 0.062093 -0.004016 0.969951
v 0.058989 -0.027967 0.908813
v 0.073290 -0.004027 0.907461
v 0.055169 -0.024641 0.878970
v 0.070142 -0.001325 0.876455
v 0.053632 -0.023878 0.845724
v 0.067415 0.003461 0.845121
v 0.053177 -0.021055 0.809818
v 0.066751 0.004440 0.809814
v 0.053186 -0.020948 0.773541
v 0.066726 0.003889 0.773501
v 0.053200 -0.020452 0.737221
v 0.066767 0.003710 0.737232
v 0.053232 -0.021012 0.701116
v 0.066715 0.003201 0.701086
v 0.052894 -0.022569 0.666152
v 0.066190 -0.001264 0.666745
v 0.045869 -0.023183 0.639358
v 0.052192 -0.006151 0.637226
v 0.060804 0.020856 0.941987
v 0.054738 0.018627 0.967900
v 0.058750 0.021462 0.909182
v 0.055441 0.023729 0.878686
v 0.053661 0.025064 0.845638
v 0.053262 0.027787 0.809823
v 0.053249 0.027742 0.773561
v 0.053162 0.028322 0.737228
v 0.053118 0.027454 0.701170
v 0.052552 0.023056 0.667242
v 0.044906 0.012359 0.640128
v 0.045869 -0.023183 0.639358
v -0.014678 -0.024256 0.635223
v -0.015207 -0.004235 0.629812
v 0.052192 -0.006151 0.637226
v -0.095424 -0.031586 0.639964
v -0.094662 -0.009748 0.636872
v -0.176555 -0.026306 0.634828
v -0.176221 -0.006492 0.630285
v -0.176555 -0.026306 0.634828
v -0.257262 -0.024790 0.635286
v -0.257469 -0.003663 0.629868
v -0.176221 -0.006492 0.630285
v -0.314351 -0.026084 0.640393
v -0.319938 -0.005008 0.638015
v -0.015388 0.019137 0.635533
v 0.044906 0.012359 0.640128
v -0.094662 -0.009748 0.636872
v -0.094259 0.013089 0.644898
v -0.175776 0.013477 0.638034
v -0.257097 0.017571 0.636486
v -0.311937 0.010347 0.642543
v -0.314351 -0.026084 0.640393
v -0.320999 -0.027292 0.667475
v -0.332753 -0.003943 0.668408
v -0.319938 -0.005008 0.638015
v -0.324649 -0.022160 0.701689
v -0.337622 0.001613 0.701870
v -0.325398 -0.022599 0.737362
v -0.338975 0.002634 0.737258
v -0.325450 -0.021675 0.773522
v -0.338941 0.003613 0.773519
v -0.325458 -0.021488 0.809820
v -0.338985 0.003666 0.809819
v -0.325890 -0.023522 0.845500
v -0.339604 0.002952 0.845997
v -0.324840 -0.025232 0.879685
v -0.338234 -0.000170 0.880085
v -0.323417 -0.029956 0.912754
v -0.336368 -0.006672 0.911709
v -0.322292 -0.033518 0.947626
v -0.335045 -0.012079 0.945711
v -0.315451 -0.029773 0.975175
v -0.321671 -0.010036 0.976887
v -0.318754 0.017444 0.669129
v -0.311937 0.010347 0.642543
v -0.324554 0.026358 0.702137
v -0.326960 0.029722 0.737222
v -0.327673 0.030436 0.773564
v -0.326183 0.028442 0.809822
v -0.326537 0.026910 0.846097
v -0.325504 0.025968 0.880414
v -0.324055 0.019389 0.912142
v -0.322159 0.013113 0.946000
v -0.314320 0.008826 0.972285
v 0.614215 -0.037386 -0.895974
v 0.609788 -0.039526 -0.913108
v 0.650907 -0.044886 -0.914603
v 0.651249 -0.039753 -0.895106
v 0.701709 -0.046468 -0.915634
v 0.703055 -0.043109 -0.894878
v 0.750461 -0.041609 -0.918395
v 0.751818 -0.039620 -0.897367
v 0.795501 -0.031983 -0.924447
v 0.796251 -0.028158 -0.904146
v 0.844019 -0.032006 -0.927078
v 0.843896 -0.022857 -0.907424
v 0.894290 -0.028547 -0.927283
v 0.894027 -0.020514 -0.907743
v 0.944031 -0.027775 -0.926455
v 0.942555 -0.021415 -0.905376
v 0.984594 -0.020953 -0.924659
v 0.978872 -0.018524 -0.905303
v 0.608846 -0.036009 -0.936770
v 0.648906 -0.036793 -0.938255
v 0.699335 -0.040865 -0.940871
v 0.748650 -0.038317 -0.943728
v 0.794887 -0.030379 -0.948526
v 0.843816 -0.030233 -0.950643
v 0.894498 -0.031045 -0.950659
v 0.944238 -0.030846 -0.949924
v 0.985375 -0.022960 -0.948811
v 0.606981 -0.030869 -0.961142
v 0.646353 -0.030203 -0.963364
v 0.696438 -0.032401 -0.966046
v 0.746415 -0.034207 -0.969474
v 0.793798 -0.028311 -0.973114
v 0.843716 -0.029120 -0.974097
v 0.894420 -0.029436 -0.974093
v 0.943907 -0.032553 -0.972904
v 0.984429 -0.027051 -0.971089
v 0.609489 -0.022978 -0.980216
v 0.644989 -0.021343 -0.984416
v 0.694175 -0.020835 -0.986867
v 0.745642 -0.028044 -0.989902
v 0.793218 -0.021646 -0.993261
v 0.843575 -0.021539 -0.993646
v 0.894319 -0.022430 -0.993637
v 0.943581 -0.026095 -0.992183
v 0.979717 -0.025008 -0.988227
v 0.616519 0.010587 -0.893590
v 0.653423 0.012994 -0.892805
v 0.651176 0.020320 -0.912832
v 0.609956 0.017624 -0.912607
v 0.705218 0.008083 -0.892317
v 0.704698 0.014049 -0.912094
v 0.752111 0.014553 -0.896982
v 0.750585 0.023378 -0.918221
v 0.796489 0.025821 -0.903903
v 0.795300 0.033238 -0.924722
v 0.843972 0.031791 -0.907332
v 0.844073 0.033766 -0.926995
v 0.893693 0.033830 -0.907362
v 0.894215 0.037388 -0.927241
v 0.938760 0.031244 -0.900814
v 0.938816 0.035085 -0.920691
v 0.978256 0.030796 -0.903774
v 0.981751 0.031163 -0.921235
v 0.649593 0.028924 -0.936697
v 0.608437 0.023303 -0.937047
v 0.703150 0.016506 -0.936895
v 0.748643 0.026483 -0.943761
v 0.794210 0.035848 -0.949309
v 0.843869 0.034707 -0.950626
v 0.894529 0.034102 -0.950651
v 0.940786 0.030719 -0.946166
v 0.981382 0.027625 -0.944442
v 0.648918 0.032273 -0.961587
v 0.609016 0.023108 -0.960850
v 0.699324 0.028065 -0.962446
v 0.747239 0.029762 -0.968607
v 0.793428 0.037814 -0.973530
v 0.843768 0.035748 -0.974084
v 0.894430 0.035712 -0.974070
v 0.940138 0.026073 -0.968786
v 0.981111 0.021861 -0.967442
v 0.646069 0.032882 -0.983257
v 0.610847 0.024968 -0.980146
v 0.696692 0.029034 -0.984016
v 0.746166 0.025410 -0.989365
v 0.793010 0.033281 -0.993498
v 0.843604 0.032713 -0.993640
v 0.894315 0.031752 -0.993596
v 0.940273 0.022509 -0.988569
v 0.977148 0.019357 -0.985418
v 0.614215 -0.037386 -0.895974
v 0.651249 -0.039753 -0.895106
v 0.653039 -0.013847 -0.889619
v 0.610642 -0.012376 -0.893383
v 0.703055 -0.043109 -0.894878
v 0.704329 -0.017907 -0.889314
v 0.751818 -0.039620 -0.897367
v 0.752278 -0.013039 -0.892952
v 0.796251 -0.028158 -0.904146
v 0.796598 -0.001327 -0.899850
v 0.843896 -0.022857 -0.907424
v 0.844055 0.004490 -0.903327
v 0.894027 -0.020514 -0.907743
v 0.893687 0.006633 -0.903470
v 0.942555 -0.021415 -0.905376
v 0.940625 0.005086 -0.899009
v 0.978872 -0.018524 -0.905303
v 0.982798 0.007259 -0.901919
v 0.653423 0.012994 -0.892805
v 0.616519 0.010587 -0.893590
v 0.705218 0.008083 -0.892317
v 0.752111 0.014553 -0.896982
v 0.796489 0.025821 -0.903903
v 0.843972 0.031791 -0.907332
v 0.893693 0.033830 -0.907362
v 0.938760 0.031244 -0.900814
v 0.978256 0.030796 -0.903774
v 0.978872 -0.018524 -0.905303
v 0.984594 -0.020953 -0.924659
v 0.990047 0.004875 -0.921212
v 0.982798 0.007259 -0.901919
v 0.985375 -0.022960 -0.948811
v 0.991385 0.002642 -0.946200
v 0.984429 -0.027051 -0.971089
v 0.991375 -0.001837 -0.969457
v 0.979717 -0.025008 -0.988227
v 0.981819 -0.003962 -0.987878
v 0.981751 0.031163 -0.921235
v 0.978256 0.030796 -0.903774
v 0.981382 0.027625 -0.944442
v 0.981111 0.021861 -0.967442
v 0.977148 0.019357 -0.985418
v 0.979717 -0.025008 -0.988227
v 0.943581 -0.026095 -0.992183
v 0.941864 -0.001639 -0.994232
v 0.981819 -0.003962 -0.987878
v 0.894319 -0.022430 -0.993637
v 0.894295 0.004627 -0.997493
v 0.843575 -0.021539 -0.993646
v 0.843582 0.005580 -0.997546
v 0.793218 -0.021646 -0.993261
v 0.793041 0.005752 -0.997373
v 0.745642 -0.028044 -0.989902
v 0.746028 -0.001450 -0.993404
v 0.694175 -0.020835 -0.986867
v 0.694846 0.006280 -0.989251
v 0.644989 -0.021343 -0.984416
v 0.645899 0.005099 -0.987913
v 0.609489 -0.022978 -0.980216
v 0.606771 -0.000234 -0.981682
v 0.940273 0.022509 -0.988569
v 0.977148 0.019357 -0.985418
v 0.894315 0.031752 -0.993596
v 0.843604 0.032713 -0.993640
v 0.793010 0.033281 -0.993498
v 0.746166 0.025410 -0.989365
v 0.696692 0.029034 -0.984016
v 0.646069 0.032882 -0.983257
v 0.610847 0.024968 -0.980146
v 0.609489 -0.022978 -0.980216
v 0.606981 -0.030869 -0.961142
v 0.600667 -0.006431 -0.960688
v 0.606771 -0.000234 -0.981682
v 0.608846 -0.036009 -0.936770
v 0.601289 -0.009319 -0.936616
v 0.609788 -0.039526 -0.913108
v 0.600737 -0.009039 -0.913074
v 0.614215 -0.037386 -0.895974
v 0.610642 -0.012376 -0.893383
v 0.609016 0.023108 -0.960850
v 0.610847 0.024968 -0.980146
v 0.608437 0.023303 -0.937047
v 0.609956 0.017624 -0.912607
v 0.616519 0.010587 -0.893590
v 0.106730 -0.022776 0.264409
v 0.099593 -0.020795 0.233739
v 0.146701 -0.026178 0.237176
v 0.147229 -0.022969 0.269161
v 0.204871 -0.027107 0.239774
v 0.204897 -0.020558 0.270376
v 0.265505 -0.028143 0.239952
v 0.265536 -0.020953 0.270458
v 0.325791 -0.031947 0.240089
v 0.326212 -0.023646 0.270369
v 0.386684 -0.030446 0.240188
v 0.386518 -0.024251 0.270952
v 0.447644 -0.031405 0.239839
v 0.447534 -0.022774 0.270576
v 0.508095 -0.027232 0.239642
v 0.507350 -0.025389 0.270755
v 0.558570 -0.021439 0.238807
v 0.552487 -0.025315 0.267504
v 0.096673 -0.021013 0.199908
v 0.144948 -0.024714 0.202101
v 0.204683 -0.031805 0.203355
v 0.265216 -0.033975 0.203634
v 0.325789 -0.037427 0.203749
v 0.386729 -0.030061 0.203252
v 0.447741 -0.027151 0.202720
v 0.508125 -0.025914 0.202801
v 0.558255 -0.019676 0.203098
v 0.095431 -0.023446 0.167242
v 0.144741 -0.027533 0.166355
v 0.204695 -0.030642 0.166435
v 0.265497 -0.027118 0.166246
v 0.326197 -0.030873 0.166228
v 0.386859 -0.027857 0.166164
v 0.447658 -0.026573 0.166012
v 0.506035 -0.029714 0.164918
v 0.554344 -0.025216 0.167086
v 0.095431 -0.023446 0.167242
v 0.103527 -0.023952 0.138393
v 0.147395 -0.019433 0.134248
v 0.144741 -0.027533 0.166355
v 0.204864 -0.023030 0.135432
v 0.204695 -0.030642 0.166435
v 0.265563 -0.022995 0.135250
v 0.265497 -0.027118 0.166246
v 0.326385 -0.024788 0.135239
v 0.326197 -0.030873 0.166228
v 0.386976 -0.025480 0.135226
v 0.386859 -0.027857 0.166164
v 0.386976 -0.025480 0.135226
v 0.447033 -0.026326 0.134038
v 0.503468 -0.033255 0.131282
v 0.547502 -0.026974 0.138169
v 0.111788 0.020137 0.261078
v 0.150499 0.026193 0.269173
v 0.149899 0.036447 0.234871
v 0.102046 0.029181 0.234097
v 0.204817 0.034366 0.270284
v 0.204856 0.038739 0.239765
v 0.265569 0.033495 0.270438
v 0.265490 0.037478 0.239935
v 0.326272 0.031403 0.270245
v 0.326137 0.033506 0.239975
v 0.386547 0.030769 0.270991
v 0.386612 0.034681 0.240104
v 0.447451 0.030733 0.270750
v 0.447595 0.033060 0.239926
v 0.505173 0.017245 0.270626
v 0.507523 0.033709 0.238945
v 0.550137 0.011264 0.266875
v 0.557079 0.024980 0.236375
v 0.145895 0.039272 0.201225
v 0.096829 0.031050 0.201070
v 0.204798 0.033741 0.203136
v 0.265252 0.031801 0.203585
v 0.325856 0.028287 0.203697
v 0.386741 0.035119 0.203292
v 0.447570 0.037898 0.203020
v 0.507488 0.038062 0.202355
v 0.557320 0.033131 0.202318
v 0.146435 0.035151 0.167414
v 0.100308 0.025161 0.166984
v 0.204669 0.034026 0.166527
v 0.265380 0.036310 0.166413
v 0.326114 0.032425 0.166334
v 0.386774 0.036838 0.166195
v 0.447484 0.037543 0.165633
v 0.502178 0.028202 0.163342
v 0.550393 0.021751 0.166981
v 0.150078 0.027208 0.134815
v 0.109074 0.016961 0.138175
v 0.204827 0.030718 0.135372
v 0.265686 0.030740 0.135272
v 0.326397 0.028557 0.135194
v 0.386875 0.029353 0.135182
v 0.446789 0.027606 0.133485
v 0.497760 0.011267 0.130532
v 0.542464 0.012285 0.136635
v 0.106730 -0.022776 0.264409
v 0.147229 -0.022969 0.269161
v 0.149969 -0.000402 0.275789
v 0.105860 -0.002737 0.265660
v 0.204897 -0.020558 0.270376
v 0.204919 0.007006 0.276454
v 0.265536 -0.020953 0.270458
v 0.265555 0.006411 0.276554
v 0.326212 -0.023646 0.270369
v 0.326304 0.004185 0.276395
v 0.386518 -0.024251 0.270952
v 0.386552 0.003948 0.277026
v 0.447534 -0.022774 0.270576
v 0.447578 0.004526 0.276897
v 0.507350 -0.025389 0.270755
v 0.506031 -0.006526 0.276466
v 0.552487 -0.025315 0.267504
v 0.556411 -0.007578 0.269597
v 0.150499 0.026193 0.269173
v 0.111788 0.020137 0.261078
v 0.204817 0.034366 0.270284
v 0.265569 0.033495 0.270438
v 0.326272 0.031403 0.270245
v 0.386547 0.030769 0.270991
v 0.447451 0.030733 0.270750
v 0.505173 0.017245 0.270626
v 0.550137 0.011264 0.266875
v 0.552487 -0.025315 0.267504
v 0.558570 -0.021439 0.238807
v 0.568369 0.005149 0.237821
v 0.556411 -0.007578 0.269597
v 0.558255 -0.019676 0.203098
v 0.567544 0.006726 0.203281
v 0.554344 -0.025216 0.167086
v 0.563106 0.000145 0.167895
v 0.547502 -0.026974 0.138169
v 0.550355 -0.006077 0.135039
v 0.557079 0.024980 0.236375
v 0.550137 0.011264 0.266875
v 0.557320 0.033131 0.202318
v 0.550393 0.021751 0.166981
v 0.542464 0.012285 0.136635
v 0.547502 -0.026974 0.138169
v 0.503468 -0.033255 0.131282
v 0.499922 -0.011152 0.124901
v 0.550355 -0.006077 0.135039
v 0.447033 -0.026326 0.134038
v 0.446574 -0.000676 0.127170
v 0.386976 -0.025480 0.135226
v 0.387047 0.001368 0.129187
v 0.326385 -0.024788 0.135239
v 0.326401 0.002314 0.129082
v 0.265563 -0.022995 0.135250
v 0.265705 0.004307 0.129103
v 0.204864 -0.023030 0.135432
v 0.204897 0.004828 0.129187
v 0.147395 -0.019433 0.134248
v 0.149427 0.003752 0.128000
v 0.103527 -0.023952 0.138393
v 0.102236 -0.004614 0.135080
v 0.497760 0.011267 0.130532
v 0.542464 0.012285 0.136635
v 0.446789 0.027606 0.133485
v 0.386875 0.029353 0.135182
v 0.326397 0.028557 0.135194
v 0.265686 0.030740 0.135272
v 0.204827 0.030718 0.135372
v 0.150078 0.027208 0.134815
v 0.109074 0.016961 0.138175
v 0.103527 -0.023952 0.138393
v 0.095431 -0.023446 0.167242
v 0.088524 0.000782 0.166980
v 0.102236 -0.004614 0.135080
v 0.095431 -0.023446 0.167242
v 0.096673 -0.021013 0.199908
v 0.087451 0.003236 0.199516
v 0.088524 0.000782 0.166980
v 0.099593 -0.020795 0.233739
v 0.092063 0.005920 0.232295
v 0.106730 -0.022776 0.264409
v 0.105860 -0.002737 0.265660
v 0.100308 0.025161 0.166984
v 0.109074 0.016961 0.138175
v 0.096829 0.031050 0.201070
v 0.102046 0.029181 0.234097
v 0.111788 0.020137 0.261078
v -0.748518 -0.021159 0.103239
v -0.751158 -0.024653 0.087007
v -0.707962 -0.029427 0.086569
v -0.710248 -0.023231 0.104338
v -0.659789 -0.026028 0.085092
v -0.660583 -0.019532 0.103650
v -0.608257 -0.025941 0.084721
v -0.608247 -0.021284 0.103311
v -0.555379 -0.026213 0.084689
v -0.555395 -0.020373 0.103307
v -0.503010 -0.023683 0.084668
v -0.502698 -0.019744 0.103361
v -0.449720 -0.024259 0.084714
v -0.450283 -0.019163 0.103890
v -0.397588 -0.025401 0.086533
v -0.399707 -0.023320 0.105995
v -0.353422 -0.020197 0.091244
v -0.359701 -0.017222 0.106457
v -0.748061 -0.027018 0.065832
v -0.706804 -0.030360 0.064767
v -0.658824 -0.026641 0.063090
v -0.608281 -0.025084 0.062212
v -0.555437 -0.026551 0.062321
v -0.502717 -0.024764 0.062287
v -0.449629 -0.024090 0.062201
v -0.396455 -0.023542 0.064739
v -0.351761 -0.018116 0.071751
v -0.745901 -0.028492 0.044166
v -0.706003 -0.030229 0.042690
v -0.658363 -0.025983 0.040893
v -0.608253 -0.024841 0.039921
v -0.555353 -0.027156 0.039971
v -0.502614 -0.024720 0.039974
v -0.449794 -0.020873 0.039998
v -0.396244 -0.022208 0.043751
v -0.350604 -0.018345 0.052143
v -0.742798 -0.025125 0.026976
v -0.706141 -0.024925 0.024028
v -0.657861 -0.020489 0.022414
v -0.608269 -0.019567 0.021315
v -0.555421 -0.021671 0.021215
v -0.502558 -0.019954 0.021332
v -0.449763 -0.019276 0.021295
v -0.395930 -0.017856 0.026155
v -0.354996 -0.015532 0.035514
v -0.747058 0.024524 0.103701
v -0.710119 0.030830 0.104482
v -0.708850 0.036961 0.086459
v -0.750121 0.028419 0.087642
v -0.660538 0.035162 0.103377
v -0.659632 0.038859 0.085123
v -0.608162 0.033055 0.103285
v -0.608266 0.039223 0.084695
v -0.555539 0.034250 0.103355
v -0.555573 0.039243 0.084711
v -0.502538 0.034319 0.103346
v -0.502516 0.040321 0.084655
v -0.450730 0.034857 0.104179
v -0.449714 0.041058 0.084729
v -0.403525 0.025721 0.109271
v -0.402198 0.032994 0.089933
v -0.362311 0.027558 0.107680
v -0.356540 0.031548 0.091582
v -0.706538 0.034879 0.064870
v -0.747578 0.022615 0.067528
v -0.659038 0.038942 0.063021
v -0.608266 0.039591 0.062262
v -0.555968 0.039492 0.062358
v -0.502572 0.039999 0.062034
v -0.449813 0.040582 0.062350
v -0.399997 0.037355 0.067757
v -0.355131 0.033961 0.072107
v -0.703511 0.033140 0.043526
v -0.745608 0.020077 0.046465
v -0.656902 0.037914 0.041381
v -0.608267 0.040358 0.039830
v -0.555606 0.038220 0.039973
v -0.502566 0.040704 0.039935
v -0.449794 0.044372 0.040019
v -0.397998 0.039843 0.046317
v -0.354198 0.033633 0.053999
v -0.701711 0.025768 0.025504
v -0.740340 0.020083 0.028631
v -0.657025 0.033278 0.022716
v -0.608233 0.034611 0.021212
v -0.555476 0.032572 0.021287
v -0.502808 0.034576 0.021270
v -0.450573 0.035721 0.021134
v -0.398138 0.034603 0.028112
v -0.358462 0.030187 0.040034
v -0.748518 -0.021159 0.103239
v -0.710248 -0.023231 0.104338
v -0.710864 0.004424 0.108068
v -0.752445 0.002292 0.105171
v -0.660583 -0.019532 0.103650
v -0.660447 0.007920 0.107386
v -0.608247 -0.021284 0.103311
v -0.608252 0.005948 0.107043
v -0.555395 -0.020373 0.103307
v -0.555454 0.007028 0.107089
v -0.502698 -0.019744 0.103361
v -0.502514 0.008295 0.107077
v -0.450283 -0.019163 0.103890
v -0.451076 0.006632 0.108315
v -0.399707 -0.023320 0.105995
v -0.402437 -0.000264 0.111962
v -0.359701 -0.017222 0.106457
v -0.357781 0.002547 0.110858
v -0.710119 0.030830 0.104482
v -0.747058 0.024524 0.103701
v -0.660538 0.035162 0.103377
v -0.608162 0.033055 0.103285
v -0.555539 0.034250 0.103355
v -0.502538 0.034319 0.103346
v -0.450730 0.034857 0.104179
v -0.403525 0.025721 0.109271
v -0.362311 0.027558 0.107680
v -0.359701 -0.017222 0.106457
v -0.353422 -0.020197 0.091244
v -0.346212 0.005363 0.093974
v -0.357781 0.002547 0.110858
v -0.351761 -0.018116 0.071751
v -0.343763 0.007276 0.074450
v -0.350604 -0.018345 0.052143
v -0.342406 0.008129 0.055043
v -0.354996 -0.015532 0.035514
v -0.351865 0.008556 0.038008
v -0.356540 0.031548 0.091582
v -0.362311 0.027558 0.107680
v -0.355131 0.033961 0.072107
v -0.354198 0.033633 0.053999
v -0.358462 0.030187 0.040034
v -0.354996 -0.015532 0.035514
v -0.395930 -0.017856 0.026155
v -0.396435 0.008203 0.021363
v -0.351865 0.008556 0.038008
v -0.449763 -0.019276 0.021295
v -0.449710 0.009614 0.017457
v -0.502558 -0.019954 0.021332
v -0.502509 0.007440 0.017571
v -0.555421 -0.021671 0.021215
v -0.555358 0.005739 0.017539
v -0.608269 -0.019567 0.021315
v -0.608260 0.007700 0.017623
v -0.657861 -0.020489 0.022414
v -0.656445 0.005354 0.019182
v -0.706141 -0.024925 0.024028
v -0.703242 0.000234 0.021313
v -0.742798 -0.025125 0.026976
v -0.745608 -0.003205 0.025869
v -0.398138 0.034603 0.028112
v -0.358462 0.030187 0.040034
v -0.450573 0.035721 0.021134
v -0.502808 0.034576 0.021270
v -0.555476 0.032572 0.021287
v -0.608233 0.034611 0.021212
v -0.657025 0.033278 0.022716
v -0.701711 0.025768 0.025504
v -0.740340 0.020083 0.028631
v -0.742798 -0.025125 0.026976
v -0.745901 -0.028492 0.044166
v -0.754962 -0.006038 0.045768
v -0.745608 -0.003205 0.025869
v -0.748061 -0.027018 0.065832
v -0.756622 -0.005171 0.067771
v -0.751158 -0.024653 0.087007
v -0.759007 -0.000295 0.087757
v -0.748518 -0.021159 0.103239
v -0.752445 0.002292 0.105171
v -0.745608 0.020077 0.046465
v -0.740340 0.020083 0.028631
v -0.747578 0.022615 0.067528
v -0.750121 0.028419 0.087642
v -0.747058 0.024524 0.103701
v -0.363905 -0.017502 0.005418
v -0.413065 -0.020109 0.001105
v -0.413252 -0.023729 -0.036064
v -0.359015 -0.017887 -0.030019
v -0.413582 -0.022182 -0.079205
v -0.360262 -0.018527 -0.079102
v -0.413830 -0.018048 -0.122061
v -0.360164 -0.015900 -0.122013
v -0.413414 -0.022500 -0.164831
v -0.360261 -0.017280 -0.164902
v -0.413310 -0.021959 -0.200838
v -0.365693 -0.014014 -0.196900
v -0.477145 -0.020886 -0.000688
v -0.477036 -0.023815 -0.036042
v -0.413252 -0.023729 -0.036064
v -0.477036 -0.023815 -0.036042
v -0.477134 -0.024835 -0.079237
v -0.413582 -0.022182 -0.079205
v -0.477118 -0.023829 -0.121922
v -0.413830 -0.018048 -0.122061
v -0.477176 -0.022485 -0.164856
v -0.413414 -0.022500 -0.164831
v -0.477120 -0.020821 -0.200832
v -0.413310 -0.021959 -0.200838
v -0.540916 -0.023613 -0.000871
v -0.541100 -0.026212 -0.036601
v -0.541100 -0.026212 -0.036601
v -0.540837 -0.023944 -0.079226
v -0.540887 -0.024998 -0.122002
v -0.541046 -0.026888 -0.165160
v -0.540652 -0.024092 -0.200852
v -0.604634 -0.024569 -0.001178
v -0.604678 -0.029869 -0.037052
v -0.604678 -0.029869 -0.037052
v -0.604677 -0.025241 -0.079249
v -0.604658 -0.025771 -0.122016
v -0.604616 -0.027904 -0.164934
v -0.604676 -0.028034 -0.201293
v -0.665149 -0.024936 0.000050
v -0.667651 -0.024889 -0.036286
v -0.667651 -0.024889 -0.036286
v -0.668450 -0.023239 -0.079234
v -0.668403 -0.024385 -0.121992
v -0.668396 -0.028417 -0.164718
v -0.668419 -0.028096 -0.201405
v -0.724385 -0.027929 0.001746
v -0.729132 -0.026919 -0.035429
v -0.729132 -0.026919 -0.035429
v -0.732077 -0.023784 -0.079147
v -0.732204 -0.025461 -0.122074
v -0.732191 -0.031837 -0.164701
v -0.732180 -0.025156 -0.200940
v -0.786274 -0.027457 0.002601
v -0.793065 -0.025975 -0.035378
v -0.793065 -0.025975 -0.035378
v -0.795915 -0.023802 -0.079153
v -0.795992 -0.028381 -0.122615
v -0.795959 -0.028879 -0.164583
v -0.795889 -0.023714 -0.200887
v -0.859243 -0.021116 -0.000486
v -0.859655 -0.024575 -0.036398
v -0.859655 -0.024575 -0.036398
v -0.859894 -0.022468 -0.079176
v -0.859683 -0.027312 -0.122532
v -0.859603 -0.028877 -0.164650
v -0.859524 -0.024395 -0.201078
v -0.922733 -0.020904 -0.001510
v -0.922466 -0.024691 -0.037364
v -0.922466 -0.024691 -0.037364
v -0.921641 -0.025928 -0.079296
v -0.918258 -0.030149 -0.122246
v -0.919348 -0.029561 -0.164441
v -0.922335 -0.022783 -0.200641
v -0.922733 -0.020904 -0.001510
v -0.966425 -0.023244 -0.007189
v -0.972325 -0.025101 -0.039347
v -0.970888 -0.025811 -0.079508
v -0.966204 -0.029992 -0.121841
v -0.970034 -0.026280 -0.164511
v -0.968335 -0.022693 -0.196999
v -0.366543 0.018495 0.008287
v -0.361560 0.023069 -0.030034
v -0.415305 0.026525 -0.036165
v -0.414334 0.021965 -0.000304
v -0.365031 0.023486 -0.078948
v -0.417580 0.027380 -0.079231
v -0.364789 0.025623 -0.122035
v -0.417806 0.029637 -0.122005
v -0.363302 0.023596 -0.164828
v -0.415789 0.027382 -0.164855
v -0.368060 0.023462 -0.196523
v -0.415432 0.018351 -0.201089
v -0.477561 0.025771 -0.036068
v -0.477250 0.020685 -0.000893
v -0.479350 0.025218 -0.079166
v -0.478875 0.025758 -0.122029
v -0.477688 0.025744 -0.164904
v -0.478314 0.019948 -0.200685
v -0.540887 0.024413 -0.036389
v -0.541033 0.015839 -0.001168
v -0.541492 0.025839 -0.079249
v -0.541516 0.024691 -0.122064
v -0.540962 0.022436 -0.165042
v -0.541101 0.018057 -0.200935
v -0.605030 0.020766 -0.036951
v -0.604675 0.015835 -0.001319
v -0.604849 0.024209 -0.079200
v -0.604706 0.024132 -0.122016
v -0.604344 0.020748 -0.164815
v -0.604511 0.013869 -0.200680
v -0.667756 0.025465 -0.036277
v -0.664038 0.015381 0.000389
v -0.668586 0.026690 -0.079239
v -0.668418 0.025873 -0.121990
v -0.668339 0.020290 -0.164648
v -0.668421 0.013916 -0.201248
v -0.724935 0.019858 -0.033930
v -0.720140 0.008886 0.003045
v -0.731580 0.025511 -0.078995
v -0.732197 0.024959 -0.121975
v -0.732158 0.021979 -0.164879
v -0.732173 0.015515 -0.201004
v -0.789871 0.021909 -0.034227
v -0.785689 0.010953 0.003510
v -0.795299 0.024860 -0.079064
v -0.796122 0.024843 -0.122147
v -0.795992 0.024643 -0.164952
v -0.795860 0.016108 -0.200695
v -0.857793 0.024651 -0.035770
v -0.855228 0.016998 0.000880
v -0.859707 0.026898 -0.079323
v -0.859688 0.024509 -0.122259
v -0.859625 0.020289 -0.164675
v -0.859514 0.016933 -0.201090
v -0.921822 0.024891 -0.037832
v -0.922188 0.020390 -0.001731
v -0.922187 0.023552 -0.079461
v -0.918959 0.020901 -0.122164
v -0.918229 0.019230 -0.164666
v -0.922452 0.018528 -0.200575
v -0.971896 0.015952 -0.039941
v -0.962049 0.010048 -0.008548
v -0.970233 0.013302 -0.079565
v -0.963964 0.008753 -0.121542
v -0.965479 0.009561 -0.163868
v -0.966062 0.011751 -0.196825
v -0.363905 -0.017502 0.005418
v -0.359015 -0.017887 -0.030019
v -0.348648 0.003438 -0.029414
v -0.358622 0.000820 0.011380
v -0.360262 -0.018527 -0.079102
v -0.351114 0.004377 -0.078793
v -0.360164 -0.015900 -0.122013
v -0.352422 0.005172 -0.121979
v -0.360261 -0.017280 -0.164902
v -0.349950 0.004504 -0.164907
v -0.365693 -0.014014 -0.196900
v -0.361430 0.001246 -0.199823
v -0.361560 0.023069 -0.030034
v -0.366543 0.018495 0.008287
v -0.365031 0.023486 -0.078948
v -0.364789 0.025623 -0.122035
v -0.363302 0.023596 -0.164828
v -0.368060 0.023462 -0.196523
v -0.365693 -0.014014 -0.196900
v -0.413310 -0.021959 -0.200838
v -0.413358 -0.002950 -0.208055
v -0.361430 0.001246 -0.199823
v -0.477120 -0.020821 -0.200832
v -0.477048 -0.000925 -0.207806
v -0.540652 -0.024092 -0.200852
v -0.540199 -0.003202 -0.207906
v -0.604676 -0.028034 -0.201293
v -0.604536 -0.006217 -0.207694
v -0.668419 -0.028096 -0.201405
v -0.668418 -0.006250 -0.208303
v -0.732180 -0.025156 -0.200940
v -0.732181 -0.005251 -0.208176
v -0.795889 -0.023714 -0.200887
v -0.795871 -0.003342 -0.208105
v -0.859524 -0.024395 -0.201078
v -0.859492 -0.003940 -0.208211
v -0.922335 -0.022783 -0.200641
v -0.922204 -0.003376 -0.207729
v -0.968335 -0.022693 -0.196999
v -0.972877 -0.005537 -0.200575
v -0.415432 0.018351 -0.201089
v -0.368060 0.023462 -0.196523
v -0.478314 0.019948 -0.200685
v -0.541101 0.018057 -0.200935
v -0.604511 0.013869 -0.200680
v -0.668421 0.013916 -0.201248
v -0.732173 0.015515 -0.201004
v -0.795860 0.016108 -0.200695
v -0.859514 0.016933 -0.201090
v -0.922452 0.018528 -0.200575
v -0.966062 0.011751 -0.196825
v -0.968335 -0.022693 -0.196999
v -0.970034 -0.026280 -0.164511
v -0.979346 -0.006724 -0.164510
v -0.972877 -0.005537 -0.200575
v -0.966204 -0.029992 -0.121841
v -0.976035 -0.009785 -0.121851
v -0.970888 -0.025811 -0.079508
v -0.980632 -0.005891 -0.079666
v -0.972325 -0.025101 -0.039347
v -0.982031 -0.005367 -0.040086
v -0.966425 -0.023244 -0.007189
v -0.968731 -0.006529 -0.004393
v -0.979346 -0.006724 -0.164510
v -0.965479 0.009561 -0.163868
v -0.966062 0.011751 -0.196825
v -0.976035 -0.009785 -0.121851
v -0.963964 0.008753 -0.121542
v -0.980632 -0.005891 -0.079666
v -0.970233 0.013302 -0.079565
v -0.982031 -0.005367 -0.040086
v -0.971896 0.015952 -0.039941
v -0.968731 -0.006529 -0.004393
v -0.962049 0.010048 -0.008548
v -0.966425 -0.023244 -0.007189
v -0.922733 -0.020904 -0.001510
v -0.922130 -0.000511 0.005458
v -0.968731 -0.006529 -0.004393
v -0.859243 -0.021116 -0.000486
v -0.857550 -0.001923 0.007253
v -0.786274 -0.027457 0.002601
v -0.784847 -0.009147 0.010699
v -0.724385 -0.027929 0.001746
v -0.722181 -0.008185 0.009761
v -0.665149 -0.024936 0.000050
v -0.663653 -0.004583 0.007831
v -0.604634 -0.024569 -0.001178
v -0.604664 -0.002704 0.006043
v -0.540916 -0.023613 -0.000871
v -0.540929 -0.002207 0.006356
v -0.477145 -0.020886 -0.000688
v -0.477161 -0.000187 0.006408
v -0.413065 -0.020109 0.001105
v -0.413056 0.000730 0.008085
v -0.363905 -0.017502 0.005418
v -0.358622 0.000820 0.011380
v -0.922188 0.020390 -0.001731
v -0.962049 0.010048 -0.008548
v -0.855228 0.016998 0.000880
v -0.785689 0.010953 0.003510
v -0.720140 0.008886 0.003045
v -0.664038 0.015381 0.000389
v -0.604675 0.015835 -0.001319
v -0.541033 0.015839 -0.001168
v -0.477250 0.020685 -0.000893
v -0.414334 0.021965 -0.000304
v -0.366543 0.018495 0.008287
v -0.570388 -0.022501 -0.229077
v -0.572873 -0.025036 -0.257532
v -0.534712 -0.020472 -0.256375
v -0.535279 -0.021610 -0.225683
v -0.487914 -0.022293 -0.257297
v -0.488756 -0.019993 -0.225567
v -0.442324 -0.025646 -0.257558
v -0.442859 -0.023978 -0.225874
v -0.395995 -0.026104 -0.257765
v -0.396327 -0.023469 -0.225991
v -0.355035 -0.020811 -0.254182
v -0.360713 -0.017513 -0.227791
v -0.574295 -0.021991 -0.297786
v -0.535569 -0.022543 -0.297667
v -0.487583 -0.021969 -0.297678
v -0.442869 -0.025747 -0.297884
v -0.396504 -0.023886 -0.297819
v -0.356096 -0.019083 -0.295573
v -0.574290 -0.019945 -0.337090
v -0.535629 -0.023446 -0.337051
v -0.485674 -0.024934 -0.336974
v -0.441939 -0.023844 -0.337014
v -0.396436 -0.022537 -0.337033
v -0.357699 -0.018276 -0.337188
v -0.574277 -0.019178 -0.376344
v -0.535663 -0.024321 -0.376363
v -0.485805 -0.023647 -0.376282
v -0.441843 -0.023069 -0.376480
v -0.396441 -0.023279 -0.376375
v -0.357788 -0.018268 -0.376595
v -0.574246 -0.020045 -0.415585
v -0.535695 -0.024178 -0.415662
v -0.486829 -0.024623 -0.415593
v -0.442752 -0.023516 -0.415761
v -0.396522 -0.022689 -0.415699
v -0.357836 -0.015572 -0.415659
v -0.574176 -0.019846 -0.454942
v -0.535162 -0.027238 -0.454836
v -0.486766 -0.026164 -0.454866
v -0.441707 -0.024328 -0.454749
v -0.396504 -0.023038 -0.454799
v -0.358087 -0.010797 -0.455005
v -0.574009 -0.021529 -0.494064
v -0.535017 -0.026588 -0.493676
v -0.486466 -0.027310 -0.493118
v -0.441597 -0.024401 -0.493367
v -0.396269 -0.022484 -0.494200
v -0.357979 -0.006875 -0.494348
v -0.573256 -0.022104 -0.532453
v -0.533687 -0.028253 -0.531496
v -0.487836 -0.026360 -0.532252
v -0.441109 -0.026192 -0.532973
v -0.396209 -0.021095 -0.533436
v -0.357808 -0.010374 -0.533421
v -0.572503 -0.006788 -0.571857
v -0.534629 -0.025935 -0.572033
v -0.488141 -0.026111 -0.572071
v -0.442187 -0.025431 -0.572340
v -0.396203 -0.024197 -0.571942
v -0.357803 -0.020236 -0.572020
v -0.568337 0.003121 -0.601350
v -0.534006 -0.018345 -0.604218
v -0.488402 -0.022763 -0.604816
v -0.442054 -0.019903 -0.604821
v -0.396434 -0.022616 -0.604004
v -0.361867 -0.019938 -0.600798
v -0.568958 0.015347 -0.228094
v -0.535427 0.023211 -0.223695
v -0.536041 0.026085 -0.258435
v -0.571939 0.011733 -0.258436
v -0.488858 0.023470 -0.223853
v -0.490065 0.025152 -0.258494
v -0.442950 0.014352 -0.225079
v -0.443764 0.017183 -0.259166
v -0.396781 0.015545 -0.225275
v -0.397462 0.018065 -0.258274
v -0.361990 0.017439 -0.225860
v -0.353491 0.016546 -0.249874
v -0.535946 0.027108 -0.297733
v -0.571950 0.016595 -0.297812
v -0.489809 0.028429 -0.297697
v -0.443787 0.021395 -0.298064
v -0.397472 0.023920 -0.297718
v -0.353277 0.014587 -0.291025
v -0.535046 0.025939 -0.337079
v -0.569233 0.019440 -0.336916
v -0.489247 0.026675 -0.337059
v -0.443474 0.026721 -0.337151
v -0.397350 0.026652 -0.337023
v -0.358294 0.021349 -0.337493
v -0.533624 0.024932 -0.376296
v -0.570588 0.020119 -0.376251
v -0.489258 0.026154 -0.376384
v -0.442908 0.026983 -0.376369
v -0.396503 0.026987 -0.376350
v -0.357409 0.021896 -0.376466
v -0.534545 0.025150 -0.415711
v -0.572115 0.020790 -0.415672
v -0.489277 0.026399 -0.415663
v -0.442908 0.026719 -0.415571
v -0.396467 0.027454 -0.415681
v -0.356828 0.022214 -0.415555
v -0.533843 0.021683 -0.454887
v -0.571513 0.020228 -0.454831
v -0.489278 0.025183 -0.454934
v -0.442811 0.026640 -0.454931
v -0.396467 0.026634 -0.454868
v -0.357778 0.025489 -0.454981
v -0.534019 0.023369 -0.494337
v -0.571565 0.020202 -0.494037
v -0.488831 0.024175 -0.494023
v -0.441913 0.025806 -0.493357
v -0.396202 0.026287 -0.494097
v -0.357883 0.027259 -0.494318
v -0.532961 0.021815 -0.532475
v -0.571892 0.019017 -0.532771
v -0.487479 0.022773 -0.531817
v -0.442460 0.024076 -0.532918
v -0.396379 0.026662 -0.533555
v -0.357685 0.025121 -0.533469
v -0.533148 0.021559 -0.571018
v -0.571237 0.017754 -0.570432
v -0.488128 0.023289 -0.571908
v -0.442060 0.024318 -0.571983
v -0.396303 0.021342 -0.571386
v -0.357817 0.017795 -0.571441
v -0.534409 0.018297 -0.604611
v -0.569026 0.017415 -0.601231
v -0.488352 0.018801 -0.604735
v -0.442133 0.021174 -0.604919
v -0.396360 0.012029 -0.602564
v -0.361996 0.011687 -0.599726
v -0.570388 -0.022501 -0.229077
v -0.535279 -0.021610 -0.225683
v -0.534970 -0.001716 -0.219078
v -0.574034 -0.004653 -0.226085
v -0.488756 -0.019993 -0.225567
v -0.489137 0.000084 -0.219151
v -0.442859 -0.023978 -0.225874
v -0.442465 -0.004506 -0.218975
v -0.396327 -0.023469 -0.225991
v -0.396369 -0.003382 -0.219456
v -0.360713 -0.017513 -0.227791
v -0.357186 -0.000648 -0.222736
v -0.535427 0.023211 -0.223695
v -0.568958 0.015347 -0.228094
v -0.488858 0.023470 -0.223853
v -0.442950 0.014352 -0.225079
v -0.396781 0.015545 -0.225275
v -0.361990 0.017439 -0.225860
v -0.360713 -0.017513 -0.227791
v -0.355035 -0.020811 -0.254182
v -0.341810 -0.005827 -0.246436
v -0.357186 -0.000648 -0.222736
v -0.356096 -0.019083 -0.295573
v -0.343900 -0.005138 -0.291139
v -0.357699 -0.018276 -0.337188
v -0.349278 -0.000377 -0.338333
v -0.357788 -0.018268 -0.376595
v -0.349584 0.001018 -0.376493
v -0.357836 -0.015572 -0.415659
v -0.349239 0.005273 -0.415529
v -0.358087 -0.010797 -0.455005
v -0.350105 0.009621 -0.455000
v -0.357979 -0.006875 -0.494348
v -0.350186 0.010141 -0.494355
v -0.357808 -0.010374 -0.533421
v -0.350090 0.009706 -0.533509
v -0.357803 -0.020236 -0.572020
v -0.350145 0.000950 -0.571771
v -0.361867 -0.019938 -0.600798
v -0.358261 -0.004998 -0.603408
v -0.353491 0.016546 -0.249874
v -0.361990 0.017439 -0.225860
v -0.353277 0.014587 -0.291025
v -0.358294 0.021349 -0.337493
v -0.357409 0.021896 -0.376466
v -0.356828 0.022214 -0.415555
v -0.357778 0.025489 -0.454981
v -0.357883 0.027259 -0.494318
v -0.357685 0.025121 -0.533469
v -0.357817 0.017795 -0.571441
v -0.361996 0.011687 -0.599726
v -0.361867 -0.019938 -0.600798
v -0.396434 -0.022616 -0.604004
v -0.396509 -0.006414 -0.609818
v -0.358261 -0.004998 -0.603408
v -0.442054 -0.019903 -0.604821
v -0.442088 0.000362 -0.611362
v -0.488402 -0.022763 -0.604816
v -0.488497 -0.002108 -0.611394
v -0.534006 -0.018345 -0.604218
v -0.534543 0.000260 -0.611240
v -0.568337 0.003121 -0.601350
v -0.572668 0.011247 -0.604616
v -0.396360 0.012029 -0.602564
v -0.361996 0.011687 -0.599726
v -0.442133 0.021174 -0.604919
v -0.488352 0.018801 -0.604735
v -0.534409 0.018297 -0.604611
v -0.569026 0.017415 -0.601231
v -0.568337 0.003121 -0.601350
v -0.572503 -0.006788 -0.571857
v -0.580522 0.007745 -0.571768
v -0.572668 0.011247 -0.604616
v -0.573256 -0.022104 -0.532453
v -0.580847 -0.000449 -0.532442
v -0.574009 -0.021529 -0.494064
v -0.581549 -0.000393 -0.494107
v -0.574176 -0.019846 -0.454942
v -0.581284 0.000306 -0.454788
v -0.574246 -0.020045 -0.415585
v -0.582196 0.000730 -0.415740
v -0.574277 -0.019178 -0.376344
v -0.581971 0.001221 -0.376398
v -0.574290 -0.019945 -0.337090
v -0.581000 -0.000148 -0.337043
v -0.574295 -0.021991 -0.297786
v -0.582024 -0.004314 -0.297880
v -0.572873 -0.025036 -0.257532
v -0.582012 -0.008975 -0.258698
v -0.570388 -0.022501 -0.229077
v -0.574034 -0.004653 -0.226085
v -0.572668 0.011247 -0.604616
v -0.580522 0.007745 -0.571768
v -0.571237 0.017754 -0.570432
v -0.569026 0.017415 -0.601231
v -0.580847 -0.000449 -0.532442
v -0.571892 0.019017 -0.532771
v -0.581549 -0.000393 -0.494107
v -0.571565 0.020202 -0.494037
v -0.581284 0.000306 -0.454788
v -0.571513 0.020228 -0.454831
v -0.582196 0.000730 -0.415740
v -0.572115 0.020790 -0.415672
v -0.581971 0.001221 -0.376398
v -0.570588 0.020119 -0.376251
v -0.581000 -0.000148 -0.337043
v -0.569233 0.019440 -0.336916
v -0.582024 -0.004314 -0.297880
v -0.571950 0.016595 -0.297812
v -0.582012 -0.008975 -0.258698
v -0.571939 0.011733 -0.258436
v -0.574034 -0.004653 -0.226085
v -0.568958 0.015347 -0.228094
v -0.568028 0.004050 -0.626223
v -0.572017 0.005394 -0.654953
v -0.534682 -0.020948 -0.655263
v -0.534331 -0.017651 -0.623347
v -0.488704 -0.026965 -0.655425
v -0.488401 -0.022971 -0.623591
v -0.442533 -0.025919 -0.655248
v -0.442207 -0.021712 -0.623625
v -0.396197 -0.024570 -0.655688
v -0.396327 -0.021466 -0.623291
v -0.357768 -0.016814 -0.655973
v -0.361762 -0.018820 -0.626772
v -0.572664 0.007049 -0.693176
v -0.535030 -0.021317 -0.693452
v -0.488417 -0.025710 -0.692988
v -0.442250 -0.026558 -0.693109
v -0.396232 -0.023417 -0.693600
v -0.357857 -0.016990 -0.693841
v -0.572765 0.008610 -0.731349
v -0.534999 -0.022599 -0.731032
v -0.488984 -0.027581 -0.731195
v -0.442463 -0.027001 -0.731256
v -0.396475 -0.022894 -0.731651
v -0.358044 -0.018719 -0.731728
v -0.572735 0.007216 -0.769111
v -0.535263 -0.021449 -0.769327
v -0.489183 -0.027407 -0.769395
v -0.442957 -0.026639 -0.769405
v -0.396504 -0.023782 -0.769485
v -0.357968 -0.022392 -0.769483
v -0.573054 0.007450 -0.807136
v -0.535369 -0.021809 -0.807266
v -0.489546 -0.025616 -0.807266
v -0.442850 -0.027486 -0.807271
v -0.396426 -0.026691 -0.807275
v -0.357844 -0.021977 -0.807292
v -0.572992 0.008982 -0.844942
v -0.535413 -0.021965 -0.845087
v -0.489222 -0.024281 -0.845105
v -0.442799 -0.028108 -0.845054
v -0.396394 -0.026435 -0.845057
v -0.357800 -0.021487 -0.845085
v -0.572802 0.008059 -0.882783
v -0.535441 -0.022199 -0.882901
v -0.489212 -0.025375 -0.882918
v -0.442807 -0.026722 -0.882880
v -0.396446 -0.026957 -0.882897
v -0.357817 -0.022265 -0.882640
v -0.572818 0.006980 -0.920514
v -0.535390 -0.023663 -0.920528
v -0.489186 -0.025613 -0.920669
v -0.442795 -0.026524 -0.920625
v -0.396401 -0.025981 -0.920645
v -0.356979 -0.023717 -0.919151
v -0.572660 0.001567 -0.957686
v -0.534993 -0.029705 -0.957420
v -0.488929 -0.029315 -0.957878
v -0.442851 -0.030807 -0.958230
v -0.396265 -0.027092 -0.958090
v -0.355503 -0.028716 -0.953603
v -0.568440 -0.005155 -0.985080
v -0.534923 -0.026892 -0.988775
v -0.488814 -0.028094 -0.988958
v -0.442780 -0.026511 -0.989728
v -0.396185 -0.026090 -0.989376
v -0.358941 -0.027627 -0.981358
v -0.569360 0.017121 -0.626558
v -0.534302 0.018453 -0.623484
v -0.534852 0.022278 -0.654863
v -0.573028 0.018288 -0.654718
v -0.488330 0.018512 -0.623537
v -0.488391 0.022283 -0.654768
v -0.442101 0.020055 -0.623594
v -0.442164 0.023724 -0.655265
v -0.396609 0.014155 -0.622048
v -0.396214 0.024453 -0.655608
v -0.361933 0.013824 -0.625951
v -0.358004 0.022629 -0.655735
v -0.534976 0.021431 -0.693151
v -0.573788 0.018215 -0.693019
v -0.488261 0.023838 -0.692814
v -0.442342 0.023542 -0.693282
v -0.396383 0.026381 -0.693723
v -0.357096 0.021690 -0.693779
v -0.534838 0.020647 -0.730789
v -0.573956 0.018977 -0.731405
v -0.488607 0.021753 -0.730983
v -0.442279 0.022584 -0.731082
v -0.396478 0.026689 -0.731650
v -0.357481 0.022029 -0.731674
v -0.535403 0.022115 -0.769089
v -0.574172 0.016550 -0.769122
v -0.488830 0.021871 -0.769009
v -0.442761 0.023102 -0.769370
v -0.396467 0.025899 -0.769504
v -0.357476 0.018838 -0.769442
v -0.535580 0.022527 -0.807251
v -0.574632 0.016310 -0.807208
v -0.489170 0.023932 -0.807233
v -0.442873 0.022643 -0.807274
v -0.396489 0.023143 -0.807267
v -0.357639 0.019365 -0.807279
v -0.535617 0.023119 -0.845112
v -0.574398 0.018076 -0.845111
v -0.489244 0.025221 -0.845109
v -0.442856 0.021561 -0.845020
v -0.396382 0.022806 -0.845060
v -0.357607 0.020053 -0.845084
v -0.535619 0.023724 -0.882918
v -0.574258 0.018849 -0.882928
v -0.489201 0.024545 -0.882914
v -0.442781 0.022838 -0.882878
v -0.396570 0.022844 -0.882852
v -0.357660 0.019719 -0.882598
v -0.535434 0.021590 -0.920343
v -0.574317 0.018526 -0.920654
v -0.489135 0.023924 -0.920623
v -0.442769 0.021595 -0.920532
v -0.396490 0.023263 -0.920388
v -0.356414 0.015311 -0.917724
v -0.534826 0.014106 -0.956831
v -0.573935 0.014858 -0.957793
v -0.488807 0.016731 -0.957419
v -0.442719 0.013897 -0.957924
v -0.395772 0.018798 -0.957161
v -0.355073 0.011729 -0.952888
v -0.534719 0.008895 -0.988124
v -0.569581 0.008149 -0.985182
v -0.488390 0.006681 -0.988076
v -0.442739 0.010959 -0.989505
v -0.395376 0.008110 -0.987536
v -0.358002 0.006569 -0.979457
v -0.568028 0.004050 -0.626223
v -0.534331 -0.017651 -0.623347
v -0.534409 0.000052 -0.617003
v -0.572483 0.011234 -0.623258
v -0.488401 -0.022971 -0.623591
v -0.488368 -0.002235 -0.617245
v -0.442207 -0.021712 -0.623625
v -0.441971 -0.000967 -0.617215
v -0.396327 -0.021466 -0.623291
v -0.396594 -0.005128 -0.615925
v -0.361762 -0.018820 -0.626772
v -0.358110 -0.003533 -0.622812
v -0.572483 0.011234 -0.623258
v -0.534409 0.000052 -0.617003
v -0.534302 0.018453 -0.623484
v -0.569360 0.017121 -0.626558
v -0.488368 -0.002235 -0.617245
v -0.488330 0.018512 -0.623537
v -0.441971 -0.000967 -0.617215
v -0.442101 0.020055 -0.623594
v -0.396594 -0.005128 -0.615925
v -0.396609 0.014155 -0.622048
v -0.361933 0.013824 -0.625951
v -0.361762 -0.018820 -0.626772
v -0.357768 -0.016814 -0.655973
v -0.350196 0.002196 -0.655938
v -0.358110 -0.003533 -0.622812
v -0.357857 -0.016990 -0.693841
v -0.349375 0.001897 -0.693762
v -0.358044 -0.018719 -0.731728
v -0.350146 0.000732 -0.731697
v -0.357968 -0.022392 -0.769483
v -0.349935 -0.003114 -0.769449
v -0.357844 -0.021977 -0.807292
v -0.350178 -0.001941 -0.807285
v -0.357800 -0.021487 -0.845085
v -0.350135 0.000074 -0.845095
v -0.357817 -0.022265 -0.882640
v -0.349983 -0.001525 -0.882375
v -0.356979 -0.023717 -0.919151
v -0.348877 -0.004657 -0.917822
v -0.355503 -0.028716 -0.953603
v -0.347288 -0.009281 -0.952696
v -0.358941 -0.027627 -0.981358
v -0.354231 -0.012088 -0.982762
v -0.358004 0.022629 -0.655735
v -0.361933 0.013824 -0.625951
v -0.357096 0.021690 -0.693779
v -0.357481 0.022029 -0.731674
v -0.357476 0.018838 -0.769442
v -0.357639 0.019365 -0.807279
v -0.357607 0.020053 -0.845084
v -0.357660 0.019719 -0.882598
v -0.356414 0.015311 -0.917724
v -0.355073 0.011729 -0.952888
v -0.358002 0.006569 -0.979457
v -0.358941 -0.027627 -0.981358
v -0.396185 -0.026090 -0.989376
v -0.395889 -0.008169 -0.994991
v -0.354231 -0.012088 -0.982762
v -0.442780 -0.026511 -0.989728
v -0.442783 -0.007916 -0.995875
v -0.488814 -0.028094 -0.988958
v -0.488575 -0.009822 -0.994865
v -0.534923 -0.026892 -0.988775
v -0.534812 -0.008827 -0.994741
v -0.568440 -0.005155 -0.985080
v -0.572918 0.002343 -0.988400
v -0.395376 0.008110 -0.987536
v -0.358002 0.006569 -0.979457
v -0.442739 0.010959 -0.989505
v -0.488390 0.006681 -0.988076
v -0.534719 0.008895 -0.988124
v -0.569581 0.008149 -0.985182
v -0.568440 -0.005155 -0.985080
v -0.572660 0.001567 -0.957686
v -0.581173 0.009747 -0.958016
v -0.572918 0.002343 -0.988400
v -0.581626 0.010658 -0.920631
v -0.581173 0.009747 -0.958016
v -0.581425 0.012382 -0.882857
v -0.581487 0.014197 -0.845016
v -0.581654 0.010981 -0.807155
v -0.581581 0.010361 -0.769173
v -0.581294 0.012457 -0.731374
v -0.580895 0.013308 -0.693025
v -0.580146 0.012129 -0.654708
v -0.572017 0.005394 -0.654953
v -0.568028 0.004050 -0.626223
v -0.572483 0.011234 -0.623258
v -0.580146 0.012129 -0.654708
v -0.572918 0.002343 -0.988400
v -0.581173 0.009747 -0.958016
v -0.573935 0.014858 -0.957793
v -0.569581 0.008149 -0.985182
v -0.581626 0.010658 -0.920631
v -0.574317 0.018526 -0.920654
v -0.581425 0.012382 -0.882857
v -0.574258 0.018849 -0.882928
v -0.581487 0.014197 -0.845016
v -0.574398 0.018076 -0.845111
v -0.581654 0.010981 -0.807155
v -0.574632 0.016310 -0.807208
v -0.581581 0.010361 -0.769173
v -0.574172 0.016550 -0.769122
v -0.581294 0.012457 -0.731374
v -0.573956 0.018977 -0.731405
v -0.580895 0.013308 -0.693025
v -0.573788 0.018215 -0.693019
v -0.580146 0.012129 -0.654708
v -0.573028 0.018288 -0.654718
v -0.580146 0.012129 -0.654708
v -0.572483 0.011234 -0.623258
v -0.569360 0.017121 -0.626558
v -0.573028 0.018288 -0.654718
vn 0.0239 -0.9514 0.3071
vn -0.2084 -0.9345 0.2885
vn -0.1807 -0.9832 -0.0241
vn -0.0006 -0.9996 0.0265
vn 0.0105 -0.9494 0.3138
vn 0.0258 -0.9995 0.0179
vn -0.0173 -0.9601 0.2790
vn -0.0474 -0.9981 0.0392
vn -0.0524 -0.9383 0.3418
vn -0.0082 -0.9999 -0.0131
vn 0.2957 -0.9061 0.3024
vn 0.3164 -0.9482 -0.0277
vn -0.2978 -0.9546 -0.0120
vn -0.0095 -0.9997 -0.0205
vn 0.0083 -1.0000 0.0033
vn -0.0062 -0.9998 -0.0207
vn 0.0339 -0.9977 -0.0594
vn 0.2985 -0.9530 -0.0529
vn -0.2986 -0.9540 -0.0264
vn -0.0225 -0.9993 -0.0295
vn 0.0140 -0.9990 -0.0423
vn -0.0232 -0.9996 0.0128
vn 0.0404 -0.9991 -0.0104
vn 0.2732 -0.9618 0.0198
vn -0.2603 -0.9365 -0.2350
vn 0.0134 -0.9595 -0.2815
vn -0.0322 -0.9619 -0.2714
vn -0.0336 -0.9684 -0.2471
vn 0.0017 -0.9801 -0.1984
vn 0.2373 -0.9590 -0.1547
vn -0.0714 -0.9606 -0.2686
vn 0.0310 -0.9617 -0.2724
vn -0.0469 -0.9672 -0.2496
vn -0.0644 -0.9620 -0.2655
vn -0.0616 -0.9751 -0.2132
vn 0.0152 -0.9867 -0.1620
vn -0.0585 -0.9978 -0.0299
vn -0.0118 -0.9999 0.0052
vn -0.0166 -0.9998 -0.0068
vn -0.0577 -0.9979 -0.0310
vn -0.0889 -0.9956 -0.0307
vn -0.0074 -1.0000 -0.0050
vn -0.0880 -0.9958 0.0252
vn -0.0034 -1.0000 -0.0030
vn -0.0161 -0.9998 0.0115
vn -0.0311 -0.9995 -0.0092
vn -0.0920 -0.9956 -0.0162
vn -0.0636 -0.9978 -0.0158
vn -0.0435 -0.9985 -0.0340
vn -0.0149 -0.9998 -0.0156
vn -0.0177 -0.9997 -0.0144
vn -0.0309 -0.9995 -0.0058
vn -0.0924 -0.9956 0.0154
vn -0.0007 -0.9999 -0.0115
vn -0.0648 -0.9979 -0.0019
vn -0.0168 -0.9999 0.0036
vn -0.0248 -0.9997 -0.0000
vn -0.0677 -0.9973 0.0294
vn -0.1135 -0.9891 0.0937
vn 0.0475 -0.9988 0.0150
vn -0.0778 -0.9962 -0.0390
vn -0.0117 -0.9991 -0.0397
vn -0.0256 -0.9993 -0.0263
vn -0.1186 -0.9924 0.0316
vn -0.0860 -0.9962 -0.0165
vn 0.1376 -0.9886 -0.0611
vn -0.3981 0.9078 0.1322
vn -0.3656 0.8802 0.3027
vn -0.1308 0.9371 0.3236
vn -0.0620 0.9974 0.0355
vn -0.0113 0.9503 0.3110
vn -0.0178 0.9993 0.0340
vn 0.0313 0.9497 0.3115
vn 0.0768 0.9970 0.0077
vn 0.1347 0.9710 0.1975
vn 0.0664 0.9942 0.0851
vn 0.2471 0.9478 0.2018
vn 0.2738 0.9566 0.0999
vn -0.3047 0.9524 0.0142
vn -0.0421 0.9990 0.0136
vn -0.0071 1.0000 -0.0018
vn -0.0007 0.9993 0.0369
vn 0.0338 0.9962 0.0804
vn 0.2974 0.9518 0.0748
vn -0.3113 0.9502 0.0135
vn -0.0347 0.9993 0.0156
vn -0.0128 0.9993 0.0348
vn 0.0233 0.9994 -0.0254
vn 0.0159 0.9999 0.0040
vn 0.3107 0.9505 -0.0078
vn -0.3065 0.9491 0.0730
vn -0.0450 0.9974 0.0556
vn 0.0408 0.9988 0.0269
vn 0.0315 0.9995 0.0032
vn 0.0310 0.9991 -0.0285
vn 0.2280 0.9736 -0.0142
vn -0.1622 0.9857 0.0456
vn -0.0094 0.9997 0.0219
vn 0.0611 0.9981 -0.0083
vn 0.0501 0.9986 0.0167
vn 0.0436 0.9989 -0.0177
vn 0.1167 0.9928 -0.0260
vn -0.0544 0.9985 -0.0068
vn 0.0314 0.9988 -0.0384
vn 0.0269 0.9993 -0.0259
vn 0.0444 0.9990 -0.0038
vn 0.0668 0.9977 -0.0063
vn 0.1345 0.9904 -0.0326
vn -0.0100 0.9994 -0.0326
vn 0.0263 0.9996 -0.0092
vn 0.0258 0.9994 -0.0209
vn 0.0195 0.9998 -0.0013
vn 0.0695 0.9976 0.0079
vn 0.1387 0.9903 0.0011
vn -0.0477 0.9980 0.0403
vn 0.0346 0.9991 0.0262
vn 0.0262 0.9993 0.0254
vn 0.0173 0.9997 0.0155
vn 0.0814 0.9966 -0.0138
vn 0.1101 0.9938 0.0148
vn -0.0328 0.9994 0.0115
vn 0.0355 0.9992 0.0158
vn 0.0375 0.9992 0.0157
vn 0.0596 0.9981 -0.0149
vn 0.0966 0.9921 -0.0802
vn 0.0660 0.9978 0.0035
vn -0.0491 0.9941 -0.0963
vn 0.0237 0.9965 -0.0800
vn 0.0362 0.9972 -0.0649
vn 0.1143 0.9865 -0.1171
vn 0.0736 0.9914 -0.1086
vn -0.0112 0.9997 -0.0229
vn -0.6627 -0.0870 0.7438
vn -0.2085 -0.9345 0.2884
vn 0.0239 -0.9514 0.3070
vn -0.0772 -0.0138 0.9969
vn -0.0057 0.0003 1.0000
vn -0.0038 0.0008 1.0000
vn -0.0523 -0.9383 0.3418
vn 0.0960 0.0494 0.9942
vn 0.2958 -0.9061 0.3023
vn 0.7033 -0.1235 0.7001
vn -0.0114 0.9503 0.3110
vn 0.0312 0.9497 0.3115
vn 0.7032 -0.1236 0.7001
vn 0.9970 -0.0138 0.0757
vn 0.2984 -0.9530 -0.0529
vn 0.9949 -0.0995 0.0153
vn 0.2732 -0.9618 0.0199
vn 0.9993 -0.0379 0.0011
vn 0.2373 -0.9591 -0.1546
vn 0.9994 0.0336 0.0032
vn 0.9994 0.0336 0.0031
vn 0.9926 0.0943 -0.0765
vn 0.9884 0.1393 -0.0599
vn 0.9896 0.1426 0.0194
vn 0.9655 0.2571 -0.0420
vn 0.9218 0.3826 -0.0625
vn 0.6234 -0.2662 -0.7352
vn 0.2470 0.9478 0.2018
vn 0.2739 0.9566 0.0998
vn 0.3108 0.9505 -0.0078
vn 0.2279 0.9736 -0.0142
vn 0.9926 0.0943 -0.0766
vn 0.1168 0.9928 -0.0259
vn 0.9884 0.1394 -0.0599
vn 0.9654 0.2572 -0.0419
vn 0.9218 0.3826 -0.0626
vn 0.0477 -0.0810 -0.9956
vn 0.0231 -0.0216 -0.9995
vn -0.0001 -0.0196 -0.9998
vn -0.0797 0.2082 -0.9748
vn -0.6174 -0.4434 -0.6498
vn 0.6234 -0.2661 -0.7352
vn 0.0475 -0.0810 -0.9956
vn 0.0736 0.9914 -0.1087
vn 0.1143 0.9865 -0.1172
vn -0.0001 -0.0195 -0.9998
vn -0.0798 0.2082 -0.9748
vn 0.0237 0.9965 -0.0801
vn -0.6174 -0.4435 -0.6498
vn -0.9765 -0.2062 -0.0626
vn -0.9812 -0.1922 0.0154
vn -0.9813 -0.1923 -0.0080
vn -0.9878 -0.1551 -0.0129
vn -0.9993 -0.0363 -0.0133
vn -0.9993 0.0231 -0.0310
vn -0.9993 0.0230 -0.0310
vn -0.2986 -0.9540 -0.0265
vn -1.0000 0.0089 -0.0037
vn -0.9999 0.0088 0.0147
vn -0.9906 0.0751 0.1144
vn -0.9765 -0.2062 -0.0625
vn -0.9812 -0.1923 0.0154
vn -0.9993 -0.0362 -0.0134
vn -0.3047 0.9523 0.0142
vn -0.3981 0.9077 0.1322
vn 0.0150 -0.9513 0.3080
vn -0.2414 -0.9471 0.2114
vn -0.2879 -0.9576 0.0079
vn -0.0003 -0.9992 0.0406
vn 0.0018 -0.9336 0.3584
vn 0.0131 -0.9981 0.0610
vn -0.0562 -0.9475 0.3147
vn -0.0420 -0.9985 0.0347
vn -0.0364 -0.9613 0.2729
vn -0.0178 -0.9995 -0.0271
vn 0.3321 -0.8963 0.2937
vn 0.3411 -0.9399 -0.0150
vn -0.3649 -0.9311 -0.0030
vn -0.0314 -0.9995 0.0095
vn -0.0041 -0.9995 0.0311
vn 0.0095 -0.9999 0.0117
vn 0.0329 -0.9993 -0.0165
vn 0.3577 -0.9335 -0.0254
vn -0.3650 -0.9310 -0.0075
vn -0.0558 -0.9983 0.0137
vn -0.0218 -0.9993 0.0320
vn 0.0037 -0.9994 0.0357
vn 0.0485 -0.9986 0.0233
vn 0.3729 -0.9276 0.0233
vn -0.4026 -0.9154 0.0007
vn -0.0744 -0.9972 0.0003
vn -0.0329 -0.9994 0.0124
vn 0.0104 -0.9998 0.0157
vn 0.0414 -0.9991 0.0099
vn 0.3165 -0.9485 0.0159
vn -0.3697 -0.9290 -0.0135
vn -0.0848 -0.9964 -0.0027
vn -0.0585 -0.9980 0.0253
vn 0.0402 -0.9990 -0.0190
vn 0.0289 -0.9996 0.0029
vn 0.3844 -0.9230 -0.0166
vn -0.3845 -0.9222 0.0401
vn -0.1092 -0.9932 0.0405
vn 0.0024 -1.0000 -0.0074
vn 0.0210 -0.9997 0.0103
vn 0.0727 -0.9970 -0.0254
vn 0.4105 -0.9111 -0.0372
vn -0.3447 -0.9387 0.0007
vn -0.0740 -0.9972 0.0101
vn 0.0031 -0.9999 -0.0132
vn 0.0422 -0.9991 -0.0094
vn 0.0825 -0.9966 0.0059
vn 0.3938 -0.9190 0.0211
vn -0.4311 -0.9021 0.0203
vn -0.0464 -0.9984 -0.0322
vn -0.0060 -0.9998 -0.0172
vn -0.0009 -1.0000 -0.0026
vn 0.0456 -0.9990 0.0014
vn 0.3773 -0.9260 0.0116
vn -0.2689 -0.9616 -0.0541
vn -0.0376 -0.9982 -0.0460
vn 0.0026 -0.9980 -0.0637
vn 0.0235 -0.9977 -0.0630
vn 0.0560 -0.9950 -0.0823
vn 0.3858 -0.9178 -0.0943
vn -0.2771 -0.9046 -0.3239
vn -0.0186 -0.9448 -0.3272
vn -0.0066 -0.9472 -0.3206
vn 0.0160 -0.9436 -0.3307
vn 0.0909 -0.9452 -0.3136
vn 0.3877 -0.8496 -0.3576
vn -0.3721 0.9263 0.0589
vn -0.4564 0.8073 0.3742
vn -0.1445 0.9422 0.3022
vn -0.0939 0.9948 0.0387
vn -0.0010 0.9580 0.2867
vn -0.0126 0.9999 0.0019
vn 0.1101 0.9412 0.3195
vn 0.0538 0.9975 0.0455
vn 0.0686 0.9151 0.3973
vn 0.0857 0.9921 0.0915
vn 0.4051 0.8661 0.2929
vn 0.4120 0.9072 0.0845
vn -0.3892 0.9210 0.0161
vn -0.0386 0.9992 -0.0058
vn 0.0051 0.9996 -0.0289
vn -0.0100 0.9999 -0.0037
vn 0.0383 0.9989 0.0267
vn 0.3836 0.9222 0.0493
vn -0.3821 0.9241 0.0057
vn -0.0182 0.9998 -0.0123
vn 0.0235 0.9992 -0.0333
vn -0.0054 0.9994 -0.0347
vn 0.0240 0.9994 -0.0233
vn 0.4213 0.9049 -0.0604
vn -0.3521 0.9360 0.0022
vn 0.0058 1.0000 -0.0021
vn 0.0338 0.9993 -0.0140
vn -0.0131 0.9998 -0.0157
vn 0.0585 0.9980 -0.0233
vn 0.4300 0.9027 -0.0164
vn -0.3676 0.9299 0.0115
vn 0.0131 0.9999 0.0043
vn 0.0595 0.9979 -0.0254
vn -0.0396 0.9991 0.0176
vn 0.0585 0.9980 -0.0232
vn 0.0446 0.9990 0.0042
vn 0.3595 0.9310 0.0626
vn -0.3653 0.9301 -0.0374
vn 0.0367 0.9985 -0.0404
vn 0.0001 1.0000 0.0068
vn -0.0185 0.9998 -0.0122
vn -0.0074 0.9997 0.0243
vn 0.3201 0.9465 0.0403
vn -0.3902 0.9207 -0.0034
vn 0.0019 0.9999 -0.0127
vn 0.0017 1.0000 0.0076
vn -0.0393 0.9992 0.0090
vn 0.0055 0.9998 -0.0191
vn 0.3231 0.9455 -0.0408
vn -0.3282 0.9439 -0.0369
vn -0.0456 0.9985 0.0294
vn -0.0019 0.9996 0.0264
vn 0.0113 0.9999 0.0015
vn 0.0288 0.9995 0.0086
vn 0.3631 0.9317 -0.0121
vn -0.4213 0.9057 -0.0478
vn -0.0471 0.9968 -0.0649
vn -0.0076 0.9988 -0.0480
vn -0.0411 0.9991 -0.0047
vn 0.0097 0.9997 0.0240
vn 0.3947 0.9186 0.0213
vn -0.3432 0.8342 -0.4317
vn -0.0695 0.9315 -0.3570
vn -0.0625 0.9558 -0.2872
vn -0.0710 0.9561 -0.2844
vn -0.0084 0.9466 -0.3222
vn 0.3676 0.8602 -0.3534
vn -0.7308 -0.1479 0.6663
vn -0.1304 -0.0028 0.9915
vn 0.0184 0.0423 0.9989
vn 0.0350 0.0273 0.9990
vn -0.0363 -0.9614 0.2729
vn 0.1489 0.1024 0.9835
vn 0.3322 -0.8963 0.2937
vn 0.7443 -0.1084 0.6590
vn -0.4564 0.8073 0.3741
vn -0.0010 0.9580 0.2868
vn 0.4052 0.8660 0.2929
vn 0.3411 -0.9399 -0.0151
vn 0.9959 -0.0096 0.0900
vn 0.9996 0.0006 0.0279
vn 0.9987 0.0322 -0.0384
vn 0.3165 -0.9485 0.0158
vn 0.9997 0.0244 0.0047
vn 0.3844 -0.9230 -0.0167
vn 0.9994 -0.0021 0.0340
vn 0.4106 -0.9111 -0.0372
vn 0.9996 -0.0153 0.0229
vn 0.3937 -0.9190 0.0211
vn 0.9996 0.0231 -0.0190
vn 0.9994 0.0231 -0.0263
vn 0.9952 0.0257 -0.0944
vn 0.7551 -0.1032 -0.6474
vn 0.3837 0.9222 0.0493
vn 0.4301 0.9026 -0.0164
vn 0.3595 0.9310 0.0625
vn 0.3232 0.9455 -0.0408
vn 0.3631 0.9317 -0.0122
vn 0.3676 0.8602 -0.3533
vn 0.3878 -0.8496 -0.3575
vn 0.0943 -0.0240 -0.9953
vn 0.0159 -0.9436 -0.3307
vn -0.0167 0.0039 -0.9999
vn -0.0066 -0.9472 -0.3205
vn -0.0438 0.0347 -0.9984
vn -0.1775 0.1330 -0.9751
vn -0.2770 -0.9046 -0.3239
vn -0.6876 -0.1202 -0.7160
vn -0.0439 0.0346 -0.9984
vn -0.6877 -0.1202 -0.7160
vn -0.2771 -0.9046 -0.3240
vn -0.2690 -0.9616 -0.0541
vn -0.9947 -0.0410 -0.0948
vn -0.4312 -0.9020 0.0203
vn -0.9996 -0.0057 0.0287
vn -1.0000 -0.0003 -0.0034
vn -1.0000 0.0005 0.0062
vn -0.3698 -0.9290 -0.0136
vn -1.0000 0.0006 0.0010
vn -0.4027 -0.9154 0.0007
vn -1.0000 -0.0005 0.0029
vn -1.0000 -0.0004 -0.0014
vn -0.3649 -0.9310 -0.0030
vn -0.9999 -0.0095 -0.0082
vn -0.2878 -0.9576 0.0079
vn -0.9970 0.0418 0.0657
vn -0.7308 -0.1480 0.6664
vn -0.3431 0.8342 -0.4317
vn -0.4212 0.9057 -0.0478
vn -0.3902 0.9207 -0.0033
vn -0.0931 -0.9643 0.2479
vn -0.3074 -0.9401 0.1474
vn -0.3784 -0.9255 -0.0129
vn -0.1300 -0.9914 0.0117
vn -0.0294 -0.9606 0.2762
vn -0.0227 -0.9996 0.0151
vn -0.0408 -0.9676 0.2491
vn -0.0091 -0.9998 0.0148
vn 0.0285 -0.9828 0.1827
vn 0.0517 -0.9977 -0.0436
vn 0.2803 -0.9509 0.1313
vn 0.2371 -0.9714 -0.0163
vn -0.3402 -0.9331 0.1169
vn -0.0742 -0.9972 0.0048
vn -0.0494 -0.9987 0.0121
vn 0.0259 -0.9994 -0.0214
vn 0.0427 -0.9991 -0.0046
vn 0.3083 -0.9511 -0.0196
vn -0.1358 -0.9889 0.0599
vn -0.0083 -0.9974 0.0722
vn 0.0236 -0.9997 0.0025
vn 0.0159 -0.9999 -0.0030
vn 0.0390 -0.9992 0.0032
vn 0.3525 -0.9357 -0.0159
vn -0.2752 -0.9614 0.0023
vn 0.0243 -0.9997 0.0068
vn 0.0346 -0.9992 0.0176
vn 0.0188 -0.9997 0.0182
vn 0.0661 -0.9978 -0.0069
vn 0.3143 -0.9491 0.0189
vn -0.3575 -0.9336 -0.0244
vn -0.0142 -0.9994 -0.0305
vn -0.0102 -0.9997 0.0222
vn 0.0389 -0.9991 0.0144
vn 0.0403 -0.9990 0.0172
vn 0.3025 -0.9529 0.0226
vn -0.2873 -0.9570 -0.0399
vn -0.0685 -0.9976 0.0130
vn -0.0157 -0.9999 0.0028
vn 0.0402 -0.9992 0.0029
vn 0.0569 -0.9984 -0.0080
vn 0.2925 -0.9562 0.0156
vn -0.3603 -0.9328 0.0006
vn -0.0626 -0.9980 -0.0054
vn 0.0137 -0.9990 -0.0418
vn 0.0292 -0.9995 -0.0145
vn -0.0006 -0.9995 0.0317
vn 0.2544 -0.9655 0.0563
vn -0.3469 -0.9378 -0.0126
vn -0.0172 -0.9985 -0.0511
vn -0.0129 -0.9992 -0.0372
vn -0.0426 -0.9989 0.0176
vn -0.0435 -0.9968 0.0665
vn 0.2064 -0.9737 0.0962
vn -0.3042 -0.9525 0.0137
vn 0.0291 -0.9983 -0.0505
vn -0.0482 -0.9985 -0.0276
vn -0.0704 -0.9968 -0.0369
vn -0.0841 -0.9964 0.0092
vn 0.1917 -0.9811 0.0272
vn -0.0414 -0.9710 -0.2355
vn 0.0552 -0.9600 -0.2745
vn -0.0107 -0.9527 -0.3036
vn -0.0676 -0.9482 -0.3104
vn -0.0577 -0.9556 -0.2889
vn 0.2959 -0.8771 -0.3784
vn -0.2547 0.9639 0.0771
vn -0.4040 0.8330 0.3780
vn -0.0735 0.9555 0.2858
vn -0.0063 0.9998 0.0207
vn 0.0200 0.9610 0.2758
vn 0.0001 0.9993 0.0378
vn 0.0565 0.9530 0.2977
vn 0.0074 0.9992 0.0402
vn 0.0927 0.9241 0.3708
vn 0.0409 0.9939 0.1027
vn 0.3483 0.8623 0.3676
vn 0.3508 0.9249 0.1466
vn -0.2260 0.9719 -0.0665
vn -0.0630 0.9980 0.0020
vn 0.0281 0.9996 -0.0095
vn -0.0278 0.9993 0.0244
vn 0.0272 0.9995 0.0132
vn 0.3226 0.9459 0.0350
vn -0.4008 0.9155 -0.0347
vn -0.0833 0.9951 -0.0539
vn -0.0335 0.9994 -0.0013
vn -0.0145 0.9999 0.0042
vn 0.0214 0.9998 -0.0022
vn 0.3004 0.9537 0.0132
vn -0.3811 0.9245 0.0108
vn -0.0956 0.9954 0.0003
vn -0.0376 0.9992 -0.0169
vn -0.0130 0.9997 -0.0209
vn -0.0042 1.0000 0.0076
vn 0.3252 0.9454 -0.0203
vn -0.2886 0.9571 0.0254
vn -0.0460 0.9985 0.0299
vn 0.0091 0.9997 -0.0216
vn -0.0368 0.9992 -0.0159
vn 0.0204 0.9997 -0.0146
vn 0.3395 0.9402 -0.0273
vn -0.3498 0.9361 0.0378
vn 0.0036 0.9999 -0.0115
vn 0.0195 0.9998 -0.0051
vn -0.0408 0.9992 -0.0022
vn 0.0092 0.9999 0.0065
vn 0.3541 0.9350 -0.0210
vn -0.2855 0.9584 -0.0013
vn -0.0004 1.0000 0.0034
vn -0.0119 0.9992 0.0392
vn -0.0330 0.9993 0.0170
vn 0.0747 0.9965 -0.0386
vn 0.3766 0.9262 -0.0190
vn -0.2924 0.9562 0.0106
vn -0.0453 0.9978 0.0477
vn 0.0084 0.9992 0.0397
vn 0.0510 0.9984 -0.0233
vn 0.0930 0.9934 -0.0667
vn 0.3733 0.9270 -0.0368
vn -0.3418 0.9314 -0.1252
vn -0.1144 0.9934 0.0077
vn 0.0506 0.9984 -0.0248
vn 0.0830 0.9964 -0.0143
vn 0.1441 0.9863 -0.0805
vn 0.3447 0.9374 -0.0494
vn -0.5426 0.8080 -0.2297
vn -0.1825 0.9475 -0.2624
vn 0.0114 0.9665 -0.2566
vn 0.1116 0.9606 -0.2546
vn 0.1485 0.9575 -0.2474
vn 0.2821 0.9394 -0.1947
vn -0.7165 -0.0290 0.6970
vn -0.3074 -0.9401 0.1473
vn -0.0930 -0.9643 0.2479
vn -0.1373 0.0037 0.9905
vn -0.0293 -0.9606 0.2763
vn -0.0148 -0.0035 0.9999
vn 0.0318 0.0078 0.9995
vn 0.1426 0.0596 0.9880
vn 0.7256 -0.1681 0.6672
vn -0.4041 0.8329 0.3780
vn -0.7164 -0.0291 0.6970
vn -0.1373 0.0036 0.9905
vn -0.0148 -0.0036 0.9999
vn 0.0199 0.9610 0.2758
vn 0.0318 0.0077 0.9995
vn 0.0565 0.9530 0.2976
vn 0.0927 0.9240 0.3709
vn 0.3484 0.8623 0.3676
vn 0.7256 -0.1681 0.6673
vn 0.2803 -0.9509 0.1314
vn 0.9926 -0.0612 0.1046
vn 0.9997 -0.0042 -0.0245
vn 0.9999 0.0052 -0.0086
vn 1.0000 0.0010 0.0030
vn 1.0000 -0.0027 -0.0011
vn 0.2924 -0.9562 0.0156
vn 1.0000 -0.0001 -0.0019
vn 0.9992 -0.0093 0.0377
vn 0.2065 -0.9737 0.0962
vn 0.9965 -0.0083 0.0833
vn 0.9958 0.0558 -0.0720
vn 0.7615 -0.0761 -0.6437
vn 0.3483 0.8622 0.3677
vn 0.9926 -0.0613 0.1046
vn 0.3003 0.9537 0.0132
vn 0.3542 0.9350 -0.0210
vn 0.9992 -0.0094 0.0377
vn 0.3765 0.9262 -0.0190
vn 0.3734 0.9270 -0.0368
vn 0.2821 0.9394 -0.1946
vn 0.7615 -0.0760 -0.6436
vn 0.2960 -0.8771 -0.3783
vn 0.1441 0.0380 -0.9888
vn 0.0342 0.0057 -0.9994
vn -0.0006 -0.0021 -1.0000
vn -0.1672 0.0742 -0.9831
vn -0.0414 -0.9710 -0.2354
vn -0.8139 -0.0467 -0.5792
vn -0.5427 0.8079 -0.2296
vn -0.3041 -0.9525 0.0137
vn -0.9964 -0.0133 -0.0836
vn -1.0000 0.0004 0.0006
vn -1.0000 -0.0000 0.0019
vn -0.2873 -0.9570 -0.0398
vn -1.0000 -0.0004 0.0005
vn -0.3575 -0.9336 -0.0245
vn -0.9997 -0.0197 -0.0138
vn -0.9973 -0.0665 -0.0306
vn -0.9999 -0.0111 -0.0005
vn -0.9990 -0.0003 0.0458
vn -0.3785 -0.9255 -0.0129
vn -0.9884 0.0565 0.1410
vn -0.3073 -0.9401 0.1474
vn -0.5427 0.8079 -0.2297
vn -0.3498 0.9361 0.0377
vn -0.9999 -0.0112 -0.0005
vn -0.4009 0.9155 -0.0347
vn -0.4041 0.8329 0.3781
vn -0.0428 -0.9503 0.3083
vn -0.2854 -0.9260 0.2470
vn -0.3569 -0.9331 0.0445
vn -0.0301 -0.9985 0.0458
vn -0.0157 -0.9540 0.2995
vn 0.0048 -0.9999 0.0160
vn -0.0390 -0.9566 0.2888
vn -0.0458 -0.9989 0.0116
vn 0.0269 -0.9585 0.2838
vn 0.0536 -0.9982 -0.0254
vn 0.4160 -0.8691 0.2678
vn 0.4158 -0.9093 0.0169
vn -0.3958 -0.9182 0.0139
vn -0.0333 -0.9989 0.0333
vn 0.0154 -0.9996 0.0219
vn -0.0063 -1.0000 -0.0066
vn 0.0481 -0.9988 -0.0098
vn 0.3926 -0.9197 0.0018
vn -0.4333 -0.9012 0.0076
vn -0.0627 -0.9974 0.0354
vn 0.0378 -0.9991 0.0203
vn -0.0026 -0.9999 0.0171
vn 0.0481 -0.9987 0.0139
vn 0.3967 -0.9179 0.0121
vn -0.4801 -0.8767 0.0285
vn -0.0684 -0.9974 0.0243
vn 0.0449 -0.9989 0.0098
vn 0.0037 -1.0000 0.0049
vn 0.0529 -0.9986 0.0009
vn 0.3885 -0.9214 0.0084
vn -0.4694 -0.8821 0.0405
vn -0.0113 -0.9997 -0.0204
vn 0.0458 -0.9989 -0.0094
vn -0.0067 -0.9999 0.0124
vn 0.0622 -0.9979 -0.0154
vn 0.3792 -0.9253 -0.0094
vn -0.3637 -0.9312 -0.0227
vn -0.0022 -0.9999 -0.0163
vn 0.0066 -1.0000 0.0063
vn 0.0299 -0.9993 -0.0239
vn 0.0655 -0.9977 -0.0148
vn 0.3707 -0.9287 -0.0105
vn -0.3980 -0.9172 0.0174
vn -0.0078 -0.9996 0.0272
vn 0.0428 -0.9991 0.0025
vn 0.0268 -0.9995 -0.0154
vn 0.0343 -0.9992 0.0190
vn 0.4005 -0.9163 -0.0028
vn -0.3763 -0.9255 0.0433
vn 0.0051 -0.9971 0.0763
vn 0.0714 -0.9954 0.0636
vn 0.0402 -0.9991 0.0141
vn 0.0631 -0.9980 -0.0098
vn 0.4124 -0.9110 -0.0034
vn -0.4172 -0.9087 -0.0127
vn 0.0134 -0.9997 0.0204
vn 0.1103 -0.9933 0.0351
vn 0.1084 -0.9935 -0.0350
vn 0.0586 -0.9973 -0.0443
vn 0.3880 -0.9212 -0.0307
vn -0.3581 -0.8703 -0.3381
vn -0.0459 -0.9468 -0.3184
vn 0.0845 -0.9462 -0.3123
vn 0.1098 -0.9375 -0.3303
vn 0.0743 -0.9330 -0.3520
vn 0.4038 -0.8359 -0.3717
vn -0.3511 0.9347 0.0547
vn -0.4228 0.7781 0.4646
vn -0.0277 0.9427 0.3324
vn -0.0314 0.9982 0.0509
vn 0.0331 0.9323 0.3600
vn 0.0083 0.9965 0.0833
vn 0.0748 0.9282 0.3645
vn 0.0625 0.9935 0.0953
vn 0.0062 0.9169 0.3990
vn 0.0069 0.9929 0.1185
vn 0.2374 0.9057 0.3511
vn 0.3216 0.9438 0.0767
vn -0.3948 0.9181 -0.0352
vn -0.0577 0.9981 -0.0235
vn -0.0039 0.9998 -0.0179
vn 0.0070 0.9998 0.0208
vn 0.0241 0.9994 0.0240
vn 0.3549 0.9349 0.0085
vn -0.3553 0.9347 0.0037
vn -0.0286 0.9990 -0.0337
vn -0.0229 0.9995 -0.0233
vn -0.0011 0.9999 -0.0147
vn 0.0241 0.9996 -0.0137
vn 0.3533 0.9354 -0.0129
vn -0.2655 0.9640 -0.0109
vn -0.0049 0.9995 -0.0325
vn -0.0385 0.9992 -0.0085
vn -0.0046 1.0000 -0.0056
vn 0.0191 0.9998 0.0013
vn 0.3637 0.9315 -0.0087
vn -0.2521 0.9665 -0.0487
vn -0.0627 0.9978 0.0198
vn -0.0402 0.9992 0.0084
vn 0.0037 0.9999 -0.0156
vn 0.0092 0.9999 0.0144
vn 0.3755 0.9268 -0.0048
vn -0.3924 0.9196 0.0214
vn -0.0718 0.9973 0.0177
vn 0.0053 0.9999 -0.0100
vn -0.0347 0.9991 0.0239
vn 0.0236 0.9997 0.0049
vn 0.3717 0.9283 0.0112
vn -0.3742 0.9264 -0.0406
vn -0.0764 0.9969 -0.0207
vn -0.0329 0.9995 0.0026
vn -0.0284 0.9994 0.0194
vn 0.0347 0.9994 -0.0069
vn 0.3462 0.9380 0.0157
vn -0.3976 0.9145 -0.0754
vn -0.0897 0.9937 -0.0666
vn -0.0512 0.9967 -0.0629
vn -0.0472 0.9989 -0.0076
vn 0.0158 0.9998 0.0085
vn 0.3428 0.9394 -0.0087
vn -0.3912 0.9058 -0.1625
vn -0.0835 0.9910 -0.1047
vn -0.1007 0.9893 -0.1053
vn -0.1192 0.9925 -0.0274
vn 0.0473 0.9977 -0.0484
vn 0.3408 0.9396 -0.0332
vn -0.4587 0.8367 -0.2992
vn -0.0852 0.9265 -0.3666
vn -0.1380 0.9201 -0.3666
vn -0.1317 0.9241 -0.3587
vn 0.0333 0.9318 -0.3616
vn 0.2637 0.9131 -0.3110
vn -0.7017 -0.0180 0.7123
vn -0.2855 -0.9260 0.2469
vn -0.0800 0.0186 0.9966
vn 0.0134 0.0202 0.9997
vn 0.0303 0.0405 0.9987
vn 0.0270 -0.9585 0.2838
vn 0.1033 0.1283 0.9864
vn 0.4160 -0.8691 0.2677
vn 0.7193 -0.0813 0.6899
vn -0.4228 0.7780 0.4646
vn -0.0800 0.0185 0.9966
vn 0.0134 0.0201 0.9997
vn 0.0331 0.9323 0.3601
vn 0.0303 0.0404 0.9987
vn 0.0749 0.9282 0.3646
vn 0.1033 0.1282 0.9864
vn 0.0062 0.9169 0.3991
vn 0.7194 -0.0813 0.6899
vn 0.2375 0.9057 0.3511
vn 0.9960 -0.0057 0.0887
vn 1.0000 -0.0001 0.0059
vn 1.0000 -0.0001 -0.0004
vn 1.0000 -0.0000 0.0002
vn 1.0000 -0.0002 0.0001
vn 1.0000 0.0046 -0.0045
vn 1.0000 -0.0019 0.0025
vn 0.4125 -0.9110 -0.0034
vn 1.0000 0.0061 -0.0002
vn 0.9933 0.0655 -0.0951
vn 0.4037 -0.8360 -0.3717
vn 0.7203 -0.0570 -0.6913
vn 0.2374 0.9057 0.3512
vn 0.3216 0.9438 0.0768
vn 0.3754 0.9268 -0.0048
vn 0.2638 0.9131 -0.3110
vn 0.0743 -0.9331 -0.3520
vn 0.0980 0.0544 -0.9937
vn -0.0325 -0.0118 -0.9994
vn 0.0845 -0.9462 -0.3124
vn -0.0922 0.0165 -0.9956
vn -0.0459 -0.9468 -0.3185
vn -0.1357 0.0763 -0.9878
vn -0.7975 0.0098 -0.6033
vn 0.0332 0.9317 -0.3616
vn -0.1381 0.9201 -0.3666
vn -0.4588 0.8367 -0.2991
vn -0.3581 -0.8703 -0.3382
vn -0.4173 -0.9087 -0.0127
vn -0.9857 -0.0273 -0.1660
vn -0.9974 0.0113 -0.0705
vn -0.9998 0.0031 -0.0185
vn -1.0000 0.0036 -0.0024
vn -1.0000 0.0029 -0.0041
vn -0.4802 -0.8767 0.0285
vn -0.9992 0.0388 0.0135
vn -0.4332 -0.9012 0.0076
vn -0.9990 0.0416 0.0146
vn -1.0000 -0.0005 -0.0072
vn -0.9928 0.0415 0.1127
vn -0.3912 0.9058 -0.1626
vn -0.3743 0.9264 -0.0406
vn -0.3923 0.9196 0.0214
vn -0.3554 0.9347 0.0037
vn -0.3511 0.9348 0.0547
vn -0.4228 0.7781 0.4647
vn -0.0428 -0.9007 0.4322
vn -0.3143 -0.8295 0.4618
vn -0.2650 -0.9640 0.0219
vn -0.0310 -0.9980 0.0558
vn -0.0146 -0.8790 0.4766
vn 0.0169 -0.9986 0.0497
vn -0.0018 -0.9011 0.4337
vn -0.0053 -0.9983 0.0586
vn -0.0235 -0.9152 0.4023
vn -0.0152 -0.9999 0.0046
vn 0.2450 -0.8999 0.3607
vn 0.2832 -0.9584 -0.0366
vn -0.3286 -0.9444 -0.0099
vn -0.0324 -0.9985 -0.0431
vn -0.0374 -0.9969 0.0686
vn 0.0320 -0.9995 0.0048
vn 0.0392 -0.9989 -0.0245
vn 0.3186 -0.9468 -0.0466
vn -0.2963 -0.9551 -0.0053
vn -0.0938 -0.9952 0.0274
vn -0.0143 -0.9999 0.0034
vn 0.0347 -0.9994 0.0053
vn 0.0354 -0.9993 0.0072
vn 0.3379 -0.9412 0.0068
vn -0.2962 -0.9551 -0.0101
vn -0.0718 -0.9974 -0.0059
vn -0.0190 -0.9998 -0.0112
vn 0.0308 -0.9995 -0.0051
vn 0.0414 -0.9990 -0.0197
vn 0.3258 -0.9453 -0.0150
vn -0.2950 -0.9555 0.0040
vn -0.0964 -0.9947 0.0363
vn 0.0166 -0.9984 -0.0548
vn 0.0263 -0.9994 -0.0221
vn 0.0366 -0.9993 -0.0063
vn 0.3355 -0.9420 -0.0128
vn -0.3075 -0.9513 0.0204
vn -0.0344 -0.9991 -0.0250
vn 0.0185 -0.9989 -0.0430
vn -0.0109 -0.9999 0.0065
vn 0.0422 -0.9991 -0.0081
vn 0.3279 -0.9447 0.0024
vn -0.3403 -0.9402 0.0127
vn -0.0244 -0.9996 -0.0115
vn 0.0027 -1.0000 0.0033
vn -0.0027 -1.0000 0.0049
vn 0.0391 -0.9992 0.0019
vn 0.2884 -0.9570 0.0307
vn -0.2947 -0.9556 -0.0052
vn -0.0184 -0.9998 -0.0060
vn -0.0019 -1.0000 -0.0013
vn -0.0030 -1.0000 -0.0047
vn -0.0028 -0.9978 0.0669
vn 0.2851 -0.9552 0.0791
vn -0.3048 -0.9521 -0.0258
vn 0.0012 -0.9994 -0.0354
vn -0.0017 -0.9996 -0.0268
vn -0.0473 -0.9988 0.0099
vn -0.0327 -0.9987 0.0401
vn 0.2985 -0.9534 0.0430
vn -0.2111 -0.9006 -0.3799
vn -0.0027 -0.9153 -0.4027
vn -0.0097 -0.9225 -0.3859
vn -0.0352 -0.9194 -0.3918
vn -0.0133 -0.8988 -0.4382
vn 0.2328 -0.9174 -0.3228
vn -0.2897 0.9524 0.0947
vn -0.3827 0.8067 0.4504
vn -0.0915 0.9441 0.3169
vn -0.0632 0.9951 0.0754
vn -0.0419 0.9282 0.3698
vn -0.0267 0.9993 0.0250
vn 0.0258 0.9152 0.4021
vn 0.0108 0.9994 0.0331
vn 0.1274 0.8985 0.4201
vn 0.0833 0.9917 0.0982
vn 0.3922 0.8195 0.4178
vn 0.3566 0.9112 0.2065
vn -0.3277 0.9426 0.0641
vn -0.0271 0.9981 0.0562
vn 0.0266 0.9988 -0.0399
vn -0.0245 0.9997 0.0006
vn 0.0228 0.9991 0.0358
vn 0.3105 0.9474 0.0776
vn -0.3546 0.9349 0.0119
vn 0.0049 0.9999 -0.0159
vn 0.0228 0.9996 -0.0157
vn -0.0241 0.9997 -0.0076
vn 0.0265 0.9996 -0.0068
vn 0.3094 0.9509 -0.0111
vn -0.3439 0.9389 0.0162
vn 0.0070 0.9999 -0.0076
vn 0.0148 0.9999 0.0049
vn -0.0297 0.9995 0.0058
vn 0.0223 0.9996 0.0184
vn 0.3131 0.9496 0.0157
vn -0.3272 0.9450 -0.0016
vn 0.0257 0.9992 -0.0312
vn -0.0134 0.9987 0.0498
vn -0.0174 0.9998 0.0031
vn 0.0200 0.9998 0.0033
vn 0.3063 0.9517 0.0187
vn -0.3239 0.9458 -0.0227
vn -0.0300 0.9993 0.0209
vn -0.0063 0.9995 0.0314
vn 0.0053 1.0000 0.0016
vn 0.0074 0.9999 0.0106
vn 0.3212 0.9470 0.0023
vn -0.3171 0.9483 -0.0159
vn -0.0416 0.9991 0.0078
vn -0.0041 1.0000 0.0064
vn 0.0054 1.0000 0.0010
vn 0.0182 0.9998 -0.0024
vn 0.3452 0.9381 -0.0293
vn -0.3336 0.9418 -0.0417
vn -0.0656 0.9978 -0.0002
vn 0.0008 1.0000 -0.0046
vn 0.0028 1.0000 0.0024
vn 0.0571 0.9961 -0.0668
vn 0.3483 0.9306 -0.1125
vn -0.3636 0.9231 -0.1250
vn -0.0911 0.9946 -0.0488
vn -0.0023 0.9984 -0.0558
vn 0.0445 0.9955 -0.0841
vn 0.1196 0.9799 -0.1598
vn 0.3657 0.9035 -0.2236
vn -0.3964 0.8468 -0.3547
vn -0.1003 0.9093 -0.4039
vn 0.0002 0.8984 -0.4392
vn 0.0585 0.8837 -0.4644
vn 0.1540 0.8622 -0.4825
vn 0.3652 0.8071 -0.4639
vn -0.6062 -0.0185 0.7951
vn -0.3143 -0.8295 0.4617
vn -0.0428 -0.9008 0.4322
vn -0.1498 0.0177 0.9886
vn -0.0355 -0.0005 0.9994
vn -0.0018 -0.9011 0.4336
vn 0.0083 0.0001 1.0000
vn -0.0235 -0.9152 0.4024
vn 0.1168 0.0741 0.9904
vn 0.6451 -0.0336 0.7634
vn -0.0915 0.9441 0.3168
vn 0.2450 -0.8999 0.3608
vn 0.9859 -0.0132 0.1665
vn 0.3186 -0.9467 -0.0466
vn 0.9994 0.0033 0.0358
vn 1.0000 -0.0006 -0.0037
vn 1.0000 0.0017 0.0018
vn 1.0000 -0.0006 -0.0027
vn 0.3279 -0.9447 0.0025
vn 1.0000 0.0024 -0.0000
vn 1.0000 0.0003 -0.0003
vn 0.2851 -0.9552 0.0792
vn 0.9999 -0.0054 -0.0121
vn 0.9821 0.0845 -0.1685
vn 0.5289 -0.0259 -0.8483
vn 0.3921 0.8195 0.4178
vn 0.3566 0.9112 0.2064
vn 0.3105 0.9474 0.0777
vn 0.3132 0.9496 0.0158
vn 0.3064 0.9517 0.0187
vn 0.3453 0.9380 -0.0293
vn 0.0847 0.0030 -0.9964
vn 0.0179 -0.0017 -0.9998
vn -0.0004 -0.0039 -1.0000
vn -0.0739 0.0350 -0.9967
vn -0.6396 -0.0799 -0.7646
vn 0.1541 0.8622 -0.4826
vn 0.0586 0.8837 -0.4644
vn -0.1002 0.9093 -0.4039
vn -0.3965 0.8467 -0.3547
vn -0.2112 -0.9006 -0.3799
vn -0.9844 -0.0176 -0.1748
vn -0.9997 -0.0035 -0.0238
vn -1.0000 -0.0049 0.0041
vn -1.0000 0.0059 -0.0055
vn -1.0000 -0.0046 0.0061
vn -0.9999 0.0006 0.0130
vn -0.2964 -0.9551 -0.0053
vn -1.0000 0.0014 0.0091
vn -0.9990 -0.0009 0.0455
vn -0.9803 0.0539 0.1901
vn -0.3142 -0.8295 0.4618
vn -0.3547 0.9349 0.0119
vn -0.2896 0.9524 0.0947
vn -0.3827 0.8066 0.4504
vn -0.0447 -0.9077 0.4173
vn -0.2368 -0.9313 0.2767
vn -0.3614 -0.9321 0.0245
vn 0.0027 -0.9959 -0.0906
vn 0.0330 -0.9302 0.3655
vn -0.0454 -0.9979 0.0454
vn -0.0677 -0.8753 0.4787
vn -0.0285 -0.9984 0.0493
vn -0.0286 -0.9635 0.2663
vn -0.0192 -0.9998 0.0077
vn 0.2683 -0.9262 0.2649
vn 0.3510 -0.9364 -0.0012
vn -0.1935 -0.9701 -0.1467
vn -0.0536 -0.9918 -0.1162
vn -0.0947 -0.9915 -0.0892
vn -0.0765 -0.9971 0.0025
vn 0.0060 -1.0000 0.0077
vn 0.4124 -0.9106 -0.0262
vn -0.1808 -0.9825 -0.0449
vn -0.0783 -0.9955 0.0538
vn -0.1088 -0.9940 -0.0116
vn -0.1113 -0.9938 0.0026
vn 0.0147 -0.9999 -0.0020
vn 0.3870 -0.9219 0.0192
vn -0.3027 -0.9430 0.1387
vn 0.0058 -1.0000 -0.0050
vn -0.0615 -0.9980 -0.0149
vn -0.0735 -0.9947 -0.0720
vn -0.0321 -0.9994 -0.0138
vn 0.3670 -0.9302 0.0018
vn -0.1477 -0.9884 -0.0345
vn 0.0291 -0.9987 -0.0418
vn -0.0303 -0.9961 -0.0829
vn -0.1256 -0.9919 -0.0181
vn -0.0381 -0.9988 -0.0296
vn 0.3691 -0.9292 -0.0159
vn -0.1534 -0.9882 -0.0053
vn 0.0347 -0.9976 0.0606
vn -0.0431 -0.9987 0.0275
vn -0.1110 -0.9937 0.0179
vn -0.0166 -0.9994 -0.0308
vn 0.3515 -0.9362 -0.0070
vn -0.2781 -0.9597 0.0407
vn -0.0029 -0.9950 0.0998
vn 0.0179 -0.9998 0.0133
vn -0.0931 -0.9950 0.0375
vn -0.0044 -1.0000 0.0056
vn 0.3628 -0.9318 -0.0122
vn -0.3566 -0.9271 0.1151
vn 0.0531 -0.9975 0.0461
vn -0.0501 -0.9866 0.1555
vn -0.0494 -0.9970 0.0597
vn 0.0316 -0.9989 0.0353
vn 0.3516 -0.9348 0.0502
vn -0.3361 -0.9415 0.0251
vn -0.0133 -0.9940 0.1083
vn -0.0013 -0.9950 0.1000
vn 0.0065 -0.9998 0.0203
vn -0.0298 -0.9949 0.0959
vn 0.2714 -0.9529 0.1356
vn -0.2955 -0.8862 -0.3569
vn -0.0290 -0.9364 -0.3498
vn 0.0043 -0.9361 -0.3518
vn -0.0280 -0.9502 -0.3105
vn -0.0530 -0.9616 -0.2694
vn 0.2050 -0.9680 -0.1445
vn -0.3642 0.9266 0.0935
vn -0.4283 0.7540 0.4981
vn -0.0404 0.9150 0.4015
vn -0.0547 0.9933 0.1013
vn -0.0384 0.8944 0.4455
vn 0.0248 0.9993 0.0289
vn 0.1067 0.9255 0.3633
vn 0.0202 0.9968 0.0772
vn 0.1090 0.8568 0.5040
vn 0.0917 0.9869 0.1326
vn 0.3970 0.7909 0.4657
vn 0.3840 0.9034 0.1906
vn -0.3995 0.9167 -0.0053
vn -0.0232 0.9997 0.0031
vn 0.0154 0.9997 0.0202
vn 0.0194 0.9998 0.0016
vn 0.0646 0.9979 -0.0080
vn 0.3354 0.9415 0.0337
vn -0.4052 0.9141 -0.0147
vn -0.0605 0.9981 -0.0064
vn 0.0176 0.9997 0.0179
vn 0.0611 0.9980 -0.0167
vn 0.0507 0.9987 -0.0008
vn 0.3527 0.9356 -0.0186
vn -0.3428 0.9388 -0.0355
vn -0.0856 0.9963 -0.0076
vn 0.0111 0.9999 -0.0013
vn 0.0524 0.9985 -0.0137
vn 0.0543 0.9984 0.0124
vn 0.3662 0.9306 -0.0015
vn -0.3982 0.9172 0.0140
vn -0.0799 0.9968 -0.0103
vn 0.0186 0.9998 0.0068
vn 0.0410 0.9992 0.0019
vn 0.0422 0.9991 0.0106
vn 0.3552 0.9347 0.0165
vn -0.3864 0.9222 -0.0127
vn -0.0986 0.9951 0.0036
vn 0.0221 0.9997 -0.0084
vn 0.0426 0.9991 0.0014
vn 0.0295 0.9993 0.0216
vn 0.3605 0.9327 0.0073
vn -0.4021 0.9154 0.0205
vn -0.0697 0.9975 -0.0148
vn 0.0202 0.9995 -0.0243
vn 0.0096 0.9999 0.0126
vn 0.0389 0.9992 0.0091
vn 0.3641 0.9313 0.0131
vn -0.3703 0.9283 -0.0342
vn -0.0530 0.9979 -0.0383
vn 0.0147 0.9987 -0.0479
vn -0.0010 0.9997 -0.0237
vn 0.0355 0.9987 -0.0364
vn 0.3888 0.9166 -0.0929
vn -0.3968 0.9059 -0.1476
vn -0.0379 0.9876 -0.1526
vn 0.0047 0.9887 -0.1496
vn 0.0021 0.9902 -0.1399
vn 0.1210 0.9655 -0.2308
vn 0.4290 0.8468 -0.3145
vn -0.3628 0.7932 -0.4892
vn -0.0443 0.8534 -0.5194
vn -0.0066 0.8615 -0.5077
vn 0.0319 0.8472 -0.5303
vn 0.1906 0.7805 -0.5954
vn 0.4065 0.6842 -0.6055
vn -0.6079 -0.0469 0.7926
vn -0.0543 -0.0024 0.9985
vn 0.0331 -0.9302 0.3655
vn -0.0025 -0.0147 0.9999
vn -0.0678 -0.8753 0.4787
vn -0.0009 -0.0276 0.9996
vn -0.0286 -0.9635 0.2662
vn 0.0860 0.0483 0.9951
vn 0.7230 -0.0713 0.6872
vn -0.4283 0.7539 0.4982
vn -0.0384 0.8944 0.4456
vn 0.3971 0.7909 0.4657
vn 0.7230 -0.0712 0.6872
vn 0.2682 -0.9262 0.2649
vn 0.9911 -0.0138 0.1327
vn 1.0000 -0.0011 0.0048
vn 0.3870 -0.9219 0.0193
vn 1.0000 -0.0056 0.0040
vn 0.3670 -0.9302 0.0017
vn 1.0000 -0.0068 0.0001
vn 1.0000 -0.0019 -0.0034
vn 0.3515 -0.9362 -0.0069
vn 1.0000 -0.0010 0.0002
vn 1.0000 -0.0017 -0.0020
vn 0.3516 -0.9348 0.0503
vn 0.9998 -0.0199 -0.0046
vn 0.2714 -0.9529 0.1357
vn 0.9846 0.0470 -0.1684
vn 0.5823 -0.0476 -0.8116
vn 0.3840 0.9034 0.1907
vn 0.3354 0.9415 0.0338
vn 0.3661 0.9306 -0.0015
vn 0.4291 0.8468 -0.3145
vn 0.4066 0.6841 -0.6056
vn 0.1249 0.0250 -0.9919
vn -0.0280 -0.9502 -0.3104
vn 0.0014 0.0404 -0.9992
vn 0.0042 -0.9361 -0.3518
vn -0.0115 0.0364 -0.9993
vn -0.0935 0.0803 -0.9924
vn -0.6651 -0.0370 -0.7459
vn 0.0320 0.8472 -0.5303
vn -0.3628 0.7931 -0.4892
vn -0.6650 -0.0369 -0.7459
vn -0.9908 -0.0226 -0.1332
vn -0.3566 -0.9271 0.1152
vn -0.9998 0.0214 -0.0057
vn -0.9995 0.0302 0.0088
vn -0.1534 -0.9882 -0.0052
vn -0.9996 0.0273 -0.0017
vn -0.9989 0.0473 0.0016
vn -0.3027 -0.9429 0.1387
vn -0.9974 0.0713 0.0046
vn -0.9977 0.0654 0.0202
vn -0.9994 -0.0193 -0.0279
vn -0.3613 -0.9321 0.0245
vn -0.9845 0.0845 0.1536
vn -0.6079 -0.0470 0.7926
vn -0.3627 0.7931 -0.4893
vn -0.3983 0.9172 0.0140
vn -0.3428 0.9387 -0.0354
vn -0.4053 0.9141 -0.0147
vn -0.0676 -0.9598 0.2723
vn -0.3707 -0.8767 0.3066
vn -0.3627 -0.9315 0.0268
vn -0.0583 -0.9977 0.0333
vn -0.0442 -0.9616 0.2709
vn -0.0194 -0.9995 0.0243
vn -0.0145 -0.9775 0.2102
vn -0.0206 -0.9996 0.0197
vn 0.0542 -0.9544 0.2936
vn 0.0380 -0.9993 0.0036
vn 0.3517 -0.9006 0.2552
vn 0.3952 -0.9185 0.0143
vn -0.3872 -0.9220 0.0056
vn -0.0589 -0.9982 -0.0114
vn 0.0116 -0.9977 -0.0668
vn 0.0115 -0.9950 -0.0989
vn 0.0065 -0.9994 -0.0351
vn 0.3431 -0.9393 -0.0023
vn -0.3534 -0.9352 -0.0224
vn 0.0557 -0.9915 -0.1172
vn 0.0396 -0.9938 -0.1041
vn -0.0413 -0.9934 -0.1073
vn -0.0752 -0.9956 -0.0558
vn 0.2825 -0.9582 -0.0450
vn -0.2298 -0.9719 -0.0512
vn 0.0061 -1.0000 -0.0045
vn 0.0750 -0.9957 -0.0538
vn -0.0408 -0.9983 -0.0408
vn -0.0326 -0.9973 -0.0665
vn 0.1652 -0.9862 -0.0064
vn -0.2384 -0.9707 0.0306
vn 0.0473 -0.9986 0.0214
vn 0.1570 -0.9774 -0.1416
vn -0.1017 -0.9945 -0.0240
vn -0.1103 -0.9938 0.0141
vn 0.1720 -0.9836 0.0539
vn -0.3065 -0.9518 0.0082
vn 0.2201 -0.9734 -0.0630
vn 0.1140 -0.9911 -0.0691
vn -0.1737 -0.9847 -0.0123
vn -0.1264 -0.9919 -0.0105
vn 0.2452 -0.9662 -0.0793
vn -0.3433 -0.9392 -0.0009
vn 0.2473 -0.9664 -0.0708
vn 0.0323 -0.9954 0.0903
vn -0.1242 -0.9920 0.0206
vn -0.0011 -0.9969 -0.0786
vn 0.2528 -0.9629 -0.0940
vn -0.2430 -0.9688 -0.0489
vn 0.1393 -0.9897 -0.0337
vn -0.0718 -0.9848 0.1581
vn 0.0266 -0.9996 -0.0033
vn -0.0315 -0.9994 0.0164
vn 0.1699 -0.9811 0.0925
vn -0.0965 -0.9948 -0.0329
vn -0.0385 -0.9876 0.1524
vn 0.0061 -0.9975 0.0704
vn 0.0678 -0.9977 -0.0033
vn -0.1607 -0.9797 0.1199
vn 0.1046 -0.9827 0.1530
vn -0.2240 -0.9668 -0.1228
vn -0.0013 -0.9846 -0.1749
vn 0.0813 -0.9597 -0.2691
vn 0.0199 -0.9818 -0.1887
vn -0.1818 -0.9807 -0.0715
vn 0.1303 -0.9769 -0.1693
vn -0.3679 0.9255 0.0901
vn -0.3188 0.8624 0.3932
vn -0.0248 0.9162 0.4000
vn 0.0108 0.9989 0.0450
vn 0.0308 0.9148 0.4027
vn 0.0087 0.9975 0.0702
vn 0.0217 0.9104 0.4132
vn 0.0339 0.9975 0.0620
vn 0.1059 0.9196 0.3782
vn 0.0328 0.9932 0.1115
vn 0.3255 0.8679 0.3753
vn 0.3774 0.9199 0.1066
vn -0.3368 0.9412 -0.0270
vn 0.0128 0.9998 -0.0129
vn 0.0148 0.9999 -0.0050
vn -0.0148 0.9998 0.0136
vn 0.0389 0.9992 0.0083
vn 0.4033 0.9142 -0.0402
vn -0.3682 0.9297 -0.0035
vn -0.0120 0.9999 0.0065
vn 0.0024 0.9997 0.0227
vn 0.0102 0.9999 0.0130
vn 0.1154 0.9927 -0.0353
vn 0.3652 0.9309 0.0055
vn -0.3473 0.9377 -0.0120
vn -0.0404 0.9990 0.0169
vn 0.0004 0.9999 0.0113
vn 0.0164 0.9996 0.0233
vn 0.0754 0.9966 0.0345
vn 0.3566 0.9336 0.0364
vn -0.3837 0.9231 0.0257
vn -0.0375 0.9993 0.0084
vn -0.0226 0.9993 0.0282
vn 0.0162 0.9996 0.0242
vn 0.1010 0.9948 0.0107
vn 0.3849 0.9229 -0.0070
vn -0.3722 0.9281 -0.0063
vn -0.0521 0.9986 0.0129
vn -0.0201 0.9996 0.0175
vn 0.0284 0.9996 0.0018
vn 0.1103 0.9939 0.0015
vn 0.3475 0.9373 0.0270
vn -0.3824 0.9239 0.0167
vn -0.0534 0.9984 0.0190
vn -0.0048 1.0000 0.0037
vn 0.0293 0.9996 0.0025
vn 0.0639 0.9977 0.0226
vn 0.3157 0.9484 0.0278
vn -0.3594 0.9331 0.0146
vn -0.0381 0.9993 0.0064
vn 0.0085 0.9999 -0.0146
vn 0.0172 0.9998 0.0038
vn 0.0703 0.9975 -0.0033
vn 0.4012 0.9137 -0.0647
vn -0.3640 0.9206 -0.1417
vn -0.0448 0.9957 -0.0813
vn 0.0117 0.9938 -0.1109
vn -0.0164 0.9992 -0.0357
vn 0.1971 0.9652 -0.1721
vn 0.4692 0.8514 -0.2343
vn -0.4668 0.7734 -0.4289
vn -0.0658 0.8992 -0.4326
vn -0.0493 0.9265 -0.3731
vn 0.0450 0.9221 -0.3843
vn 0.3065 0.8191 -0.4848
vn 0.4379 0.7354 -0.5172
vn -0.7336 -0.0856 0.6741
vn -0.3707 -0.8767 0.3065
vn -0.0825 -0.0272 0.9962
vn -0.0443 -0.9616 0.2710
vn -0.0509 -0.0858 0.9950
vn 0.0193 -0.0524 0.9984
vn 0.0543 -0.9544 0.2936
vn 0.1880 0.0883 0.9782
vn 0.7731 -0.0478 0.6325
vn -0.7336 -0.0858 0.6741
vn -0.0249 0.9162 0.4000
vn -0.0510 -0.0858 0.9950
vn 0.0307 0.9148 0.4028
vn 0.0193 -0.0525 0.9984
vn 0.1058 0.9196 0.3782
vn 0.3256 0.8679 0.3753
vn 0.3517 -0.9006 0.2553
vn 0.3952 -0.9185 0.0144
vn 0.9969 -0.0088 0.0781
vn 0.9995 -0.0248 0.0186
vn 0.2826 -0.9582 -0.0450
vn 0.9985 -0.0328 0.0438
vn 0.9996 -0.0279 0.0002
vn 0.1720 -0.9836 0.0538
vn 0.9984 -0.0546 0.0118
vn 0.2452 -0.9662 -0.0794
vn 0.9998 -0.0030 -0.0196
vn 0.9976 0.0081 -0.0688
vn 0.1699 -0.9811 0.0926
vn 0.9999 -0.0019 -0.0132
vn 0.1045 -0.9827 0.1530
vn 0.9859 0.0708 -0.1519
vn 0.1303 -0.9769 -0.1694
vn 0.6990 -0.0075 -0.7151
vn 0.7731 -0.0479 0.6325
vn 0.9969 -0.0088 0.0780
vn 0.9995 -0.0247 0.0186
vn 0.9996 -0.0280 0.0002
vn 0.9998 -0.0031 -0.0196
vn 0.3476 0.9373 0.0270
vn 0.3158 0.9484 0.0278
vn 0.4013 0.9137 -0.0647
vn 0.4693 0.8514 -0.2343
vn 0.4379 0.7353 -0.5172
vn 0.6991 -0.0075 -0.7150
vn 0.1304 -0.9769 -0.1693
vn 0.1843 -0.0066 -0.9828
vn 0.0149 0.0115 -0.9998
vn -0.0238 0.0314 -0.9992
vn -0.0013 -0.9846 -0.1750
vn -0.1924 0.0672 -0.9790
vn -0.2240 -0.9668 -0.1227
vn -0.7229 -0.0896 -0.6851
vn 0.6990 -0.0076 -0.7151
vn 0.0450 0.9221 -0.3844
vn -0.0494 0.9265 -0.3731
vn -0.0658 0.8992 -0.4327
vn -0.4669 0.7734 -0.4288
vn -0.9797 -0.1127 -0.1661
vn -0.2429 -0.9688 -0.0489
vn -0.9995 0.0202 0.0223
vn -0.9998 -0.0101 0.0152
vn -0.9937 -0.1036 -0.0433
vn -0.2385 -0.9707 0.0306
vn -0.9998 -0.0008 0.0200
vn -0.9998 -0.0026 0.0215
vn -0.9999 -0.0122 -0.0016
vn -0.3873 -0.9220 0.0056
vn -0.9998 -0.0203 -0.0033
vn -0.9947 0.0355 0.0961
vn -0.7336 -0.0857 0.6742
vn -0.4668 0.7734 -0.4288
vn -0.3723 0.9281 -0.0063
vn -0.3473 0.9377 -0.0119
vn -0.3367 0.9412 -0.0270
vn -0.3679 0.9255 0.0900
vn -0.3188 0.8624 0.3933
vn -0.0361 -0.9355 0.3516
vn -0.3012 -0.8883 0.3466
vn -0.3213 -0.9470 -0.0015
vn 0.0363 -0.9985 -0.0403
vn 0.0211 -0.9564 0.2913
vn -0.0184 -0.9997 0.0180
vn -0.0010 -0.9605 0.2784
vn 0.0029 -0.9999 -0.0131
vn 0.0386 -0.9497 0.3107
vn 0.0169 -0.9998 0.0120
vn 0.2889 -0.9121 0.2910
vn 0.3330 -0.9429 0.0071
vn -0.3588 -0.9328 -0.0348
vn -0.0434 -0.9990 -0.0119
vn -0.0143 -0.9999 0.0088
vn 0.0101 -0.9999 -0.0072
vn 0.0225 -0.9997 0.0061
vn 0.3904 -0.9202 -0.0299
vn -0.3354 -0.9421 -0.0022
vn -0.0507 -0.9987 0.0066
vn -0.0237 -0.9994 0.0236
vn 0.0032 -0.9999 0.0147
vn 0.0486 -0.9988 -0.0032
vn 0.3672 -0.9297 0.0270
vn -0.3516 -0.9361 0.0039
vn -0.0674 -0.9977 0.0091
vn 0.0078 -0.9994 -0.0337
vn 0.0079 -0.9999 -0.0109
vn 0.0155 -0.9998 -0.0080
vn 0.2968 -0.9549 0.0039
vn -0.3574 -0.9338 -0.0180
vn -0.0443 -0.9990 0.0041
vn -0.0005 -0.9999 -0.0153
vn -0.0046 -1.0000 -0.0004
vn 0.0456 -0.9988 -0.0164
vn 0.3790 -0.9251 -0.0220
vn -0.4185 -0.9080 0.0202
vn -0.0352 -0.9994 -0.0054
vn 0.0015 -1.0000 0.0023
vn -0.0086 -0.9999 0.0142
vn 0.0247 -0.9996 0.0121
vn 0.3766 -0.9264 0.0074
vn -0.3868 -0.9221 -0.0104
vn -0.0434 -0.9991 -0.0020
vn -0.0186 -0.9998 0.0053
vn 0.0004 -1.0000 -0.0001
vn 0.0490 -0.9988 -0.0079
vn 0.3597 -0.9330 -0.0061
vn -0.3770 -0.9262 0.0113
vn -0.0341 -0.9994 0.0052
vn -0.0083 -1.0000 -0.0002
vn 0.0051 -0.9999 -0.0148
vn 0.0338 -0.9994 -0.0050
vn 0.3588 -0.9334 -0.0005
vn -0.3779 -0.9251 -0.0373
vn -0.0153 -0.9990 -0.0418
vn -0.0041 -0.9996 -0.0266
vn 0.0170 -0.9987 -0.0491
vn 0.0190 -0.9995 -0.0250
vn 0.3606 -0.9324 -0.0244
vn -0.2895 -0.8954 -0.3384
vn -0.0383 -0.9389 -0.3420
vn -0.0011 -0.9398 -0.3417
vn 0.0123 -0.9409 -0.3385
vn 0.0144 -0.9370 -0.3491
vn 0.3528 -0.8756 -0.3301
vn -0.3788 0.9137 0.1470
vn -0.4404 0.7948 0.4176
vn -0.1147 0.9309 0.3469
vn -0.1244 0.9825 0.1387
vn 0.0418 0.9181 0.3940
vn 0.0143 0.9944 0.1046
vn -0.0110 0.8931 0.4498
vn -0.0068 0.9883 0.1525
vn 0.0230 0.9102 0.4136
vn 0.0603 0.9931 0.1004
vn 0.4102 0.8366 0.3632
vn 0.4031 0.9074 0.1186
vn -0.4035 0.9137 0.0489
vn -0.0449 0.9989 0.0149
vn 0.0205 0.9996 -0.0184
vn -0.0046 1.0000 -0.0040
vn 0.0460 0.9989 -0.0098
vn 0.3602 0.9327 0.0152
vn -0.4079 0.9130 0.0060
vn -0.0192 0.9997 -0.0129
vn 0.0259 0.9993 -0.0264
vn -0.0075 0.9999 -0.0136
vn 0.0264 0.9996 0.0030
vn 0.3856 0.9220 -0.0343
vn -0.4009 0.9157 -0.0262
vn -0.0165 0.9998 -0.0094
vn -0.0055 0.9994 0.0347
vn -0.0098 0.9999 0.0107
vn 0.0842 0.9964 -0.0083
vn 0.3825 0.9240 0.0053
vn -0.4199 0.9075 0.0111
vn -0.0601 0.9982 0.0053
vn 0.0075 0.9999 0.0146
vn 0.0108 0.9999 -0.0018
vn 0.0260 0.9993 0.0259
vn 0.3665 0.9304 0.0062
vn -0.3381 0.9411 -0.0074
vn -0.0521 0.9986 -0.0056
vn 0.0007 1.0000 -0.0033
vn 0.0074 0.9999 -0.0103
vn 0.0572 0.9983 -0.0120
vn 0.3854 0.9227 -0.0114
vn -0.3523 0.9359 -0.0007
vn -0.0547 0.9985 0.0072
vn 0.0169 0.9999 -0.0016
vn 0.0016 1.0000 -0.0008
vn 0.0315 0.9995 0.0091
vn 0.3867 0.9221 0.0152
vn -0.3783 0.9257 -0.0000
vn -0.0522 0.9986 -0.0077
vn 0.0122 0.9999 -0.0008
vn -0.0019 0.9999 0.0103
vn 0.0399 0.9992 0.0040
vn 0.3899 0.9207 -0.0151
vn -0.3765 0.9222 -0.0885
vn -0.0754 0.9968 -0.0248
vn 0.0087 0.9990 -0.0447
vn -0.0143 0.9997 -0.0208
vn 0.0777 0.9949 -0.0643
vn 0.4041 0.9089 -0.1027
vn -0.4607 0.8462 -0.2678
vn -0.0791 0.9389 -0.3349
vn 0.0056 0.9357 -0.3528
vn 0.0154 0.9316 -0.3631
vn 0.1352 0.9008 -0.4125
vn 0.3981 0.8156 -0.4199
vn -0.6962 0.0398 0.7167
vn -0.0362 -0.9354 0.3516
vn -0.1293 0.0357 0.9910
vn 0.0121 0.0446 0.9989
vn -0.0009 -0.9605 0.2784
vn 0.0140 0.1381 0.9903
vn 0.0793 0.1514 0.9853
vn 0.2889 -0.9121 0.2909
vn 0.7652 -0.0523 0.6417
vn -0.4404 0.7947 0.4177
vn -0.1147 0.9308 0.3469
vn -0.0110 0.8930 0.4498
vn 0.0230 0.9101 0.4137
vn 0.4102 0.8365 0.3632
vn 0.2888 -0.9121 0.2910
vn 0.9982 -0.0139 0.0586
vn 0.3903 -0.9202 -0.0299
vn 0.9999 0.0033 -0.0150
vn 0.9981 -0.0450 0.0411
vn 1.0000 -0.0018 -0.0078
vn 0.3790 -0.9251 -0.0219
vn 0.9993 0.0013 -0.0381
vn 1.0000 0.0063 -0.0040
vn 0.3597 -0.9331 -0.0060
vn 1.0000 0.0010 0.0064
vn 0.3589 -0.9334 -0.0005
vn 1.0000 0.0027 -0.0065
vn 0.9892 0.0607 -0.1334
vn 0.3527 -0.8756 -0.3301
vn 0.6871 -0.0144 -0.7264
vn 0.4102 0.8365 0.3633
vn 0.3602 0.9327 0.0153
vn 0.3854 0.9227 -0.0115
vn 0.6872 -0.0144 -0.7264
vn 0.3528 -0.8755 -0.3301
vn 0.1399 0.0056 -0.9901
vn 0.0275 -0.0000 -0.9996
vn -0.0025 0.0053 -1.0000
vn -0.1164 0.0633 -0.9912
vn -0.2894 -0.8954 -0.3384
vn -0.7784 -0.0246 -0.6272
vn 0.3982 0.8156 -0.4199
vn 0.1398 0.0056 -0.9902
vn 0.1352 0.9008 -0.4126
vn 0.0056 0.9357 -0.3529
vn -0.1164 0.0634 -0.9912
vn -0.7785 -0.0246 -0.6272
vn -0.4608 0.8462 -0.2677
vn -0.2895 -0.8953 -0.3385
vn -0.9945 0.0089 -0.1039
vn -0.3770 -0.9261 0.0113
vn -0.9995 0.0317 -0.0055
vn -0.9996 0.0275 -0.0013
vn -0.4186 -0.9080 0.0202
vn -0.9998 0.0205 0.0028
vn -0.9998 0.0182 0.0041
vn -0.9999 -0.0022 -0.0105
vn -0.3354 -0.9421 -0.0021
vn -1.0000 0.0030 -0.0018
vn -0.9996 0.0161 0.0214
vn -0.3212 -0.9470 -0.0015
vn -0.9852 0.0974 0.1413
vn -0.3012 -0.8884 0.3466
vn -0.4608 0.8462 -0.2678
vn -0.7784 -0.0246 -0.6273
vn -0.9995 0.0318 -0.0055
vn -0.3784 0.9257 -0.0000
vn -0.9998 0.0181 0.0042
vn -0.4200 0.9075 0.0111
vn -1.0000 0.0031 -0.0018
vn -0.4080 0.9130 0.0060
vn -0.9996 0.0161 0.0213
vn -0.0505 -0.9716 0.2314
vn -0.5801 -0.7845 0.2191
vn -0.5123 -0.8586 -0.0172
vn -0.0548 -0.9984 -0.0124
vn 0.0864 -0.9580 0.2734
vn 0.0129 -0.9998 0.0166
vn 0.0445 -0.9405 0.3368
vn 0.0555 -0.9979 0.0327
vn 0.0198 -0.9464 0.3224
vn 0.0689 -0.9974 0.0215
vn 0.4740 -0.8574 0.2005
vn 0.5595 -0.8287 -0.0126
vn -0.5674 -0.8234 0.0024
vn -0.0743 -0.9971 0.0193
vn 0.0273 -0.9996 0.0060
vn 0.0441 -0.9990 -0.0012
vn 0.0728 -0.9973 0.0069
vn 0.5858 -0.8104 0.0040
vn -0.5511 -0.8345 0.0030
vn -0.0516 -0.9987 -0.0060
vn 0.0447 -0.9990 0.0069
vn 0.0420 -0.9991 0.0054
vn 0.0574 -0.9983 0.0023
vn 0.6000 -0.8000 0.0041
vn -0.5804 -0.8141 -0.0204
vn -0.1270 -0.9919 -0.0039
vn 0.0441 -0.9987 -0.0236
vn 0.0404 -0.9992 -0.0080
vn 0.0692 -0.9975 -0.0127
vn 0.5734 -0.8193 -0.0086
vn -0.6173 -0.7867 -0.0079
vn -0.0656 -0.9974 -0.0283
vn 0.0241 -0.9994 -0.0231
vn 0.0183 -0.9997 -0.0131
vn 0.0682 -0.9976 -0.0097
vn 0.6004 -0.7994 -0.0187
vn -0.5949 -0.8038 0.0006
vn -0.0834 -0.9964 0.0117
vn 0.0391 -0.9992 -0.0054
vn -0.0048 -0.9999 0.0106
vn 0.0912 -0.9958 0.0030
vn 0.5970 -0.8022 0.0015
vn -0.6078 -0.7940 0.0055
vn -0.0462 -0.9989 0.0108
vn 0.0091 -0.9995 0.0305
vn 0.0151 -0.9998 0.0131
vn 0.0917 -0.9957 0.0099
vn 0.5718 -0.8201 0.0246
vn -0.6152 -0.7884 0.0063
vn -0.0821 -0.9966 -0.0077
vn 0.0167 -0.9999 0.0031
vn 0.0430 -0.9990 -0.0082
vn 0.0364 -0.9993 0.0124
vn 0.5649 -0.8250 0.0143
vn -0.5956 -0.8002 -0.0699
vn -0.0780 -0.9964 -0.0318
vn 0.0303 -0.9981 -0.0534
vn -0.0017 -0.9996 -0.0294
vn 0.0256 -0.9997 0.0009
vn 0.4957 -0.8667 0.0562
vn -0.6019 -0.7390 -0.3028
vn -0.0245 -0.9497 -0.3121
vn 0.0218 -0.9397 -0.3412
vn -0.0613 -0.9582 -0.2794
vn -0.0438 -0.9748 -0.2189
vn 0.4444 -0.8880 -0.1183
vn -0.5584 0.8230 0.1046
vn -0.4186 0.8584 0.2964
vn -0.1794 0.9057 0.3840
vn -0.1663 0.9776 0.1292
vn -0.1933 0.9019 0.3863
vn -0.0699 0.9950 0.0720
vn -0.0417 0.9484 0.3144
vn -0.0219 0.9993 0.0314
vn 0.2009 0.9282 0.3130
vn 0.0941 0.9941 0.0540
vn 0.6088 0.7335 0.3021
vn 0.5972 0.7983 0.0782
vn -0.6225 0.7825 0.0125
vn -0.1395 0.9901 0.0164
vn 0.0058 0.9999 -0.0121
vn -0.0176 0.9998 -0.0048
vn 0.0608 0.9981 -0.0047
vn 0.5781 0.8160 -0.0017
vn -0.6729 0.7395 0.0167
vn -0.1006 0.9949 -0.0106
vn -0.1005 0.9949 -0.0106
vn 0.0058 0.9999 -0.0122
vn -0.0274 0.9996 -0.0045
vn -0.0102 0.9999 -0.0079
vn 0.0713 0.9975 -0.0026
vn 0.5828 0.8125 -0.0115
vn -0.6160 0.7876 0.0163
vn -0.0565 0.9984 0.0009
vn -0.0239 0.9997 0.0113
vn -0.0196 0.9998 0.0056
vn 0.0788 0.9969 0.0081
vn 0.5872 0.8093 0.0118
vn -0.5719 0.8203 0.0085
vn -0.0932 0.9953 0.0254
vn -0.0931 0.9953 0.0254
vn -0.0212 0.9994 0.0263
vn -0.0054 0.9999 0.0161
vn 0.0547 0.9984 0.0173
vn 0.5823 0.8127 0.0213
vn -0.5828 0.8125 -0.0120
vn -0.1349 0.9906 0.0227
vn 0.0142 0.9999 0.0004
vn 0.0164 0.9998 -0.0096
vn 0.0407 0.9992 -0.0015
vn 0.5850 0.8110 -0.0065
vn -0.6627 0.7489 0.0028
vn -0.1065 0.9942 -0.0138
vn 0.0575 0.9976 -0.0382
vn -0.0197 0.9997 -0.0153
vn 0.0565 0.9983 -0.0133
vn 0.6012 0.7986 -0.0294
vn -0.6228 0.7823 0.0097
vn -0.0307 0.9992 -0.0240
vn 0.0065 1.0000 -0.0001
vn -0.0471 0.9988 0.0103
vn 0.1325 0.9909 -0.0224
vn 0.5930 0.8052 -0.0003
vn -0.5877 0.8050 -0.0810
vn -0.0530 0.9978 -0.0399
vn -0.0372 0.9993 -0.0033
vn 0.0403 0.9977 -0.0539
vn 0.1509 0.9833 -0.1015
vn 0.5697 0.8201 -0.0529
vn -0.5968 0.7305 -0.3320
vn -0.1487 0.9365 -0.3176
vn 0.0040 0.9437 -0.3306
vn 0.1743 0.9055 -0.3869
vn 0.2397 0.8769 -0.4167
vn 0.5115 0.7875 -0.3438
vn -0.8895 -0.0410 0.4552
vn -0.5801 -0.7845 0.2190
vn -0.0504 -0.9715 0.2314
vn -0.1609 0.0212 0.9867
vn -0.0461 0.0096 0.9989
vn -0.0349 0.0096 0.9993
vn 0.2580 0.1046 0.9605
vn 0.4739 -0.8574 0.2004
vn 0.9246 -0.0385 0.3789
vn -0.1795 0.9057 0.3840
vn 0.2009 0.9283 0.3130
vn 0.4739 -0.8574 0.2005
vn 0.5595 -0.8288 -0.0126
vn 0.9999 -0.0095 0.0040
vn 1.0000 0.0003 -0.0048
vn 1.0000 -0.0071 0.0029
vn 1.0000 -0.0014 -0.0011
vn 0.6005 -0.7994 -0.0187
vn 1.0000 -0.0004 -0.0023
vn 1.0000 -0.0011 -0.0000
vn 0.5718 -0.8200 0.0247
vn 0.9995 -0.0298 0.0061
vn 0.5648 -0.8251 0.0142
vn 0.9987 -0.0464 0.0200
vn 0.4957 -0.8667 0.0563
vn 0.9996 0.0240 0.0116
vn 0.4444 -0.8880 -0.1182
vn 0.9079 -0.0133 -0.4189
vn 0.6088 0.7335 0.3022
vn 0.5780 0.8160 -0.0018
vn 0.5822 0.8127 0.0213
vn 0.5115 0.7875 -0.3439
vn 0.1972 0.0292 -0.9799
vn 0.0674 0.0006 -0.9977
vn 0.0254 -0.0071 -0.9997
vn -0.2390 0.0766 -0.9680
vn -0.6019 -0.7390 -0.3027
vn -0.8940 -0.0062 -0.4480
vn 0.5116 0.7874 -0.3438
vn 0.9080 -0.0133 -0.4189
vn 0.1971 0.0292 -0.9799
vn 0.0673 0.0007 -0.9977
vn 0.0041 0.9437 -0.3307
vn -0.5968 0.7305 -0.3319
vn -0.6018 -0.7390 -0.3028
vn -0.5956 -0.8003 -0.0698
vn -0.9959 0.0127 -0.0892
vn -0.9998 0.0164 0.0061
vn -0.6078 -0.7940 0.0054
vn -0.9993 0.0355 -0.0064
vn -0.9998 0.0151 -0.0137
vn -0.9994 0.0343 0.0090
vn -0.5803 -0.8141 -0.0204
vn -0.9983 0.0541 0.0202
vn -0.5511 -0.8345 0.0031
vn -0.9997 0.0228 -0.0080
vn -0.5673 -0.8235 0.0024
vn -0.9985 0.0533 -0.0092
vn -0.9957 0.0768 0.0519
vn -0.8894 -0.0410 0.4552
vn -0.5967 0.7305 -0.3320
vn -0.6229 0.7823 0.0097
vn -0.6628 0.7488 0.0028
vn -0.5719 0.8203 0.0086
vn -0.0201 -0.7754 0.6312
vn -0.2537 -0.7348 0.6291
vn -0.2362 -0.9696 0.0635
vn 0.0025 -0.9962 0.0866
vn -0.0025 -0.7694 0.6387
vn 0.0107 -0.9980 0.0616
vn 0.0255 -0.7722 0.6349
vn 0.0402 -0.9963 0.0766
vn 0.0657 -0.7883 0.6118
vn 0.0196 -0.9953 0.0953
vn 0.2551 -0.7415 0.6206
vn 0.2333 -0.9669 0.1037
vn -0.2811 -0.9563 -0.0807
vn 0.0105 -0.9957 -0.0917
vn -0.0058 -0.9986 -0.0533
vn 0.0018 -0.9979 0.0647
vn 0.0221 -0.9967 0.0785
vn 0.2729 -0.9579 -0.0894
vn -0.3092 -0.9481 -0.0740
vn -0.0183 -0.9996 -0.0206
vn -0.0457 -0.9988 0.0164
vn -0.0112 -0.9998 0.0134
vn 0.0611 -0.9980 -0.0138
vn 0.3169 -0.9447 -0.0838
vn -0.3561 -0.9344 -0.0087
vn -0.0203 -0.9996 -0.0204
vn -0.0255 -0.9993 -0.0256
vn -0.0044 -0.9980 -0.0627
vn 0.0504 -0.9978 -0.0429
vn 0.3606 -0.9298 -0.0734
vn -0.3428 -0.9389 -0.0298
vn -0.0328 -0.9993 -0.0158
vn -0.0233 -0.9997 -0.0079
vn -0.0024 -0.9999 -0.0118
vn 0.0622 -0.9974 -0.0355
vn 0.3537 -0.9346 -0.0370
vn -0.3458 -0.9382 0.0139
vn -0.0332 -0.9994 0.0080
vn -0.0225 -0.9997 -0.0066
vn -0.0031 -0.9998 0.0210
vn 0.0635 -0.9978 0.0187
vn 0.3581 -0.9336 -0.0064
vn -0.3372 -0.9414 -0.0042
vn -0.0249 -0.9997 0.0015
vn -0.0327 -0.9994 0.0070
vn -0.0211 -0.9978 0.0632
vn 0.0883 -0.9961 0.0009
vn 0.3560 -0.9345 0.0026
vn -0.3344 -0.9411 0.0508
vn -0.0210 -0.9983 0.0541
vn -0.0467 -0.9967 0.0668
vn 0.0032 -0.9998 0.0199
vn 0.0916 -0.9958 0.0071
vn 0.3466 -0.9376 0.0260
vn -0.3393 -0.9399 -0.0394
vn -0.0018 -0.9994 -0.0353
vn -0.0343 -0.9992 -0.0207
vn 0.0119 -0.9988 -0.0483
vn 0.0830 -0.9958 -0.0393
vn 0.3020 -0.9533 0.0079
vn -0.2554 -0.7324 -0.6312
vn -0.0240 -0.8153 -0.5785
vn -0.0125 -0.8295 -0.5584
vn 0.0035 -0.7911 -0.6117
vn 0.0536 -0.8286 -0.5573
vn 0.2569 -0.8244 -0.5044
vn -0.3259 0.9269 0.1860
vn -0.2955 0.7826 0.5479
vn -0.0768 0.8625 0.5002
vn -0.0697 0.9798 0.1876
vn -0.0000 0.8431 0.5378
vn -0.0147 0.9812 0.1924
vn -0.0616 0.7881 0.6124
vn -0.0635 0.9857 0.1562
vn 0.0211 0.7563 0.6539
vn 0.0173 0.9967 0.0791
vn 0.3988 0.7258 0.5605
vn 0.4039 0.9119 0.0730
vn -0.3935 0.8928 0.2194
vn -0.0601 0.9817 0.1809
vn 0.0154 0.9922 0.1241
vn -0.0126 0.9998 -0.0121
vn 0.0296 0.9971 -0.0698
vn 0.3663 0.9304 0.0116
vn -0.3650 0.9265 0.0916
vn -0.0310 0.9991 0.0278
vn 0.0488 0.9988 0.0051
vn 0.0090 1.0000 -0.0016
vn 0.0006 1.0000 0.0023
vn 0.3239 0.9457 0.0275
vn -0.3228 0.9464 0.0040
vn -0.0355 0.9992 0.0183
vn 0.0289 0.9994 0.0213
vn 0.0048 0.9986 0.0536
vn 0.0077 0.9989 0.0460
vn 0.3180 0.9470 0.0457
vn -0.3283 0.9427 0.0592
vn -0.0151 0.9998 0.0124
vn 0.0290 0.9996 0.0014
vn -0.0026 0.9999 0.0150
vn -0.0012 0.9995 0.0311
vn 0.3261 0.9448 0.0332
vn -0.3204 0.9473 -0.0031
vn -0.0057 0.9999 -0.0137
vn 0.0232 0.9996 0.0141
vn 0.0012 0.9999 -0.0130
vn 0.0011 0.9998 -0.0221
vn 0.3216 0.9468 0.0065
vn -0.3354 0.9396 -0.0686
vn -0.0251 0.9995 -0.0206
vn 0.0315 0.9991 -0.0279
vn 0.0097 0.9994 -0.0331
vn -0.0156 0.9999 -0.0043
vn 0.3184 0.9480 -0.0043
vn -0.3386 0.9220 -0.1878
vn -0.0308 0.9884 -0.1487
vn 0.0286 0.9873 -0.1563
vn -0.0178 0.9975 -0.0680
vn -0.0177 0.9988 -0.0460
vn 0.3297 0.9412 -0.0737
vn -0.3223 0.8995 -0.2950
vn -0.0419 0.9806 -0.1913
vn 0.0171 0.9738 -0.2266
vn -0.0392 0.9803 -0.1938
vn -0.0189 0.9823 -0.1866
vn 0.3358 0.9066 -0.2557
vn -0.3317 0.8364 -0.4363
vn -0.0303 0.8241 -0.5657
vn 0.0535 0.7773 -0.6269
vn -0.0419 0.7788 -0.6259
vn -0.0222 0.7373 -0.6752
vn 0.2585 0.6585 -0.7068
vn -0.4339 0.0204 0.9007
vn -0.2537 -0.7348 0.6290
vn -0.0694 0.0900 0.9935
vn 0.0049 0.0880 0.9961
vn -0.0074 0.0969 0.9953
vn 0.0925 0.0887 0.9918
vn 0.4983 -0.0136 0.8669
vn -0.0615 0.7881 0.6125
vn 0.0210 0.7563 0.6539
vn 0.4983 -0.0135 0.8669
vn 0.9909 -0.0077 0.1342
vn 0.2729 -0.9579 -0.0895
vn 0.9962 0.0008 -0.0870
vn 0.3169 -0.9448 -0.0838
vn 0.9954 0.0053 -0.0959
vn 0.3605 -0.9299 -0.0735
vn 0.9982 0.0088 -0.0592
vn 1.0000 0.0006 -0.0011
vn 0.3581 -0.9337 -0.0064
vn 1.0000 -0.0018 0.0022
vn 1.0000 0.0019 0.0019
vn 0.9999 0.0041 -0.0098
vn 0.3020 -0.9533 0.0080
vn 0.9721 0.0698 -0.2238
vn 0.2568 -0.8244 -0.5045
vn 0.3873 -0.0330 -0.9214
vn 0.4039 0.9119 0.0729
vn 0.3179 0.9470 0.0458
vn 0.3261 0.9447 0.0333
vn 0.3216 0.9469 0.0065
vn 0.3184 0.9479 -0.0043
vn 0.3296 0.9412 -0.0737
vn 0.2584 0.6585 -0.7068
vn -0.0078 0.0312 -0.9995
vn -0.0152 0.0959 -0.9953
vn 0.0423 0.0673 -0.9968
vn 0.0423 0.0674 -0.9968
vn -0.0126 -0.8295 -0.5584
vn -0.0486 0.0524 -0.9974
vn -0.2553 -0.7325 -0.6311
vn -0.4906 0.0196 -0.8711
vn -0.0222 0.7373 -0.6751
vn -0.0152 0.0960 -0.9953
vn -0.3318 0.8364 -0.4363
vn -0.4906 0.0197 -0.8711
vn -0.2553 -0.7324 -0.6312
vn -0.3392 -0.9399 -0.0394
vn -0.9645 0.0245 -0.2629
vn -0.3344 -0.9411 0.0507
vn -0.9940 -0.0053 -0.1091
vn -0.9990 -0.0301 -0.0327
vn -0.3458 -0.9382 0.0138
vn -0.9991 -0.0427 -0.0040
vn -0.3428 -0.9389 -0.0299
vn -0.9998 -0.0162 0.0081
vn -0.3561 -0.9344 -0.0088
vn -0.9998 -0.0096 0.0147
vn -0.9993 -0.0079 0.0369
vn -0.2811 -0.9563 -0.0808
vn -0.9990 -0.0097 0.0437
vn -0.9733 0.0608 0.2213
vn -0.2536 -0.7348 0.6291
vn -0.3224 0.8995 -0.2950
vn -0.3385 0.9220 -0.1879
vn -0.3203 0.9473 -0.0031
vn -0.0782 -0.6193 0.7813
vn -0.3575 -0.5167 0.7780
vn -0.5632 -0.8223 0.0818
vn -0.0502 -0.9951 -0.0855
vn 0.0266 -0.6775 0.7350
vn 0.0148 -0.9978 -0.0639
vn 0.1971 -0.6611 0.7239
vn 0.1377 -0.9903 -0.0176
vn 0.1859 -0.6209 0.7615
vn 0.1001 -0.9891 0.1075
vn 0.0491 -0.5473 0.8355
vn 0.0401 -0.9871 0.1552
vn -0.0054 -0.5621 0.8271
vn 0.0172 -0.9760 0.2169
vn -0.0110 -0.6487 0.7610
vn 0.0731 -0.9807 0.1815
vn 0.3763 -0.5609 0.7374
vn 0.5600 -0.8087 0.1801
vn -0.4929 -0.8474 -0.1975
vn -0.0570 -0.9658 -0.2531
vn -0.0193 -0.9691 -0.2459
vn 0.0737 -0.9884 -0.1331
vn 0.0685 -0.9945 -0.0796
vn -0.0124 -0.9998 -0.0154
vn -0.0038 -0.9997 0.0250
vn 0.0693 -0.9933 0.0924
vn 0.5624 -0.8193 0.1117
vn -0.4597 -0.8334 -0.3069
vn -0.0344 -0.9426 -0.3323
vn -0.0470 -0.9338 -0.3547
vn 0.0019 -0.9799 -0.1995
vn 0.0458 -0.9816 -0.1853
vn -0.0078 -0.9789 -0.2040
vn -0.0348 -0.9864 -0.1607
vn 0.0259 -0.9958 -0.0884
vn 0.5459 -0.8378 -0.0097
vn -0.3352 -0.5294 -0.7793
vn -0.0419 -0.5533 -0.8320
vn -0.0882 -0.5385 -0.8380
vn -0.0611 -0.5857 -0.8082
vn 0.0084 -0.5693 -0.8221
vn -0.0072 -0.5631 -0.8263
vn -0.0043 -0.5714 -0.8207
vn 0.0466 -0.5557 -0.8300
vn 0.3792 -0.4825 -0.7896
vn -0.4606 0.8290 0.3173
vn -0.2859 0.5146 0.8084
vn 0.0042 0.5779 0.8161
vn 0.0167 0.9446 0.3279
vn 0.0311 0.5836 0.8115
vn 0.0146 0.9774 0.2109
vn -0.0191 0.5695 0.8217
vn -0.1720 0.9547 0.2427
vn -0.0112 0.5833 0.8122
vn -0.0897 0.9827 0.1620
vn 0.0045 0.6322 0.7748
vn -0.0310 0.9959 0.0848
vn -0.0604 0.6007 0.7972
vn 0.0095 0.9999 0.0087
vn -0.0182 0.6018 0.7985
vn 0.0745 0.9962 -0.0443
vn 0.3843 0.6291 0.6757
vn 0.4953 0.8683 -0.0273
vn -0.5794 0.8021 0.1444
vn 0.0542 0.9845 0.1669
vn 0.0033 0.9626 0.2711
vn -0.1450 0.9810 0.1293
vn -0.0736 0.9941 0.0794
vn 0.0223 0.9997 -0.0031
vn 0.0414 0.9982 -0.0442
vn 0.1207 0.9763 -0.1794
vn 0.4727 0.8626 -0.1805
vn -0.6401 0.7667 0.0507
vn -0.0440 0.9823 0.1819
vn 0.0316 0.9844 0.1733
vn -0.0793 0.9962 -0.0357
vn -0.0642 0.9956 -0.0677
vn 0.0141 0.9991 -0.0399
vn 0.1134 0.9857 -0.1250
vn 0.1663 0.9656 -0.1997
vn 0.4890 0.8429 -0.2244
vn -0.5345 0.6439 -0.5475
vn -0.0584 0.7041 -0.7077
vn 0.0079 0.6953 -0.7187
vn -0.0989 0.6496 -0.7538
vn -0.0813 0.6068 -0.7907
vn 0.0084 0.6051 -0.7961
vn 0.1051 0.6030 -0.7908
vn 0.1694 0.6221 -0.7644
vn 0.3658 0.6130 -0.7003
vn -0.4089 -0.0645 0.9103
vn -0.3575 -0.5167 0.7779
vn -0.0335 -0.0481 0.9983
vn 0.0329 -0.0390 0.9987
vn 0.1972 -0.6612 0.7239
vn 0.1196 -0.0073 0.9928
vn 0.1133 -0.0029 0.9936
vn 0.0372 -0.0033 0.9993
vn -0.0455 -0.0274 0.9986
vn -0.0111 -0.6487 0.7610
vn -0.0304 -0.0674 0.9973
vn 0.3763 -0.5610 0.7374
vn 0.4216 -0.0370 0.9060
vn 0.0311 0.5836 0.8114
vn -0.0191 0.5696 0.8217
vn 0.0045 0.6323 0.7747
vn -0.0603 0.6007 0.7972
vn -0.0182 0.6018 0.7984
vn 0.3842 0.6291 0.6757
vn 0.4217 -0.0370 0.9060
vn 0.3763 -0.5610 0.7373
vn 0.5600 -0.8087 0.1802
vn 0.9869 0.0301 0.1584
vn 0.5624 -0.8193 0.1118
vn 0.9980 0.0636 -0.0047
vn 0.9631 0.1236 -0.2391
vn 0.4490 0.0469 -0.8923
vn 0.3657 0.6130 -0.7003
vn 0.0466 -0.5558 -0.8300
vn 0.0981 0.0543 -0.9937
vn -0.0044 -0.5714 -0.8207
vn 0.0452 -0.0009 -0.9990
vn -0.0013 -0.0018 -1.0000
vn -0.0422 0.0014 -0.9991
vn -0.0821 0.0217 -0.9964
vn -0.0882 -0.5384 -0.8380
vn -0.0610 0.0482 -0.9970
vn -0.0419 -0.5532 -0.8320
vn -0.0778 0.0371 -0.9963
vn -0.5243 -0.0174 -0.8514
vn 0.1693 0.6221 -0.7644
vn 0.1052 0.6030 -0.7908
vn -0.0813 0.6069 -0.7906
vn 0.0078 0.6953 -0.7187
vn -0.0583 0.7041 -0.7077
vn -0.5346 0.6439 -0.5474
vn -0.3352 -0.5295 -0.7793
vn -0.4597 -0.8334 -0.3068
vn -0.9968 0.0205 -0.0775
vn -0.4929 -0.8474 -0.1974
vn -0.9996 -0.0196 -0.0206
vn -0.5631 -0.8223 0.0818
vn -0.9686 0.0373 0.2459
vn -0.5344 0.6439 -0.5475
vn -0.6400 0.7667 0.0507
vn -0.5794 0.8021 0.1445
vn -0.4605 0.8290 0.3173
vn -0.2858 0.5147 0.8084
vn -0.0699 -0.8338 0.5476
vn -0.4239 -0.7194 0.5503
vn -0.4987 -0.8584 0.1207
vn -0.0546 -0.9970 0.0551
vn -0.0062 -0.7382 0.6746
vn -0.0468 -0.9843 0.1700
vn -0.0221 -0.7270 0.6863
vn -0.0447 -0.9789 0.1996
vn -0.0272 -0.7075 0.7062
vn -0.0173 -0.9822 0.1871
vn 0.0153 -0.7320 0.6812
vn 0.0308 -0.9942 0.1032
vn -0.0196 -0.7177 0.6961
vn 0.0440 -0.9989 0.0150
vn 0.0328 -0.8749 0.4832
vn 0.0742 -0.9969 -0.0258
vn 0.3892 -0.8279 0.4039
vn 0.4871 -0.8732 -0.0187
vn -0.4331 -0.9009 0.0296
vn -0.1012 -0.9926 0.0674
vn -0.0609 -0.9966 0.0560
vn -0.0229 -0.9996 -0.0164
vn 0.0308 -0.9981 -0.0539
vn 0.0658 -0.9960 -0.0607
vn 0.0273 -0.9986 -0.0457
vn 0.0479 -0.9984 0.0290
vn 0.4718 -0.8816 0.0151
vn -0.4497 -0.8927 -0.0286
vn -0.0335 -0.9940 -0.1044
vn 0.0025 -0.9859 -0.1675
vn -0.0150 -0.9876 -0.1563
vn 0.0010 -0.9884 -0.1516
vn 0.0214 -0.9982 -0.0554
vn -0.0238 -0.9995 0.0202
vn -0.0059 -0.9935 0.1138
vn 0.4841 -0.8748 0.0178
vn -0.0335 -0.9940 -0.1045
vn -0.2497 -0.7290 -0.6374
vn -0.0050 -0.7771 -0.6294
vn 0.0025 -0.9859 -0.1676
vn -0.0164 -0.7414 -0.6709
vn -0.0122 -0.7536 -0.6572
vn -0.0155 -0.7639 -0.6452
vn -0.0212 -0.8004 -0.5991
vn -0.0778 -0.8601 -0.5042
vn 0.0225 -0.8740 -0.4854
vn 0.4830 -0.7052 -0.5190
vn -0.4292 0.8703 0.2416
vn -0.4317 0.5784 0.6921
vn -0.1607 0.7443 0.6482
vn -0.1036 0.9825 0.1548
vn -0.0260 0.7585 0.6512
vn 0.0260 0.9996 -0.0147
vn 0.0208 0.7616 0.6477
vn 0.0464 0.9981 -0.0395
vn 0.0248 0.7802 0.6250
vn 0.0210 0.9992 -0.0332
vn -0.0076 0.7726 0.6349
vn -0.0216 0.9984 0.0523
vn 0.1015 0.7996 0.5919
vn -0.0088 0.9790 0.2035
vn 0.0761 0.6945 0.7154
vn 0.0807 0.9553 0.2844
vn 0.3375 0.6914 0.6388
vn 0.4218 0.8439 0.3316
vn -0.4957 0.8678 -0.0345
vn -0.0279 0.9967 -0.0756
vn 0.0455 0.9966 -0.0693
vn 0.0277 0.9995 -0.0128
vn -0.0257 0.9994 0.0234
vn -0.0685 0.9959 0.0586
vn -0.0153 0.9982 0.0572
vn 0.0871 0.9947 -0.0546
vn 0.4489 0.8897 -0.0834
vn -0.5184 0.8154 -0.2576
vn -0.0892 0.9857 -0.1427
vn -0.0278 0.9995 -0.0116
vn 0.0217 0.9996 -0.0181
vn -0.0107 0.9998 -0.0137
vn -0.0289 0.9947 -0.0991
vn 0.0760 0.9745 -0.2113
vn 0.1759 0.9080 -0.3802
vn 0.3751 0.8566 -0.3544
vn -0.4454 0.6922 -0.5678
vn -0.1306 0.7957 -0.5915
vn -0.0222 0.7896 -0.6132
vn 0.0128 0.7704 -0.6374
vn 0.0082 0.7581 -0.6520
vn -0.0044 0.7243 -0.6894
vn 0.0800 0.6760 -0.7325
vn 0.1261 0.6804 -0.7219
vn 0.2744 0.7153 -0.6426
vn -0.5595 0.0510 0.8273
vn -0.4239 -0.7194 0.5502
vn -0.0698 -0.8339 0.5475
vn -0.1014 0.0051 0.9948
vn -0.0061 -0.7382 0.6745
vn -0.0094 0.0009 1.0000
vn 0.0006 0.0011 1.0000
vn -0.0039 0.0018 1.0000
vn 0.0152 -0.7320 0.6811
vn -0.0043 -0.0030 1.0000
vn -0.0197 -0.7177 0.6960
vn 0.0065 0.0025 1.0000
vn 0.0693 0.0376 0.9969
vn 0.5878 -0.0199 0.8088
vn -0.4317 0.5784 0.6922
vn -0.0260 0.7585 0.6511
vn 0.0208 0.7617 0.6476
vn 0.0248 0.7803 0.6250
vn 0.1015 0.7996 0.5918
vn 0.0760 0.6945 0.7155
vn 0.5877 -0.0199 0.8088
vn 0.3892 -0.8279 0.4040
vn 0.9882 0.0403 0.1479
vn 0.4719 -0.8815 0.0151
vn 0.9985 0.0216 -0.0511
vn 0.9480 0.1255 -0.2924
vn 0.4830 -0.7053 -0.5190
vn 0.5481 -0.0022 -0.8364
vn 0.3375 0.6913 0.6389
vn 0.2743 0.7153 -0.6427
vn 0.4830 -0.7053 -0.5189
vn 0.0567 -0.0198 -0.9982
vn -0.0778 -0.8601 -0.5041
vn -0.0363 -0.0046 -0.9993
vn -0.0212 -0.8004 -0.5990
vn -0.0148 -0.0015 -0.9999
vn -0.0155 -0.7639 -0.6451
vn -0.0014 -0.0008 -1.0000
vn -0.0009 -0.0005 -1.0000
vn 0.0084 -0.0015 -1.0000
vn -0.0671 0.0401 -0.9969
vn -0.5742 0.0073 -0.8187
vn 0.2744 0.7154 -0.6426
vn -0.0044 0.7244 -0.6894
vn 0.0083 0.7582 -0.6520
vn -0.4455 0.6922 -0.5678
vn -0.4497 -0.8927 -0.0287
vn -0.9753 0.0633 -0.2116
vn -0.4331 -0.9008 0.0296
vn -0.9994 0.0241 0.0259
vn -0.4986 -0.8584 0.1207
vn -0.9507 0.1042 0.2922
vn -0.4957 0.8678 -0.0346
vn -0.4293 0.8703 0.2416
vn -0.0140 -0.5400 0.8416
vn -0.3138 -0.5186 0.7954
vn -0.4662 -0.8655 0.1833
vn -0.0016 -0.9839 0.1790
vn 0.0186 -0.5431 0.8395
vn 0.0394 -0.9876 0.1517
vn 0.0063 -0.5717 0.8204
vn 0.0062 -0.9942 0.1071
vn 0.0024 -0.5590 0.8292
vn 0.0152 -0.9919 0.1263
vn 0.0118 -0.5724 0.8199
vn 0.0144 -0.9909 0.1340
vn -0.0535 -0.6121 0.7889
vn -0.0107 -0.9966 0.0813
vn -0.0024 -0.7215 0.6924
vn 0.0462 -0.9986 0.0248
vn 0.2479 -0.6129 0.7503
vn 0.5065 -0.8449 0.1719
vn -0.4487 -0.8937 0.0050
vn 0.0139 -0.9998 0.0148
vn 0.0558 -0.9983 -0.0165
vn -0.0013 -0.9999 -0.0110
vn -0.0010 -0.9996 0.0295
vn 0.0263 -0.9996 0.0094
vn 0.0291 -0.9951 -0.0948
vn 0.0575 -0.9955 -0.0757
vn 0.4919 -0.8706 0.0037
vn -0.4569 -0.8692 -0.1889
vn 0.0316 -0.9901 -0.1365
vn 0.0513 -0.9883 -0.1435
vn -0.0137 -0.9923 -0.1229
vn 0.0019 -0.9921 -0.1256
vn 0.0558 -0.9864 -0.1543
vn 0.0130 -0.9953 -0.0957
vn 0.0527 -0.9904 -0.1278
vn 0.5134 -0.8520 -0.1027
vn -0.3152 -0.5214 -0.7929
vn -0.0168 -0.5752 -0.8179
vn 0.0066 -0.5763 -0.8172
vn -0.0159 -0.5651 -0.8249
vn -0.0026 -0.5667 -0.8239
vn 0.0150 -0.5915 -0.8062
vn 0.0407 -0.5690 -0.8213
vn 0.1871 -0.5637 -0.8045
vn 0.4302 -0.3687 -0.8240
vn -0.5635 0.8258 -0.0245
vn -0.3215 0.5250 0.7880
vn -0.0714 0.5648 0.8222
vn -0.1356 0.9892 0.0558
vn 0.0083 0.5814 0.8136
vn -0.0323 0.9918 0.1235
vn -0.0054 0.5542 0.8324
vn -0.0045 0.9896 0.1436
vn -0.0020 0.5778 0.8161
vn -0.0096 0.9902 0.1391
vn -0.0144 0.5642 0.8255
vn -0.0141 0.9905 0.1369
vn -0.0006 0.5686 0.8226
vn 0.0643 0.9867 0.1492
vn 0.0058 0.5627 0.8267
vn 0.0528 0.9674 0.2476
vn 0.2522 0.5793 0.7752
vn 0.4285 0.8709 0.2407
vn -0.6194 0.7682 -0.1620
vn -0.1877 0.9788 -0.0818
vn -0.0522 0.9984 -0.0213
vn -0.0139 0.9996 0.0238
vn 0.0057 0.9996 -0.0291
vn -0.0195 0.9998 0.0068
vn 0.0010 0.9919 0.1271
vn 0.0597 0.9879 0.1434
vn 0.4744 0.8768 0.0784
vn -0.6124 0.7752 -0.1548
vn -0.1728 0.9580 -0.2291
vn -0.0941 0.9887 -0.1165
vn 0.0004 0.9893 -0.1456
vn -0.0034 0.9897 -0.1433
vn -0.0558 0.9940 -0.0938
vn 0.0271 0.9910 -0.1313
vn 0.1095 0.9888 -0.1012
vn 0.5111 0.8487 -0.1359
vn -0.3845 0.5566 -0.7365
vn -0.1496 0.5860 -0.7964
vn -0.0917 0.5747 -0.8132
vn -0.0080 0.5571 -0.8304
vn 0.0006 0.5635 -0.8261
vn -0.0177 0.5477 -0.8365
vn 0.0503 0.5525 -0.8320
vn 0.1968 0.5540 -0.8090
vn 0.4241 0.5096 -0.7486
vn -0.3599 -0.0282 0.9326
vn -0.3139 -0.5186 0.7953
vn -0.0139 -0.5400 0.8415
vn -0.0162 -0.0066 0.9998
vn 0.0186 -0.5430 0.8395
vn 0.0114 0.0045 0.9999
vn 0.0063 -0.5718 0.8204
vn 0.0018 -0.0000 1.0000
vn -0.0007 -0.0003 1.0000
vn 0.0118 -0.5725 0.8198
vn -0.0109 -0.0064 0.9999
vn -0.0535 -0.6122 0.7889
vn -0.0502 -0.0212 0.9985
vn -0.0406 -0.0586 0.9975
vn 0.2479 -0.6129 0.7502
vn 0.3460 -0.0378 0.9375
vn -0.3214 0.5251 0.7880
vn -0.0714 0.5648 0.8221
vn 0.0083 0.5814 0.8135
vn -0.0020 0.5779 0.8161
vn 0.0058 0.5627 0.8266
vn 0.2522 0.5793 0.7751
vn 0.3461 -0.0378 0.9375
vn 0.2478 -0.6129 0.7502
vn 0.5065 -0.8450 0.1718
vn 0.9512 0.0366 0.3063
vn 0.9941 0.0596 0.0907
vn 0.5134 -0.8520 -0.1028
vn 0.9687 0.1130 -0.2212
vn 0.4301 -0.3687 -0.8240
vn 0.5189 0.0228 -0.8545
vn 0.2521 0.5793 0.7751
vn 0.4284 0.8709 0.2408
vn 0.4241 0.5097 -0.7486
vn 0.1906 0.0466 -0.9806
vn 0.0501 -0.0018 -0.9987
vn -0.0001 -0.0004 -1.0000
vn -0.0009 0.0010 -1.0000
vn -0.0154 0.0026 -0.9999
vn 0.0067 -0.5763 -0.8172
vn -0.0387 0.0120 -0.9992
vn -0.0168 -0.5752 -0.8178
vn -0.0853 0.0452 -0.9953
vn -0.3152 -0.5215 -0.7929
vn -0.4420 0.0115 -0.8969
vn 0.1968 0.5539 -0.8090
vn 0.0504 0.5525 -0.8320
vn 0.0005 0.5635 -0.8261
vn -0.1496 0.5859 -0.7964
vn -0.3845 0.5566 -0.7364
vn -0.9744 0.0133 -0.2243
vn -0.9936 0.0141 -0.1118
vn -0.9944 0.0495 0.0937
vn -0.3844 0.5566 -0.7365
vn -0.5635 0.8258 -0.0246
vn 0.3921 -0.9177 0.0636
vn 0.2573 -0.8678 0.4251
vn 0.0199 -0.8807 0.4732
vn 0.0386 -0.9990 0.0214
vn 0.4077 -0.9116 -0.0520
vn 0.0474 -0.9976 -0.0500
vn 0.3544 -0.9346 -0.0308
vn 0.0809 -0.9964 0.0236
vn 0.3919 -0.9199 -0.0105
vn 0.0565 -0.9983 0.0104
vn 0.3787 -0.8508 -0.3642
vn 0.0789 -0.8983 -0.4322
vn 0.0130 -0.8733 0.4869
vn 0.0303 -0.9984 0.0479
vn 0.0262 -0.9995 -0.0191
vn 0.0809 -0.9964 0.0237
vn 0.0317 -0.9994 -0.0154
vn 0.0304 -0.9994 -0.0177
vn 0.0131 -0.8885 -0.4586
vn 0.0207 -0.8731 0.4870
vn 0.0332 -0.9992 0.0215
vn 0.0112 -0.9995 -0.0281
vn 0.0279 -0.9991 0.0311
vn 0.0385 -0.9992 -0.0098
vn 0.0510 -0.8883 -0.4564
vn 0.0319 -0.8473 0.5302
vn -0.0212 -0.9995 -0.0242
vn -0.0213 -0.9995 -0.0243
vn -0.0077 -0.9995 -0.0305
vn -0.0038 -0.9994 0.0346
vn 0.0226 -0.9989 0.0405
vn 0.0265 -0.8900 -0.4552
vn 0.0039 -0.9122 0.4098
vn -0.0107 -0.9996 -0.0270
vn -0.0090 -0.9999 -0.0145
vn 0.0050 -0.9980 0.0635
vn 0.0292 -0.9977 0.0614
vn -0.0194 -0.8630 -0.5049
vn 0.0232 -0.9262 0.3763
vn 0.0020 -0.9985 -0.0542
vn 0.0065 -0.9999 -0.0114
vn 0.0397 -0.9931 0.1099
vn -0.0195 -0.9990 -0.0412
vn -0.0285 -0.8595 -0.5103
vn -0.0571 -0.9362 0.3469
vn -0.0141 -0.9998 -0.0130
vn 0.0009 -0.9996 0.0281
vn -0.0083 -0.9981 0.0609
vn -0.0177 -0.9985 -0.0527
vn -0.0052 -0.8658 -0.5004
vn -0.0336 -0.8787 0.4762
vn -0.0103 -0.9997 0.0201
vn -0.0103 -0.9997 0.0200
vn 0.0177 -0.9985 0.0513
vn 0.0188 -0.9972 0.0724
vn 0.0081 -0.9987 -0.0504
vn -0.0077 -0.8578 -0.5139
vn -0.0224 -0.8658 0.5000
vn 0.0199 -0.9983 0.0550
vn 0.0199 -0.9983 0.0549
vn 0.0279 -0.9976 0.0627
vn 0.0154 -0.9989 0.0432
vn -0.0328 -0.9935 -0.1092
vn -0.0307 -0.8591 -0.5109
vn -0.3047 -0.8288 0.4693
vn -0.3141 -0.9479 0.0527
vn -0.3245 -0.9454 0.0313
vn -0.3474 -0.9377 0.0014
vn -0.3591 -0.9287 -0.0928
vn -0.2995 -0.8227 -0.4832
vn -0.0213 0.8719 0.4893
vn 0.2486 0.8686 0.4286
vn 0.3222 0.9449 0.0577
vn 0.0226 0.9972 0.0715
vn 0.3507 0.9363 0.0196
vn 0.0156 0.9995 0.0269
vn 0.3403 0.9403 0.0083
vn 0.0002 0.9999 -0.0109
vn 0.3571 0.9329 -0.0477
vn -0.0124 0.9923 -0.1235
vn 0.2194 0.8063 -0.5494
vn -0.0043 0.8357 -0.5492
vn -0.0412 0.8528 0.5205
vn -0.0232 0.9965 0.0809
vn -0.0195 0.9997 0.0116
vn -0.0308 0.9995 -0.0042
vn -0.0277 0.9957 -0.0884
vn -0.0027 0.8537 -0.5207
vn -0.0148 0.8350 0.5501
vn -0.0314 0.9940 0.1043
vn -0.0147 0.9998 0.0150
vn -0.0218 0.9992 -0.0336
vn -0.0343 0.9953 -0.0911
vn -0.0411 0.8516 -0.5226
vn -0.0190 0.8806 0.4735
vn 0.0178 0.9905 0.1366
vn 0.0111 0.9996 0.0262
vn 0.0048 0.9990 -0.0447
vn -0.0260 0.9894 -0.1431
vn -0.0262 0.8503 -0.5256
vn 0.0001 0.8361 0.5485
vn -0.0138 0.9892 0.1460
vn 0.0071 0.9995 0.0306
vn -0.0022 0.9973 -0.0731
vn 0.0119 0.9910 -0.1330
vn 0.0122 0.8505 -0.5259
vn -0.0113 0.8318 0.5550
vn -0.0065 0.9804 0.1967
vn -0.0133 0.9990 0.0434
vn 0.0022 0.9993 -0.0379
vn 0.0335 0.9943 -0.1013
vn 0.0122 0.8427 -0.5382
vn 0.0398 0.8342 0.5500
vn 0.0230 0.9891 0.1455
vn 0.0127 0.9995 0.0293
vn 0.0074 0.9998 -0.0163
vn -0.0210 0.9905 -0.1358
vn 0.0097 0.8566 -0.5159
vn 0.0225 0.8466 0.5318
vn 0.0174 0.9944 0.1039
vn -0.0192 0.9996 -0.0224
vn -0.0483 0.9956 -0.0798
vn -0.0246 0.9965 -0.0804
vn 0.0164 0.8791 -0.4763
vn -0.1249 0.8601 0.4946
vn -0.0932 0.9938 0.0611
vn -0.1239 0.9904 -0.0606
vn -0.1377 0.9879 -0.0708
vn -0.0877 0.9961 -0.0105
vn -0.0518 0.9040 -0.4243
vn -0.3700 0.7682 0.5224
vn -0.4431 0.8927 0.0825
vn -0.4815 0.8678 -0.1228
vn -0.4600 0.8855 -0.0655
vn -0.4035 0.9137 0.0477
vn -0.3635 0.8988 -0.2450
vn 0.5293 -0.1157 0.8405
vn 0.9956 0.0680 0.0645
vn 0.4077 -0.9116 -0.0521
vn 0.9906 0.1292 -0.0452
vn 0.9965 0.0794 0.0278
vn 0.3919 -0.9199 -0.0106
vn 0.9832 0.1372 -0.1202
vn 0.5489 -0.0359 -0.8351
vn 0.2194 0.8062 -0.5494
vn 0.5490 -0.0360 -0.8351
vn 0.0514 -0.0078 -0.9986
vn -0.0023 0.0014 -1.0000
vn -0.0001 0.0053 -1.0000
vn 0.0011 0.0076 -1.0000
vn -0.0194 -0.8630 -0.5048
vn 0.0038 -0.0002 -1.0000
vn -0.0284 -0.8595 -0.5103
vn -0.0012 -0.0014 -1.0000
vn -0.0025 0.0059 -1.0000
vn -0.0078 -0.8578 -0.5139
vn 0.0002 0.0003 -1.0000
vn -0.0653 0.0332 -0.9973
vn -0.2995 -0.8227 -0.4831
vn -0.6434 -0.0378 -0.7646
vn -0.0044 0.8357 -0.5492
vn -0.0517 0.9041 -0.4243
vn -0.3636 0.8988 -0.2450
vn -0.9946 0.1032 0.0126
vn -0.9977 0.0580 -0.0339
vn -0.3245 -0.9454 0.0312
vn -0.9961 0.0162 -0.0863
vn -0.9862 0.0848 0.1420
vn -0.3046 -0.8289 0.4693
vn -0.5658 0.0281 0.8240
vn -0.4036 0.9137 0.0477
vn -0.9977 0.0580 -0.0340
vn -0.9862 0.0849 0.1420
vn -0.5659 0.0281 0.8240
vn -0.3700 0.7682 0.5225
vn -0.5658 0.0282 0.8240
vn -0.1020 -0.0148 0.9947
vn -0.0407 -0.0336 0.9986
vn -0.0570 -0.9362 0.3469
vn -0.0177 -0.0266 0.9995
vn 0.0273 -0.0295 0.9992
vn 0.0306 -0.0054 0.9995
vn 0.0139 0.0040 0.9999
vn -0.0018 0.0091 1.0000
vn -0.0184 0.0064 0.9998
vn -0.0377 0.0465 0.9982
vn 0.5294 -0.1157 0.8405
vn -0.1248 0.8601 0.4946
vn 0.0225 0.8465 0.5318
vn 0.0001 0.8361 0.5486
vn 0.2487 0.8686 0.4287
vn 0.0224 -0.8911 0.4532
vn -0.3713 -0.7609 0.5322
vn -0.2215 -0.9743 -0.0419
vn -0.0017 -0.9992 0.0395
vn -0.0460 -0.8638 0.5017
vn -0.0408 -0.9989 0.0222
vn -0.0292 -0.8748 0.4835
vn -0.0440 -0.9985 0.0315
vn 0.0744 -0.8579 0.5085
vn 0.0671 -0.9976 0.0147
vn 0.3445 -0.7891 0.5087
vn 0.3221 -0.9426 0.0882
vn -0.3614 -0.9323 -0.0118
vn -0.0168 -0.9996 0.0207
vn -0.0449 -0.9984 0.0350
vn 0.0052 -0.9993 -0.0369
vn 0.0752 -0.9963 -0.0425
vn 0.3452 -0.9377 -0.0397
vn -0.4569 -0.8895 0.0004
vn -0.0654 -0.9972 0.0369
vn 0.0072 -0.9999 -0.0078
vn 0.0239 -0.9993 -0.0303
vn 0.0577 -0.9983 -0.0055
vn 0.4438 -0.8952 -0.0409
vn -0.4830 -0.8755 0.0167
vn -0.0448 -0.9990 -0.0062
vn 0.0074 -1.0000 -0.0011
vn 0.0071 -1.0000 0.0055
vn 0.0628 -0.9980 -0.0026
vn 0.4720 -0.8809 -0.0350
vn -0.4710 -0.8821 -0.0055
vn -0.0706 -0.9965 0.0445
vn 0.0154 -0.9995 0.0287
vn 0.0253 -0.9996 0.0096
vn 0.0963 -0.9952 -0.0154
vn 0.5416 -0.8365 -0.0830
vn -0.5133 -0.8570 0.0444
vn -0.0588 -0.9981 0.0194
vn 0.0215 -0.9993 0.0305
vn 0.0405 -0.9991 0.0088
vn 0.1631 -0.9861 -0.0320
vn 0.5930 -0.8000 -0.0914
vn -0.4912 -0.8710 -0.0031
vn -0.0724 -0.9971 0.0248
vn 0.0379 -0.9993 -0.0047
vn 0.0381 -0.9991 0.0202
vn 0.2228 -0.9739 -0.0427
vn 0.5474 -0.8369 0.0029
vn -0.5012 -0.8525 -0.1482
vn -0.1278 -0.9915 -0.0247
vn 0.0110 -0.9999 0.0020
vn 0.0603 -0.9982 -0.0075
vn 0.1630 -0.9853 0.0508
vn 0.5067 -0.8504 0.1416
vn -0.5840 -0.7879 -0.1953
vn -0.2418 -0.9636 -0.1140
vn -0.0159 -0.9985 -0.0529
vn 0.0315 -0.9976 -0.0611
vn 0.0404 -0.9971 0.0651
vn 0.4825 -0.8704 0.0980
vn -0.5517 -0.7638 -0.3349
vn -0.2813 -0.8217 -0.4957
vn -0.0183 -0.8420 -0.5391
vn 0.0031 -0.8523 -0.5230
vn 0.0311 -0.8957 -0.4435
vn 0.4127 -0.8098 -0.4171
vn -0.6101 0.7869 0.0922
vn -0.5399 0.7235 0.4301
vn -0.1646 0.8188 0.5500
vn -0.1376 0.9895 0.0443
vn 0.1013 0.8651 0.4913
vn 0.0832 0.9938 0.0739
vn 0.0733 0.8783 0.4725
vn 0.0711 0.9931 0.0935
vn -0.0259 0.8713 0.4901
vn -0.0126 0.9950 0.0992
vn 0.3208 0.8433 0.4312
vn 0.4415 0.8971 0.0135
vn -0.5623 0.8264 0.0299
vn -0.1202 0.9927 0.0133
vn 0.0651 0.9975 0.0258
vn 0.0098 0.9913 0.1311
vn 0.0893 0.9942 0.0600
vn 0.4860 0.8738 0.0178
vn -0.5094 0.8605 -0.0018
vn -0.0783 0.9964 -0.0339
vn -0.0112 0.9998 0.0163
vn -0.0040 0.9985 0.0544
vn 0.0656 0.9962 0.0565
vn 0.4877 0.8715 0.0510
vn -0.4444 0.8957 0.0139
vn -0.0710 0.9975 -0.0069
vn -0.0226 0.9997 0.0015
vn -0.0063 1.0000 0.0005
vn 0.0550 0.9984 0.0121
vn 0.4552 0.8902 0.0186
vn -0.4425 0.8968 0.0017
vn -0.0501 0.9979 -0.0408
vn -0.0295 0.9994 -0.0156
vn -0.0175 0.9998 0.0002
vn 0.0565 0.9984 -0.0049
vn 0.3858 0.9217 0.0410
vn -0.4105 0.9111 -0.0365
vn -0.0705 0.9975 -0.0071
vn -0.0395 0.9990 -0.0211
vn -0.0165 0.9997 -0.0167
vn 0.0108 0.9999 0.0088
vn 0.3375 0.9397 0.0556
vn -0.4420 0.8970 0.0039
vn -0.0452 0.9988 -0.0180
vn -0.0268 0.9992 -0.0311
vn -0.0216 0.9993 -0.0296
vn -0.0297 0.9995 0.0127
vn 0.3376 0.9413 -0.0041
vn -0.4281 0.9030 -0.0353
vn -0.0505 0.9985 -0.0232
vn -0.0294 0.9995 -0.0131
vn -0.0411 0.9991 -0.0054
vn 0.0203 0.9967 -0.0784
vn 0.3711 0.9217 -0.1128
vn -0.3711 0.9283 -0.0226
vn -0.0532 0.9978 -0.0404
vn -0.0242 0.9981 -0.0569
vn 0.0147 0.9967 -0.0793
vn 0.1112 0.9695 -0.2184
vn 0.3945 0.8960 -0.2039
vn -0.2235 0.9521 -0.2086
vn -0.0257 0.9162 -0.3999
vn -0.0286 0.8613 -0.5073
vn 0.0728 0.8167 -0.5725
vn 0.1338 0.7895 -0.5990
vn 0.3104 0.7769 -0.5477
vn -0.6386 -0.0549 0.7676
vn -0.3713 -0.7609 0.5321
vn 0.0224 -0.8912 0.4531
vn -0.0703 -0.0502 0.9963
vn -0.0460 -0.8639 0.5016
vn -0.0005 -0.0442 0.9990
vn 0.0176 -0.0170 0.9997
vn 0.0744 -0.8579 0.5084
vn 0.0404 -0.0040 0.9992
vn 0.3445 -0.7890 0.5087
vn 0.4057 -0.1794 0.8962
vn -0.5399 0.7236 0.4301
vn 0.3444 -0.7890 0.5087
vn 0.9855 -0.0572 0.1599
vn 0.9964 -0.0343 -0.0775
vn 0.9983 0.0148 -0.0571
vn 0.9999 -0.0121 0.0052
vn 0.9997 -0.0184 -0.0173
vn 0.5930 -0.8000 -0.0913
vn 0.9998 -0.0063 -0.0165
vn 0.5474 -0.8368 0.0029
vn 1.0000 -0.0017 0.0036
vn 1.0000 -0.0026 -0.0034
vn 0.9929 0.0437 -0.1107
vn 0.6199 -0.0384 -0.7837
vn 0.3207 0.8434 0.4311
vn 0.4415 0.8971 0.0134
vn 0.4877 0.8715 0.0511
vn 0.4552 0.8902 0.0185
vn 0.3375 0.9397 0.0557
vn 0.3103 0.7769 -0.5478
vn 0.0765 0.0196 -0.9969
vn 0.0254 -0.0025 -0.9997
vn -0.0026 -0.0038 -1.0000
vn -0.0611 0.0311 -0.9976
vn -0.5518 -0.7638 -0.3349
vn -0.7711 -0.1342 -0.6224
vn -0.0256 0.9162 -0.3999
vn -0.2236 0.9521 -0.2086
vn -0.7710 -0.1342 -0.6225
vn -0.5518 -0.7638 -0.3350
vn -0.5841 -0.7879 -0.1953
vn -0.9958 0.0455 -0.0799
vn -0.9988 0.0294 -0.0387
vn -0.4912 -0.8711 -0.0031
vn -0.9979 0.0654 -0.0033
vn -0.5133 -0.8571 0.0444
vn -0.9984 0.0551 -0.0084
vn -0.4710 -0.8821 -0.0054
vn -0.9984 0.0558 -0.0080
vn -0.9939 0.1066 0.0287
vn -0.9930 0.1177 0.0077
vn -0.3613 -0.9324 -0.0118
vn -0.9988 0.0433 -0.0249
vn -0.9910 0.0820 0.1058
vn -0.3712 -0.7609 0.5322
vn -0.6385 -0.0549 0.7676
vn -0.2235 0.9521 -0.2087
vn -0.9988 0.0295 -0.0387
vn -0.9978 0.0655 -0.0033
vn -0.9984 0.0558 -0.0079
vn -0.4426 0.8967 0.0017
vn -0.9939 0.1067 0.0288
vn -0.9930 0.1177 0.0076
vn -0.5095 0.8605 -0.0018
vn -0.9987 0.0433 -0.0249
vn -0.9910 0.0821 0.1058
vn -0.6101 0.7869 0.0923
vn -0.5398 0.7236 0.4301
vn -0.3170 -0.8292 0.4603
vn -0.5967 -0.7879 0.1520
vn -0.5875 -0.8088 0.0253
vn -0.3713 -0.9268 0.0571
vn -0.0361 -0.8385 0.5437
vn -0.0442 -0.9982 0.0408
vn 0.0098 -0.8357 0.5490
vn 0.0150 -0.9980 0.0614
vn 0.0466 -0.8987 0.4361
vn 0.1165 -0.9932 -0.0000
vn 0.4576 -0.8212 0.3410
vn 0.5046 -0.8632 0.0185
vn -0.6025 -0.7981 -0.0073
vn -0.3767 -0.9263 0.0104
vn -0.0595 -0.9980 0.0207
vn 0.0325 -0.9995 0.0023
vn 0.1182 -0.9929 -0.0145
vn 0.4582 -0.8885 0.0253
vn -0.6033 -0.7971 0.0240
vn -0.3841 -0.9233 0.0071
vn -0.0527 -0.9985 0.0133
vn 0.0516 -0.9987 -0.0057
vn 0.0901 -0.9958 0.0180
vn 0.4317 -0.9001 0.0595
vn -0.5664 -0.8241 -0.0066
vn -0.3854 -0.9228 -0.0012
vn -0.0447 -0.9986 -0.0267
vn 0.0248 -0.9996 0.0146
vn 0.0378 -0.9971 0.0668
vn 0.4318 -0.9010 0.0410
vn -0.5779 -0.8159 -0.0167
vn -0.3765 -0.9264 -0.0072
vn -0.0531 -0.9983 -0.0237
vn -0.0221 -0.9992 0.0330
vn 0.0698 -0.9974 0.0153
vn 0.4736 -0.8807 -0.0128
vn -0.6174 -0.7866 0.0085
vn -0.3661 -0.9306 -0.0051
vn -0.0708 -0.9974 0.0096
vn -0.0098 -0.9998 -0.0159
vn 0.0666 -0.9978 0.0021
vn 0.4952 -0.8688 0.0006
vn -0.6009 -0.7991 0.0169
vn -0.3729 -0.9275 0.0266
vn -0.0422 -0.9991 0.0012
vn -0.0147 -0.9999 -0.0084
vn 0.0568 -0.9984 -0.0044
vn 0.4574 -0.8886 0.0342
vn -0.5948 -0.8015 0.0618
vn -0.3643 -0.9276 0.0829
vn -0.0181 -0.9986 0.0495
vn -0.0069 -0.9988 0.0489
vn 0.0503 -0.9986 0.0172
vn 0.3589 -0.9278 0.1019
vn -0.6477 -0.7560 0.0949
vn -0.3091 -0.9506 0.0273
vn -0.0194 -0.9990 0.0404
vn 0.0388 -0.9990 -0.0231
vn 0.0047 -0.9996 0.0282
vn 0.3515 -0.9348 0.0508
vn -0.5876 -0.7854 -0.1948
vn -0.2677 -0.8481 -0.4573
vn -0.0022 -0.8709 -0.4915
vn 0.0176 -0.8698 -0.4931
vn 0.0545 -0.8706 -0.4890
vn 0.3626 -0.8083 -0.4639
vn -0.2170 0.9745 0.0571
vn -0.1775 0.8626 0.4738
vn -0.0515 0.8530 0.5194
vn -0.0420 0.9982 0.0425
vn -0.0135 0.8368 0.5473
vn -0.0294 0.9967 0.0755
vn 0.0328 0.8463 0.5317
vn -0.0125 0.9953 0.0959
vn 0.0273 0.8024 0.5961
vn -0.0005 0.9865 0.1640
vn 0.3689 0.7499 0.5491
vn 0.4474 0.8846 0.1319
vn -0.1871 0.9823 0.0023
vn -0.0566 0.9984 -0.0043
vn -0.0161 0.9997 -0.0181
vn -0.0337 0.9994 -0.0012
vn 0.0144 0.9998 0.0128
vn 0.4754 0.8798 -0.0040
vn -0.1575 0.9868 -0.0383
vn -0.0554 0.9985 0.0003
vn -0.0136 0.9997 -0.0186
vn -0.0557 0.9984 0.0029
vn 0.0142 0.9999 -0.0064
vn 0.5090 0.8600 -0.0349
vn -0.2494 0.9683 0.0104
vn -0.0661 0.9977 0.0156
vn -0.0194 0.9993 0.0313
vn -0.0299 0.9995 -0.0077
vn 0.0631 0.9961 -0.0612
vn 0.5032 0.8636 -0.0315
vn -0.2504 0.9678 0.0267
vn -0.0822 0.9963 0.0252
vn -0.0050 0.9996 0.0276
vn 0.0213 0.9991 -0.0356
vn 0.0341 0.9992 -0.0211
vn 0.4589 0.8884 0.0134
vn -0.2059 0.9784 0.0193
vn -0.0827 0.9964 0.0208
vn 0.0237 0.9997 -0.0075
vn 0.0155 0.9999 0.0075
vn 0.0250 0.9997 0.0021
vn 0.4524 0.8918 0.0040
vn -0.2144 0.9767 0.0040
vn -0.0561 0.9980 -0.0297
vn 0.0014 1.0000 -0.0042
vn 0.0217 0.9997 -0.0077
vn 0.0268 0.9996 0.0038
vn 0.4859 0.8726 -0.0489
vn -0.2158 0.9737 -0.0733
vn -0.0400 0.9922 -0.1182
vn -0.0021 0.9941 -0.1084
vn 0.0095 0.9942 -0.1074
vn 0.0558 0.9949 -0.0836
vn 0.5060 0.8589 -0.0789
vn -0.1203 0.9697 -0.2126
vn -0.0331 0.9828 -0.1819
vn 0.0235 0.9680 -0.2499
vn -0.0569 0.9898 -0.1304
vn 0.0759 0.9738 -0.2145
vn 0.4852 0.8652 -0.1264
vn -0.1315 0.9440 -0.3026
vn 0.0076 0.8698 -0.4934
vn -0.0263 0.8479 -0.5295
vn -0.0070 0.8367 -0.5476
vn 0.1041 0.7999 -0.5910
vn 0.3997 0.7683 -0.4999
vn -0.4888 -0.1364 0.8617
vn -0.0758 -0.0027 0.9971
vn -0.0360 -0.8385 0.5437
vn -0.0025 -0.0023 1.0000
vn 0.0098 -0.8358 0.5490
vn -0.0147 -0.0132 0.9998
vn 0.0642 0.0007 0.9979
vn 0.6842 -0.0768 0.7252
vn -0.4889 -0.1364 0.8616
vn -0.0757 -0.0026 0.9971
vn -0.0026 -0.0021 1.0000
vn -0.0136 0.8369 0.5473
vn -0.0147 -0.0131 0.9998
vn 0.0642 0.0008 0.9979
vn 0.6842 -0.0767 0.7252
vn 0.3690 0.7499 0.5490
vn 0.6842 -0.0768 0.7253
vn 0.4575 -0.8212 0.3410
vn 0.9943 -0.0164 0.1052
vn 0.9999 -0.0114 -0.0004
vn 0.9999 -0.0156 -0.0001
vn 0.4318 -0.9011 0.0410
vn 1.0000 -0.0074 0.0002
vn 0.4735 -0.8807 -0.0128
vn 1.0000 -0.0049 -0.0038
vn 1.0000 -0.0067 -0.0006
vn 0.9998 -0.0068 0.0193
vn 0.9991 -0.0181 0.0384
vn 0.9967 0.0267 -0.0765
vn 0.6365 -0.0436 -0.7700
vn 0.5061 0.8589 -0.0789
vn 0.3997 0.7683 -0.4998
vn 0.6365 -0.0437 -0.7700
vn 0.3626 -0.8083 -0.4638
vn 0.1231 0.0324 -0.9919
vn 0.0092 0.0100 -0.9999
vn -0.0022 -0.8709 -0.4914
vn -0.0198 0.0245 -0.9995
vn -0.2677 -0.8481 -0.4572
vn -0.0450 0.0499 -0.9977
vn -0.6857 -0.2246 -0.6924
vn 0.3997 0.7684 -0.4998
vn 0.1041 0.7999 -0.5911
vn -0.0069 0.8367 -0.5476
vn -0.0264 0.8479 -0.5295
vn -0.1315 0.9440 -0.3025
vn -0.6856 -0.2246 -0.6925
vn -0.5876 -0.7853 -0.1948
vn -0.9805 -0.1650 -0.1064
vn -0.9926 -0.1198 -0.0208
vn -0.9922 -0.1233 0.0180
vn -0.9844 -0.1744 0.0219
vn -0.9810 -0.1921 -0.0263
vn -0.9915 -0.1299 0.0014
vn -0.9959 -0.0903 0.0095
vn -0.9953 -0.0935 0.0264
vn -0.9933 0.0240 0.1130
vn -0.5968 -0.7879 0.1520
vn -0.6856 -0.2247 -0.6924
vn -0.9806 -0.1650 -0.1063
vn -0.1204 0.9697 -0.2126
vn -0.9926 -0.1198 -0.0209
vn -0.9922 -0.1233 0.0181
vn -0.2504 0.9678 0.0266
vn -0.9915 -0.1299 0.0015
vn -0.9953 -0.0936 0.0265
vn -0.1872 0.9823 0.0023
vn -0.9933 0.0239 0.1129
vn -0.9933 0.0239 0.1130
vn -0.4888 -0.1364 0.8616
vn -0.1775 0.8625 0.4738
vt 0.875670 0.663800
vt 0.873980 0.647030
vt 0.858160 0.645730
vt 0.857630 0.663650
vt 0.875090 0.686680
vt 0.856660 0.685930
vt 0.873570 0.709570
vt 0.855050 0.708250
vt 0.870780 0.731640
vt 0.852940 0.730360
vt 0.866830 0.746830
vt 0.852090 0.748510
vt 0.836740 0.644530
vt 0.835960 0.662980
vt 0.834740 0.685120
vt 0.833210 0.707440
vt 0.831430 0.729980
vt 0.830600 0.749190
vt 0.815300 0.643760
vt 0.814360 0.662040
vt 0.812920 0.684160
vt 0.811410 0.706460
vt 0.809820 0.728910
vt 0.808650 0.747920
vt 0.794260 0.642790
vt 0.792900 0.660690
vt 0.791090 0.682760
vt 0.789710 0.705170
vt 0.788250 0.727640
vt 0.787260 0.746080
vt 0.770990 0.639350
vt 0.768900 0.658370
vt 0.766840 0.681050
vt 0.765720 0.703930
vt 0.764500 0.726830
vt 0.763880 0.745860
vt 0.748810 0.637810
vt 0.747340 0.656760
vt 0.745470 0.679540
vt 0.744030 0.702330
vt 0.742640 0.725130
vt 0.741410 0.743960
vt 0.726880 0.636650
vt 0.725650 0.655450
vt 0.723910 0.678010
vt 0.722340 0.700620
vt 0.720780 0.723240
vt 0.719190 0.741890
vt 0.705200 0.635720
vt 0.703920 0.654210
vt 0.702130 0.676490
vt 0.700560 0.698830
vt 0.699030 0.721300
vt 0.697340 0.739960
vt 0.683930 0.634750
vt 0.682190 0.652620
vt 0.680130 0.674740
vt 0.678590 0.696990
vt 0.677340 0.719390
vt 0.675780 0.737800
vt 0.669050 0.633210
vt 0.664240 0.649870
vt 0.661700 0.672900
vt 0.660120 0.695710
vt 0.659220 0.718260
vt 0.659690 0.734960
vt 0.858860 0.633180
vt 0.876220 0.635680
vt 0.878770 0.616640
vt 0.860380 0.615000
vt 0.879320 0.592970
vt 0.861010 0.592150
vt 0.879790 0.569830
vt 0.861400 0.569340
vt 0.880570 0.546990
vt 0.862200 0.546410
vt 0.879350 0.529890
vt 0.862830 0.527580
vt 0.836870 0.631070
vt 0.838080 0.612930
vt 0.838860 0.590790
vt 0.839370 0.568350
vt 0.839880 0.545820
vt 0.840740 0.525950
vt 0.815310 0.630150
vt 0.815860 0.611850
vt 0.816590 0.589690
vt 0.817190 0.567290
vt 0.817830 0.544790
vt 0.818650 0.525420
vt 0.793290 0.629660
vt 0.793730 0.611450
vt 0.794380 0.589120
vt 0.795060 0.566510
vt 0.795810 0.543750
vt 0.796350 0.525020
vt 0.771110 0.630030
vt 0.771650 0.611340
vt 0.772320 0.588690
vt 0.773100 0.565760
vt 0.773780 0.543060
vt 0.774220 0.524230
vt 0.749110 0.629580
vt 0.749710 0.610800
vt 0.750320 0.588130
vt 0.751070 0.565390
vt 0.751630 0.542710
vt 0.751880 0.523820
vt 0.727190 0.628790
vt 0.727700 0.610170
vt 0.728300 0.587670
vt 0.728930 0.565130
vt 0.729410 0.542560
vt 0.729440 0.523810
vt 0.705350 0.627940
vt 0.705600 0.609560
vt 0.706170 0.587220
vt 0.706870 0.564840
vt 0.707400 0.542380
vt 0.707440 0.523610
vt 0.683440 0.627410
vt 0.683310 0.609340
vt 0.683940 0.586900
vt 0.684770 0.564500
vt 0.685500 0.542050
vt 0.685740 0.523320
vt 0.666820 0.628690
vt 0.664680 0.610110
vt 0.665450 0.586550
vt 0.666410 0.563840
vt 0.667140 0.541310
vt 0.669500 0.524610
vt 0.877760 0.642620
vt 0.882780 0.663780
vt 0.882020 0.687200
vt 0.880200 0.710310
vt 0.877090 0.733070
vt 0.870810 0.750730
vt 0.883540 0.645110
vt 0.889030 0.663810
vt 0.889030 0.687800
vt 0.887420 0.711200
vt 0.883200 0.735110
vt 0.873540 0.753500
vt 0.852750 0.755460
vt 0.830470 0.756360
vt 0.808240 0.754960
vt 0.786160 0.752820
vt 0.763360 0.749980
vt 0.741050 0.747960
vt 0.718820 0.745630
vt 0.696820 0.743970
vt 0.675410 0.741430
vt 0.657450 0.736930
vt 0.854310 0.761210
vt 0.830450 0.762590
vt 0.807930 0.761680
vt 0.784930 0.759960
vt 0.762760 0.754430
vt 0.740660 0.752080
vt 0.718320 0.749810
vt 0.696280 0.748080
vt 0.674270 0.745430
vt 0.658140 0.740060
vt 0.655250 0.717810
vt 0.656280 0.695210
vt 0.657890 0.672300
vt 0.660500 0.648910
vt 0.667630 0.630390
vt 0.654550 0.735620
vt 0.651600 0.718030
vt 0.652470 0.694760
vt 0.654110 0.671720
vt 0.657010 0.647420
vt 0.684040 0.630900
vt 0.705300 0.631510
vt 0.727050 0.632530
vt 0.748990 0.633480
vt 0.771100 0.634470
vt 0.793670 0.636210
vt 0.815310 0.636870
vt 0.836760 0.637930
vt 0.858350 0.639900
vt 0.164240 0.422680
vt 0.150550 0.432500
vt 0.156850 0.450600
vt 0.173850 0.443230
vt 0.183170 0.413330
vt 0.193490 0.433680
vt 0.201820 0.404320
vt 0.212560 0.423770
vt 0.219100 0.394890
vt 0.230610 0.414190
vt 0.233210 0.388720
vt 0.244980 0.406340
vt 0.167120 0.474590
vt 0.184940 0.467240
vt 0.205710 0.457490
vt 0.225960 0.447110
vt 0.245500 0.436240
vt 0.261160 0.426790
vt 0.177910 0.499320
vt 0.196200 0.491260
vt 0.217910 0.480810
vt 0.239350 0.469850
vt 0.260430 0.458410
vt 0.277500 0.448240
vt 0.188270 0.524380
vt 0.207420 0.515020
vt 0.229950 0.503740
vt 0.252310 0.492240
vt 0.274690 0.480420
vt 0.292630 0.470570
vt 0.202170 0.547580
vt 0.220360 0.537750
vt 0.242390 0.526370
vt 0.264410 0.515130
vt 0.286400 0.504120
vt 0.304690 0.495380
vt 0.217140 0.570290
vt 0.234240 0.560340
vt 0.255330 0.549150
vt 0.276710 0.538330
vt 0.298220 0.528110
vt 0.316270 0.520200
vt 0.232200 0.592160
vt 0.248610 0.582850
vt 0.268550 0.572080
vt 0.289230 0.561790
vt 0.311240 0.552200
vt 0.329520 0.544880
vt 0.246680 0.614910
vt 0.262410 0.605770
vt 0.281600 0.595490
vt 0.301380 0.585570
vt 0.321510 0.576460
vt 0.339180 0.569450
vt 0.260870 0.636980
vt 0.275770 0.629120
vt 0.294280 0.619420
vt 0.313420 0.609720
vt 0.333090 0.600500
vt 0.349720 0.593270
vt 0.269870 0.651910
vt 0.285010 0.649200
vt 0.304330 0.639960
vt 0.323510 0.630000
vt 0.342700 0.620860
vt 0.354710 0.611570
vt 0.317570 0.319870
vt 0.301240 0.308390
vt 0.288770 0.322230
vt 0.306970 0.335840
vt 0.276330 0.340100
vt 0.293820 0.353510
vt 0.263650 0.356870
vt 0.281120 0.370660
vt 0.252280 0.372290
vt 0.268990 0.386540
vt 0.245790 0.385800
vt 0.258050 0.399180
vt 0.336860 0.335040
vt 0.327170 0.351370
vt 0.315030 0.370340
vt 0.301890 0.388380
vt 0.287630 0.405070
vt 0.274560 0.417630
vt 0.357180 0.348670
vt 0.348730 0.366120
vt 0.336630 0.386460
vt 0.322610 0.406200
vt 0.306660 0.424740
vt 0.291710 0.437880
vt 0.380050 0.359300
vt 0.372210 0.377920
vt 0.359480 0.400430
vt 0.343870 0.422660
vt 0.325360 0.444400
vt 0.308470 0.460950
vt 0.186430 0.557120
vt 0.170920 0.533140
vt 0.152500 0.548350
vt 0.169900 0.569370
vt 0.132260 0.566730
vt 0.151380 0.585800
vt 0.113820 0.585580
vt 0.134160 0.603010
vt 0.097510 0.604950
vt 0.118440 0.620820
vt 0.086940 0.620170
vt 0.106690 0.636260
vt 0.202290 0.579660
vt 0.186890 0.591220
vt 0.169380 0.606410
vt 0.152690 0.622430
vt 0.136900 0.639010
vt 0.123950 0.653510
vt 0.218260 0.601240
vt 0.203490 0.613160
vt 0.186590 0.627670
vt 0.170150 0.642940
vt 0.153900 0.659450
vt 0.140400 0.673100
vt 0.233420 0.623970
vt 0.219620 0.635100
vt 0.203410 0.649230
vt 0.187130 0.663950
vt 0.171340 0.678580
vt 0.157250 0.691750
vt 0.249720 0.643910
vt 0.236290 0.656430
vt 0.220740 0.670510
vt 0.204400 0.684900
vt 0.187670 0.699610
vt 0.173520 0.712370
vt 0.259640 0.659010
vt 0.251100 0.672070
vt 0.236040 0.687480
vt 0.219200 0.702270
vt 0.202560 0.716340
vt 0.189170 0.725340
vt 0.297780 0.301950
vt 0.292620 0.297910
vt 0.277500 0.309360
vt 0.282660 0.316270
vt 0.262530 0.328530
vt 0.269180 0.334080
vt 0.248380 0.347660
vt 0.255890 0.351960
vt 0.235930 0.367610
vt 0.244370 0.369300
vt 0.238830 0.387010
vt 0.251440 0.403490
vt 0.267960 0.422530
vt 0.284750 0.443190
vt 0.299640 0.466390
vt 0.312930 0.491960
vt 0.324600 0.517020
vt 0.337570 0.541830
vt 0.347130 0.566690
vt 0.357670 0.591120
vt 0.361300 0.614240
vt 0.321140 0.488730
vt 0.332850 0.514010
vt 0.345210 0.539070
vt 0.355130 0.564210
vt 0.366130 0.590240
vt 0.368660 0.611680
vt 0.346430 0.627820
vt 0.327710 0.637860
vt 0.308150 0.647430
vt 0.288430 0.656270
vt 0.267490 0.658250
vt 0.192140 0.732510
vt 0.209110 0.723670
vt 0.225080 0.708680
vt 0.241390 0.692970
vt 0.257110 0.677050
vt 0.255380 0.639730
vt 0.239930 0.619540
vt 0.225540 0.596070
vt 0.209850 0.574740
vt 0.194350 0.552130
vt 0.179280 0.528900
vt 0.169720 0.502510
vt 0.159040 0.477560
vt 0.149920 0.453820
vt 0.144430 0.432960
vt 0.161320 0.505250
vt 0.150830 0.480320
vt 0.141500 0.456390
vt 0.138510 0.436570
vt 0.310500 0.674960
vt 0.294620 0.668330
vt 0.277040 0.683430
vt 0.294390 0.695950
vt 0.331820 0.687770
vt 0.316940 0.709740
vt 0.354300 0.700050
vt 0.340410 0.722370
vt 0.375730 0.713160
vt 0.364130 0.734800
vt 0.390930 0.724530
vt 0.383940 0.745550
vt 0.254530 0.708280
vt 0.274670 0.722070
vt 0.299070 0.735850
vt 0.323940 0.748440
vt 0.348740 0.760730
vt 0.369280 0.771280
vt 0.235190 0.739890
vt 0.256860 0.750500
vt 0.282940 0.762860
vt 0.308960 0.774670
vt 0.334480 0.786290
vt 0.355380 0.796280
vt 0.215370 0.771900
vt 0.241170 0.780280
vt 0.269590 0.791000
vt 0.296710 0.801710
vt 0.322860 0.812310
vt 0.344130 0.821260
vt 0.210830 0.806470
vt 0.234320 0.812300
vt 0.261700 0.820880
vt 0.288370 0.830100
vt 0.314500 0.839420
vt 0.336040 0.846960
vt 0.209380 0.841600
vt 0.231070 0.845420
vt 0.257080 0.852070
vt 0.283030 0.859820
vt 0.309020 0.867880
vt 0.330650 0.874230
vt 0.208160 0.875250
vt 0.228920 0.878410
vt 0.253880 0.883840
vt 0.279160 0.890440
vt 0.304890 0.897440
vt 0.326750 0.903020
vt 0.206910 0.907880
vt 0.226740 0.910980
vt 0.250780 0.915890
vt 0.275390 0.921590
vt 0.301570 0.927080
vt 0.324610 0.931420
vt 0.204800 0.940170
vt 0.223440 0.943330
vt 0.246710 0.947840
vt 0.270870 0.952930
vt 0.297370 0.957480
vt 0.321290 0.960120
vt 0.202620 0.964260
vt 0.218650 0.970050
vt 0.242010 0.974210
vt 0.265820 0.979240
vt 0.291420 0.984110
vt 0.313960 0.983730
vt 0.119840 0.671540
vt 0.099410 0.657440
vt 0.085410 0.667810
vt 0.103820 0.686600
vt 0.065760 0.682420
vt 0.082620 0.702850
vt 0.044560 0.696310
vt 0.060110 0.717240
vt 0.023670 0.710020
vt 0.037110 0.730820
vt 0.009270 0.721390
vt 0.016620 0.742950
vt 0.142640 0.698550
vt 0.125100 0.713050
vt 0.102140 0.728300
vt 0.078080 0.742180
vt 0.053810 0.755530
vt 0.033390 0.767140
vt 0.166620 0.727970
vt 0.145650 0.742060
vt 0.120150 0.755280
vt 0.094370 0.767750
vt 0.068970 0.780020
vt 0.048530 0.790550
vt 0.193350 0.766440
vt 0.164550 0.773400
vt 0.134930 0.783860
vt 0.107300 0.794570
vt 0.080980 0.805240
vt 0.059920 0.814110
vt 0.192260 0.805370
vt 0.169060 0.807880
vt 0.141450 0.814790
vt 0.114520 0.823270
vt 0.088200 0.832130
vt 0.066300 0.839330
vt 0.192150 0.840900
vt 0.170260 0.842210
vt 0.144200 0.846830
vt 0.118110 0.853390
vt 0.091940 0.860620
vt 0.070130 0.866180
vt 0.191600 0.874530
vt 0.170690 0.875340
vt 0.145470 0.878900
vt 0.119960 0.884260
vt 0.093960 0.890310
vt 0.071440 0.895140
vt 0.191080 0.906640
vt 0.170950 0.907410
vt 0.146640 0.910790
vt 0.121790 0.915430
vt 0.095110 0.919960
vt 0.072080 0.924260
vt 0.190800 0.937200
vt 0.172070 0.938610
vt 0.149020 0.942460
vt 0.124800 0.946660
vt 0.097620 0.950110
vt 0.073160 0.953680
vt 0.192820 0.958110
vt 0.175990 0.963850
vt 0.153030 0.969020
vt 0.129040 0.972790
vt 0.102350 0.976500
vt 0.082280 0.976210
vt 0.294490 0.663180
vt 0.315330 0.667190
vt 0.336670 0.680280
vt 0.358540 0.692790
vt 0.380000 0.705840
vt 0.396580 0.721870
vt 0.096510 0.650340
vt 0.079240 0.660610
vt 0.059510 0.674860
vt 0.038130 0.688250
vt 0.017330 0.702640
vt 0.001950 0.719710
vt 0.391690 0.749100
vt 0.377010 0.775580
vt 0.363490 0.800540
vt 0.352290 0.824750
vt 0.344600 0.849760
vt 0.339640 0.876530
vt 0.335830 0.904560
vt 0.333450 0.932590
vt 0.330170 0.961590
vt 0.321360 0.988880
vt 0.007950 0.746390
vt 0.025570 0.771560
vt 0.040760 0.794900
vt 0.051630 0.817930
vt 0.057890 0.842110
vt 0.061930 0.868110
vt 0.063180 0.896670
vt 0.062500 0.925940
vt 0.063600 0.956280
vt 0.078510 0.982760
vt 0.078960 0.992110
vt 0.102600 0.993960
vt 0.103690 0.985150
vt 0.130200 0.991530
vt 0.129780 0.982120
vt 0.156740 0.987750
vt 0.154880 0.978630
vt 0.184230 0.979610
vt 0.179390 0.972330
vt 0.198850 0.962000
vt 0.198170 0.938080
vt 0.199080 0.907080
vt 0.199720 0.874710
vt 0.200690 0.840980
vt 0.200440 0.805300
vt 0.203880 0.769060
vt 0.229470 0.733520
vt 0.249970 0.704190
vt 0.270990 0.677510
vt 0.221450 0.727190
vt 0.244990 0.698390
vt 0.267530 0.672210
vt 0.288440 0.658850
vt 0.643530 0.986630
vt 0.659560 0.984440
vt 0.663030 0.965650
vt 0.644370 0.965190
vt 0.621000 0.986630
vt 0.621530 0.965010
vt 0.597830 0.986500
vt 0.598770 0.964900
vt 0.575150 0.985370
vt 0.576620 0.964340
vt 0.557620 0.981850
vt 0.558000 0.963550
vt 0.663820 0.939840
vt 0.644680 0.939120
vt 0.622220 0.938920
vt 0.599440 0.938880
vt 0.576860 0.938780
vt 0.558070 0.938640
vt 0.664710 0.913320
vt 0.645100 0.912890
vt 0.622590 0.912840
vt 0.599680 0.912940
vt 0.576860 0.913070
vt 0.557770 0.913230
vt 0.665450 0.886560
vt 0.645340 0.886550
vt 0.622550 0.886780
vt 0.599530 0.887110
vt 0.576530 0.887480
vt 0.557280 0.887810
vt 0.664680 0.859660
vt 0.644890 0.860150
vt 0.622000 0.860730
vt 0.598970 0.861360
vt 0.575910 0.861960
vt 0.556610 0.862440
vt 0.663340 0.832680
vt 0.644190 0.833670
vt 0.621200 0.834700
vt 0.598070 0.835700
vt 0.574880 0.836540
vt 0.555460 0.837070
vt 0.661840 0.805740
vt 0.642670 0.807160
vt 0.619830 0.808710
vt 0.596860 0.810100
vt 0.573850 0.811250
vt 0.554660 0.811780
vt 0.658920 0.779740
vt 0.639730 0.781810
vt 0.617450 0.783250
vt 0.595150 0.784530
vt 0.572560 0.786170
vt 0.553620 0.786860
vt 0.653770 0.755810
vt 0.635350 0.758110
vt 0.613380 0.759180
vt 0.592260 0.759160
vt 0.570590 0.761330
vt 0.552200 0.762610
vt 0.648240 0.736390
vt 0.632010 0.736910
vt 0.609890 0.738450
vt 0.588630 0.737580
vt 0.567110 0.740940
vt 0.552330 0.746480
vt 0.439210 0.968990
vt 0.442670 0.987610
vt 0.458250 0.989570
vt 0.457290 0.968360
vt 0.480140 0.989610
vt 0.479530 0.967930
vt 0.503540 0.988850
vt 0.502060 0.967120
vt 0.526110 0.986720
vt 0.523980 0.965750
vt 0.544190 0.982190
vt 0.542420 0.963700
vt 0.436280 0.944410
vt 0.455150 0.942860
vt 0.477800 0.941960
vt 0.500390 0.941160
vt 0.522750 0.940130
vt 0.541270 0.939000
vt 0.434700 0.918430
vt 0.453050 0.917260
vt 0.476170 0.916170
vt 0.499030 0.915290
vt 0.521720 0.914410
vt 0.540660 0.913710
vt 0.433350 0.892240
vt 0.452000 0.891430
vt 0.475030 0.890440
vt 0.497980 0.889580
vt 0.520900 0.888810
vt 0.540040 0.888280
vt 0.432160 0.866250
vt 0.451390 0.865520
vt 0.474170 0.864650
vt 0.497130 0.863890
vt 0.520090 0.863230
vt 0.539340 0.862810
vt 0.431180 0.840170
vt 0.450530 0.839600
vt 0.473450 0.838810
vt 0.496390 0.838170
vt 0.519370 0.837650
vt 0.538670 0.837290
vt 0.431360 0.814200
vt 0.450350 0.813680
vt 0.473050 0.812860
vt 0.495810 0.812260
vt 0.518520 0.811970
vt 0.537470 0.811900
vt 0.431820 0.789560
vt 0.450610 0.788520
vt 0.473070 0.787180
vt 0.495510 0.786090
vt 0.518100 0.785960
vt 0.536700 0.786490
vt 0.433320 0.766320
vt 0.451340 0.764560
vt 0.474090 0.762720
vt 0.495760 0.760030
vt 0.518710 0.759360
vt 0.536970 0.760730
vt 0.434700 0.748110
vt 0.450510 0.744030
vt 0.473660 0.741600
vt 0.495500 0.738340
vt 0.518460 0.739010
vt 0.540140 0.740560
vt 0.660170 0.990650
vt 0.643150 0.995190
vt 0.621230 0.995200
vt 0.597960 0.995020
vt 0.574350 0.993330
vt 0.550780 0.986430
vt 0.437490 0.993500
vt 0.456820 0.998050
vt 0.480260 0.997580
vt 0.504270 0.996520
vt 0.527590 0.994580
vt 0.549900 0.963520
vt 0.549610 0.938740
vt 0.549150 0.913440
vt 0.548560 0.888040
vt 0.547930 0.862620
vt 0.546810 0.837200
vt 0.545820 0.811880
vt 0.544490 0.786740
vt 0.544080 0.761940
vt 0.545790 0.743000
vt 0.564420 0.733210
vt 0.586430 0.728920
vt 0.608240 0.729470
vt 0.630810 0.728330
vt 0.649240 0.729110
vt 0.560390 0.725490
vt 0.584470 0.719720
vt 0.607400 0.720940
vt 0.630830 0.719320
vt 0.647160 0.722070
vt 0.428330 0.744850
vt 0.421250 0.745220
vt 0.416500 0.763990
vt 0.424630 0.765900
vt 0.415240 0.787690
vt 0.423590 0.789020
vt 0.414410 0.813460
vt 0.423340 0.813950
vt 0.413800 0.839950
vt 0.422380 0.840080
vt 0.414980 0.866420
vt 0.423470 0.866370
vt 0.416510 0.893200
vt 0.425260 0.892680
vt 0.417850 0.919790
vt 0.426400 0.919020
vt 0.418900 0.946390
vt 0.427630 0.945280
vt 0.422660 0.973660
vt 0.430530 0.970790
vt 0.431050 0.992990
vt 0.646400 0.447560
vt 0.648370 0.466800
vt 0.662050 0.470910
vt 0.663090 0.449070
vt 0.647470 0.421080
vt 0.664210 0.422650
vt 0.650140 0.393150
vt 0.666950 0.395180
vt 0.653850 0.364350
vt 0.670590 0.368050
vt 0.660090 0.342070
vt 0.675210 0.346920
vt 0.678860 0.474590
vt 0.681370 0.452120
vt 0.684230 0.425140
vt 0.687160 0.398180
vt 0.690560 0.371570
vt 0.694410 0.350100
vt 0.697810 0.477470
vt 0.700920 0.454900
vt 0.704230 0.427880
vt 0.707390 0.401130
vt 0.710840 0.374830
vt 0.714200 0.353210
vt 0.717620 0.480120
vt 0.720690 0.457570
vt 0.724220 0.430570
vt 0.727570 0.403870
vt 0.730980 0.377520
vt 0.733950 0.355610
vt 0.737390 0.482720
vt 0.740530 0.460130
vt 0.744180 0.433140
vt 0.747760 0.406420
vt 0.751090 0.379960
vt 0.753740 0.357860
vt 0.757270 0.485270
vt 0.760390 0.462580
vt 0.764250 0.435630
vt 0.767920 0.408830
vt 0.771220 0.382210
vt 0.773590 0.360000
vt 0.776810 0.487720
vt 0.780150 0.465050
vt 0.784250 0.438030
vt 0.788120 0.411080
vt 0.791450 0.384250
vt 0.793530 0.362040
vt 0.796210 0.490430
vt 0.799850 0.467690
vt 0.804190 0.440540
vt 0.808340 0.413270
vt 0.811850 0.386050
vt 0.813670 0.363800
vt 0.815060 0.492710
vt 0.819420 0.470680
vt 0.824000 0.443400
vt 0.828410 0.415670
vt 0.831940 0.387650
vt 0.833430 0.365020
vt 0.830170 0.492390
vt 0.835700 0.473620
vt 0.840370 0.446280
vt 0.844770 0.418180
vt 0.848660 0.389050
vt 0.849020 0.364720
vt 0.690450 0.211170
vt 0.677380 0.212990
vt 0.671600 0.231340
vt 0.688300 0.233090
vt 0.666670 0.257010
vt 0.683340 0.258380
vt 0.664340 0.284540
vt 0.681140 0.285200
vt 0.664100 0.311570
vt 0.680380 0.311230
vt 0.667360 0.330880
vt 0.680490 0.332190
vt 0.707560 0.210970
vt 0.705940 0.233120
vt 0.703300 0.259700
vt 0.701160 0.286280
vt 0.699500 0.312490
vt 0.698100 0.333860
vt 0.726780 0.211170
vt 0.725390 0.234070
vt 0.723170 0.261090
vt 0.720990 0.287780
vt 0.719030 0.314220
vt 0.716980 0.336170
vt 0.746780 0.212230
vt 0.745050 0.235360
vt 0.742900 0.262600
vt 0.740690 0.289480
vt 0.738480 0.316120
vt 0.736290 0.338280
vt 0.766670 0.214320
vt 0.764700 0.237120
vt 0.762510 0.264360
vt 0.760350 0.291340
vt 0.757970 0.318090
vt 0.755760 0.340360
vt 0.786710 0.216220
vt 0.784360 0.239060
vt 0.782220 0.266280
vt 0.779980 0.293280
vt 0.777480 0.320080
vt 0.775260 0.342410
vt 0.806110 0.218290
vt 0.803870 0.241230
vt 0.801850 0.268420
vt 0.799660 0.295370
vt 0.797030 0.322120
vt 0.794700 0.344390
vt 0.825440 0.220700
vt 0.823240 0.243570
vt 0.821550 0.270600
vt 0.819440 0.297570
vt 0.816650 0.324340
vt 0.813920 0.346270
vt 0.843650 0.223970
vt 0.842440 0.245750
vt 0.841380 0.272510
vt 0.839280 0.299710
vt 0.835860 0.326770
vt 0.832370 0.348830
vt 0.857680 0.229070
vt 0.858470 0.246580
vt 0.858200 0.273460
vt 0.855910 0.301300
vt 0.851970 0.329060
vt 0.847060 0.350210
vt 0.672570 0.207180
vt 0.665220 0.206240
vt 0.656450 0.225790
vt 0.663870 0.228990
vt 0.650120 0.254090
vt 0.658380 0.255750
vt 0.647370 0.284440
vt 0.655980 0.284510
vt 0.648540 0.316530
vt 0.656240 0.313660
vt 0.663430 0.337350
vt 0.678770 0.340700
vt 0.696600 0.342020
vt 0.715680 0.344700
vt 0.735120 0.347220
vt 0.754750 0.349130
vt 0.774410 0.351230
vt 0.794010 0.353750
vt 0.813670 0.355570
vt 0.832650 0.356590
vt 0.851250 0.356850
vt 0.857360 0.356470
vt 0.866840 0.333920
vt 0.859140 0.331330
vt 0.872740 0.303630
vt 0.864420 0.302470
vt 0.875200 0.273520
vt 0.866820 0.273560
vt 0.874480 0.242940
vt 0.866490 0.245270
vt 0.866060 0.220550
vt 0.862040 0.224320
vt 0.850510 0.209800
vt 0.846230 0.216510
vt 0.829730 0.203610
vt 0.827480 0.211650
vt 0.808930 0.200570
vt 0.807510 0.209230
vt 0.788550 0.198310
vt 0.788360 0.206150
vt 0.768020 0.196480
vt 0.767330 0.204690
vt 0.747770 0.194270
vt 0.747200 0.203750
vt 0.727150 0.193660
vt 0.727000 0.202670
vt 0.706460 0.193330
vt 0.707360 0.202010
vt 0.687150 0.194230
vt 0.689670 0.202300
vt 0.672340 0.199590
vt 0.035780 0.360300
vt 0.036430 0.376480
vt 0.051590 0.379990
vt 0.052460 0.360740
vt 0.036490 0.337400
vt 0.053390 0.337890
vt 0.037040 0.313780
vt 0.054230 0.314700
vt 0.038560 0.289150
vt 0.055850 0.291520
vt 0.042650 0.270430
vt 0.058200 0.272880
vt 0.071220 0.381150
vt 0.072710 0.362450
vt 0.073460 0.339200
vt 0.074540 0.316340
vt 0.075770 0.293630
vt 0.077460 0.274940
vt 0.091330 0.383030
vt 0.092580 0.363950
vt 0.093830 0.340970
vt 0.094850 0.317990
vt 0.096050 0.295420
vt 0.097640 0.276630
vt 0.111510 0.384450
vt 0.112820 0.364630
vt 0.114010 0.342330
vt 0.115110 0.319470
vt 0.116270 0.296860
vt 0.117560 0.278160
vt 0.132020 0.385830
vt 0.133040 0.366450
vt 0.134210 0.343580
vt 0.135370 0.320920
vt 0.136410 0.297970
vt 0.137440 0.279110
vt 0.152390 0.386470
vt 0.153120 0.367410
vt 0.154380 0.344560
vt 0.155600 0.321710
vt 0.156590 0.298960
vt 0.157380 0.280090
vt 0.172570 0.387350
vt 0.173470 0.368260
vt 0.174550 0.345240
vt 0.175920 0.322290
vt 0.176950 0.299640
vt 0.177360 0.280960
vt 0.192480 0.388390
vt 0.193630 0.369110
vt 0.194520 0.345940
vt 0.196340 0.322610
vt 0.197510 0.299820
vt 0.197660 0.281160
vt 0.211610 0.388630
vt 0.213080 0.369740
vt 0.214900 0.346880
vt 0.216410 0.323380
vt 0.217770 0.300200
vt 0.217650 0.281450
vt 0.225890 0.387290
vt 0.228840 0.370410
vt 0.230690 0.347960
vt 0.232380 0.324330
vt 0.233730 0.301270
vt 0.232300 0.281850
vt 0.065710 0.154670
vt 0.050830 0.157190
vt 0.048870 0.171990
vt 0.064980 0.172960
vt 0.045200 0.193620
vt 0.062910 0.195010
vt 0.045180 0.216830
vt 0.061770 0.217350
vt 0.043520 0.240020
vt 0.061200 0.239650
vt 0.045790 0.257090
vt 0.061380 0.257800
vt 0.084150 0.153630
vt 0.084260 0.172880
vt 0.082850 0.195570
vt 0.081670 0.218000
vt 0.080450 0.240310
vt 0.079480 0.258660
vt 0.103730 0.153790
vt 0.103660 0.172870
vt 0.102640 0.195950
vt 0.101440 0.218690
vt 0.100090 0.241330
vt 0.098940 0.260030
vt 0.123680 0.154610
vt 0.123240 0.173410
vt 0.122240 0.196570
vt 0.121060 0.219510
vt 0.119740 0.242330
vt 0.118690 0.261410
vt 0.143820 0.155350
vt 0.142940 0.174350
vt 0.141820 0.197460
vt 0.140580 0.220440
vt 0.139370 0.243270
vt 0.138490 0.262270
vt 0.163880 0.156600
vt 0.162630 0.175580
vt 0.161420 0.198610
vt 0.160170 0.221500
vt 0.158920 0.244240
vt 0.158130 0.263180
vt 0.183780 0.158160
vt 0.182240 0.177160
vt 0.181050 0.200050
vt 0.179800 0.222750
vt 0.178480 0.245270
vt 0.177630 0.264150
vt 0.203230 0.160410
vt 0.201690 0.179120
vt 0.200770 0.201720
vt 0.199560 0.224230
vt 0.198030 0.246490
vt 0.196710 0.264770
vt 0.221100 0.163060
vt 0.220350 0.181230
vt 0.220340 0.203260
vt 0.219070 0.225880
vt 0.217170 0.247910
vt 0.214750 0.266070
vt 0.233620 0.166370
vt 0.235630 0.182090
vt 0.236560 0.203880
vt 0.234950 0.227210
vt 0.232990 0.249010
vt 0.228580 0.267690
vt 0.045950 0.152950
vt 0.043040 0.148980
vt 0.033990 0.166410
vt 0.041360 0.169490
vt 0.029340 0.191380
vt 0.036670 0.192310
vt 0.030110 0.216850
vt 0.038170 0.216860
vt 0.028950 0.243210
vt 0.035470 0.241230
vt 0.035060 0.262260
vt 0.041130 0.262980
vt 0.060000 0.266220
vt 0.078610 0.266560
vt 0.098300 0.268620
vt 0.118110 0.269890
vt 0.137960 0.270660
vt 0.157750 0.271610
vt 0.177450 0.272440
vt 0.197100 0.272850
vt 0.215620 0.273900
vt 0.232910 0.274170
vt 0.239070 0.272590
vt 0.246890 0.253850
vt 0.240270 0.251220
vt 0.250280 0.229000
vt 0.242920 0.228130
vt 0.252310 0.203470
vt 0.244870 0.203770
vt 0.250840 0.178190
vt 0.243740 0.180660
vt 0.242940 0.158420
vt 0.238480 0.161800
vt 0.228110 0.148110
vt 0.223960 0.154930
vt 0.206430 0.145720
vt 0.204790 0.152340
vt 0.185370 0.142800
vt 0.184680 0.150000
vt 0.165070 0.140630
vt 0.164510 0.148430
vt 0.144830 0.140390
vt 0.144290 0.147630
vt 0.124320 0.140860
vt 0.123820 0.147190
vt 0.103870 0.139170
vt 0.103870 0.147120
vt 0.082530 0.137350
vt 0.083460 0.145340
vt 0.059850 0.139540
vt 0.063630 0.146900
vt 0.555130 0.473510
vt 0.537430 0.477110
vt 0.538980 0.495830
vt 0.557320 0.494670
vt 0.579050 0.473020
vt 0.580050 0.494180
vt 0.602320 0.472430
vt 0.602850 0.494170
vt 0.624950 0.473530
vt 0.625530 0.494020
vt 0.641730 0.476140
vt 0.644850 0.493650
vt 0.539620 0.520420
vt 0.558480 0.519960
vt 0.581060 0.519580
vt 0.603870 0.519440
vt 0.626530 0.519110
vt 0.645850 0.518540
vt 0.539390 0.545030
vt 0.558640 0.544910
vt 0.581550 0.544990
vt 0.604380 0.545090
vt 0.627310 0.544510
vt 0.646660 0.543680
vt 0.539060 0.569710
vt 0.558530 0.569980
vt 0.581640 0.570080
vt 0.604590 0.570260
vt 0.627650 0.570020
vt 0.649540 0.571880
vt 0.538630 0.594170
vt 0.558330 0.594880
vt 0.581650 0.595090
vt 0.604760 0.595460
vt 0.627770 0.595590
vt 0.647490 0.596160
vt 0.538680 0.617440
vt 0.557160 0.619810
vt 0.581600 0.620720
vt 0.604520 0.620790
vt 0.627330 0.621210
vt 0.648460 0.623100
vt 0.538050 0.641300
vt 0.556690 0.644770
vt 0.580760 0.645470
vt 0.603780 0.646230
vt 0.626650 0.646780
vt 0.646010 0.647550
vt 0.537990 0.668840
vt 0.555780 0.670220
vt 0.578560 0.670990
vt 0.602170 0.671700
vt 0.625200 0.672280
vt 0.644410 0.673200
vt 0.535210 0.693960
vt 0.553640 0.695820
vt 0.577140 0.697070
vt 0.600690 0.697200
vt 0.623700 0.697390
vt 0.641990 0.697570
vt 0.533730 0.710660
vt 0.550900 0.716760
vt 0.575520 0.717920
vt 0.600110 0.718320
vt 0.622740 0.716650
vt 0.639310 0.714120
vt 0.522800 0.496460
vt 0.524020 0.478060
vt 0.507060 0.473480
vt 0.504340 0.494810
vt 0.483110 0.471670
vt 0.481820 0.493750
vt 0.459620 0.469530
vt 0.459020 0.493320
vt 0.437190 0.472270
vt 0.436560 0.492760
vt 0.420120 0.474690
vt 0.417470 0.492380
vt 0.522200 0.520480
vt 0.503020 0.519830
vt 0.480490 0.519080
vt 0.457750 0.518550
vt 0.435030 0.517840
vt 0.415960 0.516870
vt 0.522020 0.544880
vt 0.502570 0.544560
vt 0.479640 0.544070
vt 0.456770 0.543630
vt 0.433830 0.543080
vt 0.413690 0.542060
vt 0.521910 0.569460
vt 0.502310 0.569220
vt 0.479150 0.568960
vt 0.456220 0.568720
vt 0.433460 0.568440
vt 0.411480 0.569550
vt 0.522080 0.593570
vt 0.501900 0.593860
vt 0.478820 0.593750
vt 0.455740 0.593820
vt 0.432790 0.593880
vt 0.412230 0.594100
vt 0.522000 0.616640
vt 0.501740 0.618450
vt 0.478770 0.618540
vt 0.455770 0.618850
vt 0.432660 0.619420
vt 0.410550 0.621740
vt 0.520890 0.640100
vt 0.502170 0.642920
vt 0.479070 0.643270
vt 0.456200 0.643840
vt 0.433400 0.644680
vt 0.414250 0.645640
vt 0.520380 0.667290
vt 0.501780 0.667220
vt 0.479710 0.668080
vt 0.457240 0.668830
vt 0.434540 0.669990
vt 0.415430 0.671510
vt 0.520650 0.690370
vt 0.502790 0.691390
vt 0.481350 0.693250
vt 0.459050 0.693810
vt 0.436630 0.694790
vt 0.418380 0.696220
vt 0.520860 0.704430
vt 0.506150 0.710250
vt 0.484140 0.714290
vt 0.460940 0.714350
vt 0.438770 0.714540
vt 0.422620 0.713490
vt 0.531070 0.473210
vt 0.554030 0.465680
vt 0.578760 0.465080
vt 0.602610 0.464140
vt 0.625830 0.465320
vt 0.646010 0.471290
vt 0.508440 0.464410
vt 0.483290 0.462730
vt 0.459170 0.460430
vt 0.436200 0.464120
vt 0.415850 0.469830
vt 0.653510 0.492660
vt 0.654360 0.518040
vt 0.654570 0.543400
vt 0.656030 0.572040
vt 0.655360 0.595690
vt 0.656920 0.624650
vt 0.652890 0.648460
vt 0.651480 0.673310
vt 0.648920 0.697340
vt 0.644400 0.715690
vt 0.409430 0.490780
vt 0.407590 0.516420
vt 0.406200 0.541510
vt 0.403450 0.569930
vt 0.404450 0.593800
vt 0.402810 0.622270
vt 0.407450 0.645920
vt 0.408490 0.672580
vt 0.410800 0.698970
vt 0.419050 0.718400
vt 0.418260 0.723920
vt 0.435650 0.728000
vt 0.437860 0.722030
vt 0.460440 0.728210
vt 0.460910 0.721480
vt 0.486860 0.730530
vt 0.485650 0.722570
vt 0.513030 0.724300
vt 0.509420 0.717460
vt 0.527140 0.708060
vt 0.528190 0.691500
vt 0.529250 0.667900
vt 0.529470 0.640160
vt 0.530930 0.616140
vt 0.531480 0.593240
vt 0.530870 0.569680
vt 0.530860 0.545000
vt 0.531470 0.520520
vt 0.531110 0.496260
vt 0.399210 0.438700
vt 0.405030 0.454080
vt 0.423310 0.453170
vt 0.420140 0.434810
vt 0.395400 0.416300
vt 0.415280 0.412730
vt 0.391060 0.392920
vt 0.411930 0.389970
vt 0.386090 0.368530
vt 0.407800 0.367470
vt 0.386180 0.348190
vt 0.406240 0.348910
vt 0.447260 0.450600
vt 0.444340 0.431620
vt 0.440440 0.408990
vt 0.436300 0.386520
vt 0.432740 0.364140
vt 0.430320 0.345530
vt 0.472290 0.446610
vt 0.469290 0.427810
vt 0.465370 0.405190
vt 0.461430 0.382720
vt 0.457730 0.360280
vt 0.454990 0.341450
vt 0.497550 0.442740
vt 0.494370 0.423900
vt 0.490350 0.401180
vt 0.486380 0.378680
vt 0.482520 0.356330
vt 0.478950 0.337550
vt 0.522810 0.438000
vt 0.519390 0.419430
vt 0.515200 0.396770
vt 0.511030 0.374150
vt 0.506920 0.351440
vt 0.503470 0.332480
vt 0.548230 0.433720
vt 0.544380 0.414630
vt 0.539970 0.392020
vt 0.535620 0.369450
vt 0.531310 0.346880
vt 0.527810 0.328350
vt 0.573380 0.428220
vt 0.569270 0.409440
vt 0.564670 0.386890
vt 0.560170 0.364450
vt 0.555640 0.342090
vt 0.551920 0.323410
vt 0.598290 0.422600
vt 0.593930 0.403660
vt 0.589320 0.381330
vt 0.584780 0.359040
vt 0.580050 0.337010
vt 0.576030 0.318970
vt 0.622640 0.416240
vt 0.618420 0.397900
vt 0.613900 0.375470
vt 0.609450 0.353040
vt 0.604480 0.330930
vt 0.599700 0.313580
vt 0.639480 0.409500
vt 0.638830 0.393130
vt 0.634370 0.370880
vt 0.630030 0.347890
vt 0.624240 0.325340
vt 0.616550 0.310000
vt 0.381900 0.232520
vt 0.366710 0.240470
vt 0.367790 0.255740
vt 0.386970 0.250640
vt 0.372090 0.276930
vt 0.391340 0.272380
vt 0.376970 0.299560
vt 0.396350 0.294170
vt 0.382660 0.321990
vt 0.401220 0.315550
vt 0.390780 0.337740
vt 0.406020 0.333140
vt 0.405660 0.225590
vt 0.410600 0.244060
vt 0.415570 0.266370
vt 0.420150 0.288520
vt 0.424930 0.310410
vt 0.428460 0.328770
vt 0.430600 0.219560
vt 0.435060 0.238300
vt 0.439950 0.260860
vt 0.444500 0.283270
vt 0.448910 0.305680
vt 0.452200 0.324450
vt 0.455860 0.214380
vt 0.459840 0.233130
vt 0.464430 0.255800
vt 0.468830 0.278370
vt 0.473030 0.300870
vt 0.475670 0.321140
vt 0.481230 0.209480
vt 0.484760 0.228310
vt 0.489020 0.251100
vt 0.493220 0.273820
vt 0.497300 0.296650
vt 0.500490 0.315430
vt 0.506750 0.205430
vt 0.509780 0.224030
vt 0.513730 0.246880
vt 0.517670 0.269620
vt 0.521560 0.292440
vt 0.524770 0.311380
vt 0.532120 0.201610
vt 0.534870 0.220230
vt 0.538560 0.242990
vt 0.542240 0.265520
vt 0.545860 0.288130
vt 0.548970 0.306900
vt 0.557390 0.198240
vt 0.559910 0.216810
vt 0.563540 0.239500
vt 0.567090 0.261950
vt 0.570360 0.284220
vt 0.572950 0.302660
vt 0.582350 0.195500
vt 0.584790 0.213760
vt 0.588620 0.236290
vt 0.592220 0.258940
vt 0.595260 0.281250
vt 0.596620 0.299070
vt 0.600330 0.195990
vt 0.605230 0.210850
vt 0.609660 0.233290
vt 0.613080 0.256500
vt 0.615320 0.279160
vt 0.613960 0.297110
vt 0.360320 0.237880
vt 0.354220 0.238130
vt 0.352190 0.255930
vt 0.360650 0.256260
vt 0.355720 0.280030
vt 0.363760 0.278620
vt 0.361510 0.303970
vt 0.369290 0.301880
vt 0.369560 0.329660
vt 0.376090 0.325240
vt 0.388070 0.343390
vt 0.407080 0.341890
vt 0.429490 0.337230
vt 0.453700 0.332930
vt 0.476830 0.329820
vt 0.501810 0.323520
vt 0.526140 0.319210
vt 0.550380 0.315010
vt 0.574370 0.310710
vt 0.597730 0.305810
vt 0.618960 0.302780
vt 0.632020 0.323260
vt 0.638480 0.346070
vt 0.643040 0.369340
vt 0.647400 0.392040
vt 0.644700 0.412040
vt 0.623940 0.279550
vt 0.621830 0.255420
vt 0.618300 0.231660
vt 0.613790 0.208520
vt 0.604350 0.189940
vt 0.625250 0.423960
vt 0.600330 0.430710
vt 0.575310 0.436790
vt 0.550040 0.442120
vt 0.524510 0.446880
vt 0.498930 0.451350
vt 0.473500 0.455110
vt 0.448640 0.459400
vt 0.424590 0.460960
vt 0.404680 0.459910
vt 0.582380 0.186980
vt 0.556630 0.189980
vt 0.531080 0.193680
vt 0.505450 0.197720
vt 0.479870 0.201950
vt 0.454160 0.206070
vt 0.428500 0.211180
vt 0.403100 0.218010
vt 0.378000 0.224640
vt 0.497760 0.059040
vt 0.492800 0.050970
vt 0.473860 0.056750
vt 0.477200 0.066590
vt 0.502110 0.070940
vt 0.481380 0.078780
vt 0.506280 0.081580
vt 0.485380 0.090240
vt 0.510160 0.092550
vt 0.489020 0.101220
vt 0.510960 0.102070
vt 0.492220 0.110860
vt 0.449430 0.065280
vt 0.452760 0.075800
vt 0.457010 0.088700
vt 0.460790 0.100120
vt 0.465090 0.112470
vt 0.468950 0.123030
vt 0.424850 0.074420
vt 0.428550 0.085910
vt 0.432140 0.097270
vt 0.436000 0.108990
vt 0.440200 0.121280
vt 0.443850 0.131580
vt 0.399730 0.082010
vt 0.403010 0.092730
vt 0.406850 0.105090
vt 0.410580 0.116990
vt 0.414530 0.129280
vt 0.417890 0.139600
vt 0.374430 0.089480
vt 0.377490 0.100000
vt 0.381070 0.112060
vt 0.384730 0.124320
vt 0.388440 0.136660
vt 0.391520 0.147030
vt 0.348550 0.095920
vt 0.351660 0.106740
vt 0.355260 0.119110
vt 0.358730 0.131180
vt 0.362240 0.143650
vt 0.365140 0.154180
vt 0.322610 0.102750
vt 0.325810 0.113640
vt 0.329170 0.125020
vt 0.332700 0.137490
vt 0.336100 0.150010
vt 0.338840 0.160620
vt 0.296230 0.109000
vt 0.299770 0.119830
vt 0.303230 0.131330
vt 0.306720 0.143590
vt 0.310030 0.155890
vt 0.312640 0.166140
vt 0.270540 0.117140
vt 0.273840 0.126770
vt 0.277330 0.138540
vt 0.280610 0.150190
vt 0.283950 0.162040
vt 0.286810 0.172570
vt 0.253280 0.126220
vt 0.253000 0.134030
vt 0.255210 0.144410
vt 0.258500 0.156300
vt 0.263450 0.169540
vt 0.268620 0.177660
vt 0.539080 0.160850
vt 0.550720 0.144980
vt 0.543600 0.138130
vt 0.529280 0.155910
vt 0.534490 0.132080
vt 0.519510 0.150090
vt 0.525510 0.125860
vt 0.510330 0.142640
vt 0.517810 0.118830
vt 0.502580 0.133590
vt 0.510640 0.112970
vt 0.497030 0.124800
vt 0.525810 0.182310
vt 0.515660 0.178480
vt 0.502290 0.171350
vt 0.488150 0.162230
vt 0.480830 0.149560
vt 0.475440 0.138970
vt 0.420250 0.060000
vt 0.444970 0.050440
vt 0.441400 0.040980
vt 0.417080 0.050370
vt 0.463050 0.193880
vt 0.490360 0.188280
vt 0.488770 0.175600
vt 0.460330 0.181530
vt 0.457550 0.169220
vt 0.453570 0.157310
vt 0.449740 0.147060
vt 0.395070 0.067290
vt 0.392270 0.057230
vt 0.436150 0.201400
vt 0.432840 0.189430
vt 0.429490 0.177220
vt 0.425900 0.165100
vt 0.422640 0.154630
vt 0.369930 0.074360
vt 0.367170 0.064310
vt 0.408880 0.209720
vt 0.405520 0.197630
vt 0.402200 0.185330
vt 0.398830 0.173060
vt 0.395910 0.162710
vt 0.344480 0.081030
vt 0.341750 0.070820
vt 0.381100 0.217700
vt 0.378050 0.205520
vt 0.375060 0.193000
vt 0.372010 0.180490
vt 0.369350 0.169960
vt 0.318340 0.087580
vt 0.316040 0.077860
vt 0.352460 0.225750
vt 0.350400 0.212790
vt 0.348000 0.199890
vt 0.345340 0.187080
vt 0.342850 0.175990
vt 0.324610 0.239860
vt 0.352460 0.236030
vt 0.324000 0.229870
vt 0.322750 0.217340
vt 0.320970 0.204850
vt 0.318760 0.192320
vt 0.316300 0.180830
vt 0.296620 0.243960
vt 0.296040 0.233620
vt 0.295140 0.221540
vt 0.293880 0.209320
vt 0.292440 0.196920
vt 0.291080 0.186420
vt 0.275160 0.241480
vt 0.272960 0.233220
vt 0.272360 0.223220
vt 0.271410 0.210290
vt 0.270590 0.196730
vt 0.272410 0.187340
vt 0.556590 0.140380
vt 0.561260 0.135090
vt 0.555250 0.127060
vt 0.548950 0.132490
vt 0.545740 0.118190
vt 0.539790 0.124990
vt 0.535840 0.111350
vt 0.530770 0.118850
vt 0.523770 0.104130
vt 0.521850 0.112010
vt 0.511140 0.106790
vt 0.494200 0.117580
vt 0.472070 0.130960
vt 0.446860 0.139620
vt 0.420330 0.147260
vt 0.393780 0.154990
vt 0.367290 0.162130
vt 0.340920 0.168490
vt 0.314650 0.174040
vt 0.289000 0.179340
vt 0.266920 0.182750
vt 0.256980 0.172910
vt 0.250590 0.159110
vt 0.246360 0.146490
vt 0.244580 0.135410
vt 0.246930 0.123100
vt 0.262410 0.194690
vt 0.262690 0.209870
vt 0.263630 0.223550
vt 0.263790 0.234540
vt 0.268040 0.244180
vt 0.267300 0.110320
vt 0.293740 0.101820
vt 0.320350 0.094820
vt 0.346490 0.088470
vt 0.372060 0.081680
vt 0.397450 0.074910
vt 0.422810 0.067800
vt 0.447190 0.057900
vt 0.471490 0.049980
vt 0.492820 0.044400
vt 0.245270 0.116040
vt 0.263420 0.103160
vt 0.291080 0.094400
vt 0.469380 0.042640
vt 0.488820 0.038960
vt 0.896130 0.857730
vt 0.909790 0.847900
vt 0.907720 0.840050
vt 0.891760 0.849870
vt 0.876710 0.869450
vt 0.872580 0.861420
vt 0.856100 0.880470
vt 0.852620 0.872370
vt 0.834700 0.891140
vt 0.832550 0.882890
vt 0.816000 0.892410
vt 0.813240 0.886390
vt 0.903280 0.831120
vt 0.887090 0.840840
vt 0.867980 0.852360
vt 0.848530 0.863390
vt 0.829040 0.873660
vt 0.810700 0.879190
vt 0.899080 0.822530
vt 0.882690 0.832010
vt 0.863220 0.843120
vt 0.844000 0.854080
vt 0.824920 0.864530
vt 0.807940 0.872380
vt 0.894570 0.813830
vt 0.877790 0.822960
vt 0.858180 0.833780
vt 0.839180 0.844710
vt 0.820500 0.855700
vt 0.804250 0.864810
vt 0.889530 0.804910
vt 0.872670 0.813800
vt 0.852960 0.824470
vt 0.834110 0.835440
vt 0.816010 0.846880
vt 0.800570 0.856500
vt 0.884430 0.795940
vt 0.867460 0.804670
vt 0.847550 0.815210
vt 0.828700 0.826240
vt 0.811280 0.838110
vt 0.796850 0.848250
vt 0.879430 0.787060
vt 0.862250 0.795550
vt 0.841980 0.806000
vt 0.822830 0.817140
vt 0.806000 0.829400
vt 0.793180 0.840210
vt 0.874600 0.778480
vt 0.857210 0.786440
vt 0.836310 0.796870
vt 0.816670 0.808790
vt 0.799440 0.821130
vt 0.789350 0.832550
vt 0.869430 0.770400
vt 0.852500 0.777390
vt 0.830710 0.787920
vt 0.810160 0.800980
vt 0.790880 0.813950
vt 0.785220 0.825590
vt 0.864820 0.764170
vt 0.848980 0.769490
vt 0.826250 0.780370
vt 0.804530 0.794550
vt 0.780890 0.810060
vt 0.781630 0.820090
vt 0.694950 0.923260
vt 0.697150 0.930820
vt 0.715450 0.929540
vt 0.714220 0.920850
vt 0.738380 0.925310
vt 0.736740 0.917000
vt 0.762040 0.919790
vt 0.759970 0.911540
vt 0.787830 0.914050
vt 0.784380 0.906200
vt 0.808770 0.902160
vt 0.804070 0.895660
vt 0.693360 0.913760
vt 0.712410 0.911590
vt 0.734700 0.907490
vt 0.757430 0.902650
vt 0.780290 0.897110
vt 0.798510 0.887400
vt 0.691810 0.904990
vt 0.710460 0.902040
vt 0.732460 0.897540
vt 0.754590 0.892850
vt 0.776430 0.887330
vt 0.794100 0.879780
vt 0.689580 0.895890
vt 0.708380 0.892050
vt 0.730110 0.887140
vt 0.751620 0.882450
vt 0.772880 0.877520
vt 0.790180 0.871630
vt 0.687520 0.886210
vt 0.706250 0.881960
vt 0.727730 0.876650
vt 0.748790 0.871940
vt 0.769590 0.867750
vt 0.786810 0.862880
vt 0.685320 0.876620
vt 0.704100 0.871930
vt 0.725360 0.866070
vt 0.746170 0.861220
vt 0.766600 0.857900
vt 0.783520 0.854310
vt 0.683370 0.867180
vt 0.701810 0.861970
vt 0.722960 0.855430
vt 0.743900 0.850280
vt 0.764120 0.847820
vt 0.780510 0.846040
vt 0.681840 0.858080
vt 0.699310 0.852270
vt 0.720550 0.844910
vt 0.742390 0.839810
vt 0.762830 0.837290
vt 0.777950 0.838150
vt 0.680570 0.849300
vt 0.696520 0.842830
vt 0.717950 0.834490
vt 0.741700 0.830070
vt 0.763570 0.826610
vt 0.776410 0.830730
vt 0.679950 0.842190
vt 0.693240 0.835150
vt 0.715190 0.826170
vt 0.741280 0.821180
vt 0.767580 0.816400
vt 0.775560 0.824080
vt 0.914180 0.851910
vt 0.899260 0.863510
vt 0.879620 0.875000
vt 0.858340 0.886230
vt 0.835310 0.897560
vt 0.811910 0.896880
vt 0.915570 0.857590
vt 0.902170 0.868520
vt 0.882600 0.880440
vt 0.860660 0.891870
vt 0.836180 0.904290
vt 0.807950 0.889920
vt 0.804460 0.882700
vt 0.800980 0.875580
vt 0.797150 0.868390
vt 0.793590 0.860080
vt 0.790330 0.851640
vt 0.787000 0.843640
vt 0.783950 0.835990
vt 0.781440 0.828890
vt 0.778800 0.822040
vt 0.772920 0.809400
vt 0.800320 0.789560
vt 0.822950 0.775530
vt 0.712840 0.820250
vt 0.709580 0.815160
vt 0.686090 0.825070
vt 0.689930 0.829920
vt 0.671220 0.837160
vt 0.675250 0.840550
vt 0.740060 0.814310
vt 0.666900 0.846460
vt 0.673360 0.849080
vt 0.666720 0.857760
vt 0.674160 0.858530
vt 0.667440 0.868870
vt 0.675260 0.868240
vt 0.669380 0.879580
vt 0.677290 0.878170
vt 0.671840 0.889830
vt 0.679780 0.887980
vt 0.673900 0.899880
vt 0.682070 0.897770
vt 0.676470 0.909330
vt 0.684090 0.907030
vt 0.678500 0.918530
vt 0.685370 0.915880
vt 0.681320 0.928110
vt 0.687430 0.925060
vt 0.684870 0.935310
vt 0.690980 0.933620
vt 0.968910 0.725390
vt 0.967580 0.715080
vt 0.962540 0.714300
vt 0.963200 0.725960
vt 0.971010 0.740070
vt 0.965010 0.740300
vt 0.972340 0.754640
vt 0.966300 0.754570
vt 0.971760 0.769070
vt 0.965890 0.768650
vt 0.971320 0.785300
vt 0.965320 0.784070
vt 0.967630 0.803460
vt 0.962490 0.800630
vt 0.957150 0.820310
vt 0.953910 0.815660
vt 0.941770 0.827310
vt 0.940960 0.822970
vt 0.955570 0.714390
vt 0.956040 0.725810
vt 0.957530 0.740240
vt 0.959000 0.754440
vt 0.958970 0.768150
vt 0.958800 0.782600
vt 0.956920 0.797490
vt 0.951040 0.810700
vt 0.941570 0.817730
vt 0.948100 0.714260
vt 0.948450 0.725550
vt 0.949750 0.739970
vt 0.951490 0.754110
vt 0.951790 0.767470
vt 0.952220 0.781260
vt 0.951160 0.794650
vt 0.947780 0.806260
vt 0.941800 0.813060
vt 0.941740 0.715410
vt 0.941800 0.725540
vt 0.942690 0.739900
vt 0.945390 0.754230
vt 0.945610 0.767150
vt 0.946240 0.780370
vt 0.945760 0.792770
vt 0.943830 0.803240
vt 0.941310 0.809370
vt 0.907130 0.720870
vt 0.902490 0.723010
vt 0.901380 0.732020
vt 0.907410 0.731410
vt 0.899790 0.745940
vt 0.905970 0.745730
vt 0.901210 0.759340
vt 0.907930 0.758440
vt 0.903910 0.772210
vt 0.910130 0.770900
vt 0.906400 0.785850
vt 0.911720 0.784190
vt 0.909870 0.800010
vt 0.914580 0.797530
vt 0.915050 0.812500
vt 0.918420 0.809240
vt 0.923120 0.820380
vt 0.925850 0.818430
vt 0.913310 0.718960
vt 0.914340 0.730080
vt 0.913370 0.744850
vt 0.915590 0.757130
vt 0.917080 0.769440
vt 0.918190 0.782320
vt 0.920210 0.794890
vt 0.923310 0.806060
vt 0.928750 0.815050
vt 0.919440 0.716770
vt 0.921020 0.728720
vt 0.921600 0.742930
vt 0.923140 0.756050
vt 0.923980 0.768360
vt 0.924770 0.780860
vt 0.926010 0.792650
vt 0.927750 0.803060
vt 0.931500 0.811770
vt 0.925350 0.716130
vt 0.926650 0.727070
vt 0.927910 0.741550
vt 0.929580 0.755390
vt 0.929760 0.767800
vt 0.930450 0.780050
vt 0.931150 0.791390
vt 0.932280 0.801190
vt 0.933330 0.808710
vt 0.897650 0.719790
vt 0.891670 0.717060
vt 0.887160 0.728750
vt 0.894100 0.730840
vt 0.885000 0.744680
vt 0.892290 0.745450
vt 0.885550 0.759510
vt 0.893160 0.759570
vt 0.888490 0.773610
vt 0.896190 0.773060
vt 0.891420 0.789540
vt 0.898980 0.787840
vt 0.896790 0.806960
vt 0.903430 0.803520
vt 0.906660 0.822860
vt 0.911380 0.817710
vt 0.917770 0.830250
vt 0.925590 0.826250
vt 0.931540 0.823250
vt 0.934650 0.818340
vt 0.936550 0.813840
vt 0.937540 0.809460
vt 0.938130 0.801370
vt 0.938450 0.791380
vt 0.938370 0.779790
vt 0.937630 0.767180
vt 0.937690 0.754710
vt 0.934750 0.740510
vt 0.934160 0.726150
vt 0.934220 0.714710
vt 0.920430 0.707470
vt 0.915340 0.701790
vt 0.909070 0.703260
vt 0.913940 0.709100
vt 0.901560 0.706410
vt 0.907420 0.711790
vt 0.894770 0.711360
vt 0.902150 0.715620
vt 0.970250 0.639840
vt 0.968840 0.647730
vt 0.970760 0.653900
vt 0.977290 0.643140
vt 0.969940 0.626740
vt 0.978440 0.627560
vt 0.967400 0.611620
vt 0.976410 0.610850
vt 0.963610 0.595930
vt 0.972640 0.594060
vt 0.958820 0.580310
vt 0.967460 0.577580
vt 0.952390 0.564600
vt 0.960690 0.561390
vt 0.945390 0.548610
vt 0.953210 0.545170
vt 0.938350 0.536380
vt 0.946370 0.531690
vt 0.972690 0.660970
vt 0.983740 0.648710
vt 0.988180 0.629650
vt 0.986940 0.610540
vt 0.983090 0.592160
vt 0.977660 0.574340
vt 0.970380 0.557700
vt 0.962840 0.541440
vt 0.956640 0.528040
vt 0.975540 0.668420
vt 0.991150 0.654240
vt 0.998040 0.632030
vt 0.997660 0.610180
vt 0.993690 0.589960
vt 0.987830 0.570530
vt 0.979920 0.553810
vt 0.973040 0.538100
vt 0.966950 0.525450
vt 0.919010 0.674620
vt 0.934470 0.681950
vt 0.933990 0.674900
vt 0.923720 0.667060
vt 0.904920 0.659430
vt 0.911820 0.653850
vt 0.895140 0.641510
vt 0.902740 0.637080
vt 0.887550 0.623610
vt 0.895440 0.619700
vt 0.880650 0.606680
vt 0.888660 0.601930
vt 0.995550 0.565480
vt 0.987970 0.550040
vt 0.982010 0.534970
vt 0.975270 0.524210
vt 0.958190 0.654750
vt 0.960540 0.648730
vt 0.958290 0.640290
vt 0.951280 0.644850
vt 0.954950 0.628650
vt 0.947350 0.631830
vt 0.951490 0.614860
vt 0.943080 0.617630
vt 0.947440 0.600310
vt 0.938770 0.602980
vt 0.943250 0.585300
vt 0.934340 0.588040
vt 0.938080 0.570390
vt 0.929790 0.572920
vt 0.935400 0.555210
vt 0.925930 0.557890
vt 0.931640 0.544320
vt 0.922880 0.545120
vt 0.955440 0.661620
vt 0.946090 0.650860
vt 0.938970 0.636440
vt 0.933420 0.621570
vt 0.928490 0.606560
vt 0.923810 0.591230
vt 0.919570 0.575660
vt 0.916190 0.560220
vt 0.914220 0.547410
vt 0.950610 0.668430
vt 0.940330 0.655910
vt 0.931000 0.641390
vt 0.924010 0.625960
vt 0.918190 0.610310
vt 0.913270 0.594390
vt 0.909390 0.578220
vt 0.905550 0.563370
vt 0.904880 0.549790
vt 0.940220 0.667600
vt 0.932660 0.658580
vt 0.924060 0.645360
vt 0.916240 0.629780
vt 0.909720 0.613610
vt 0.904240 0.597060
vt 0.900210 0.580440
vt 0.895670 0.565700
vt 0.896680 0.552460
vt 0.965100 0.648530
vt 0.964630 0.639040
vt 0.962250 0.627140
vt 0.959310 0.612940
vt 0.955460 0.597990
vt 0.951070 0.582790
vt 0.945280 0.567540
vt 0.941180 0.551830
vt 0.934460 0.539730
vt 0.926280 0.532570
vt 0.923650 0.539140
vt 0.912070 0.533270
vt 0.913290 0.540280
vt 0.899100 0.537230
vt 0.902820 0.543110
vt 0.890770 0.542070
vt 0.892400 0.548560
vt 0.886150 0.549390
vt 0.883110 0.563630
vt 0.889160 0.565000
vt 0.884760 0.582010
vt 0.892230 0.581400
vt 0.896170 0.599430
vt 0.902490 0.616550
vt 0.909620 0.633290
vt 0.918180 0.649260
vt 0.927980 0.662360
vt 0.937270 0.671920
vt 0.944070 0.677720
vt 0.963820 0.670970
vt 0.964320 0.663270
vt 0.964310 0.656210
vt 0.247660 0.041390
vt 0.233960 0.029420
vt 0.233270 0.033010
vt 0.244070 0.044820
vt 0.252900 0.060650
vt 0.247580 0.061680
vt 0.251320 0.079910
vt 0.245930 0.079160
vt 0.246730 0.098010
vt 0.241530 0.096110
vt 0.239340 0.115300
vt 0.234840 0.112250
vt 0.227950 0.131750
vt 0.224540 0.127510
vt 0.209570 0.143260
vt 0.209040 0.138370
vt 0.188860 0.140780
vt 0.192290 0.138930
vt 0.232650 0.038040
vt 0.239980 0.048280
vt 0.241750 0.063020
vt 0.239640 0.078390
vt 0.235510 0.093940
vt 0.229490 0.108780
vt 0.221010 0.122560
vt 0.209000 0.133090
vt 0.196150 0.135890
vt 0.231380 0.042380
vt 0.235620 0.051280
vt 0.235740 0.063980
vt 0.233210 0.077540
vt 0.229360 0.091750
vt 0.223980 0.105350
vt 0.217170 0.117790
vt 0.208350 0.127930
vt 0.198770 0.132360
vt 0.229450 0.045130
vt 0.231250 0.053050
vt 0.230350 0.064400
vt 0.227500 0.076630
vt 0.223920 0.089840
vt 0.218990 0.102500
vt 0.213370 0.114040
vt 0.206600 0.123730
vt 0.200510 0.128880
vt 0.217080 0.034790
vt 0.215760 0.031940
vt 0.206210 0.037490
vt 0.208470 0.041630
vt 0.196880 0.048770
vt 0.200590 0.052230
vt 0.189180 0.061940
vt 0.194190 0.064610
vt 0.183660 0.076470
vt 0.189120 0.078120
vt 0.179280 0.091420
vt 0.184960 0.091940
vt 0.177250 0.106380
vt 0.182680 0.105560
vt 0.177840 0.120530
vt 0.182000 0.117980
vt 0.183670 0.129550
vt 0.186100 0.128140
vt 0.218990 0.038390
vt 0.211490 0.046000
vt 0.205350 0.055950
vt 0.200070 0.067520
vt 0.195570 0.080140
vt 0.191520 0.092860
vt 0.188780 0.105150
vt 0.186920 0.116430
vt 0.188860 0.126300
vt 0.220750 0.042440
vt 0.214810 0.050120
vt 0.210180 0.059580
vt 0.206140 0.070230
vt 0.202140 0.082320
vt 0.198110 0.094250
vt 0.194910 0.105590
vt 0.191890 0.115870
vt 0.191510 0.124780
vt 0.222090 0.046320
vt 0.218640 0.053090
vt 0.215080 0.061930
vt 0.211620 0.072320
vt 0.207930 0.084260
vt 0.203830 0.095860
vt 0.200250 0.106550
vt 0.196390 0.116110
vt 0.193840 0.123460
vt 0.219150 0.026500
vt 0.213510 0.021000
vt 0.199720 0.025560
vt 0.203950 0.031790
vt 0.186250 0.038580
vt 0.191690 0.043740
vt 0.175590 0.054460
vt 0.182330 0.058130
vt 0.168700 0.071780
vt 0.176130 0.074150
vt 0.163920 0.090170
vt 0.171460 0.090900
vt 0.163060 0.110440
vt 0.169970 0.108320
vt 0.170390 0.131420
vt 0.173550 0.125760
vt 0.185280 0.135740
vt 0.188730 0.134270
vt 0.191730 0.132020
vt 0.194410 0.129510
vt 0.197000 0.126680
vt 0.201960 0.119050
vt 0.207170 0.109770
vt 0.211590 0.098880
vt 0.216070 0.087090
vt 0.219550 0.074750
vt 0.222820 0.064040
vt 0.225300 0.054300
vt 0.225880 0.045360
vt 0.226280 0.040490
vt 0.226160 0.035820
vt 0.223880 0.031070
vt 0.843560 0.173590
vt 0.837770 0.176120
vt 0.832360 0.182350
vt 0.842490 0.186640
vt 0.850860 0.164630
vt 0.858320 0.176770
vt 0.856000 0.153960
vt 0.867760 0.162900
vt 0.859650 0.141520
vt 0.873010 0.148530
vt 0.860850 0.130930
vt 0.875790 0.137000
vt 0.814720 0.186220
vt 0.818090 0.195960
vt 0.848530 0.078120
vt 0.850830 0.066230
vt 0.833050 0.062720
vt 0.830530 0.074660
vt 0.846780 0.090060
vt 0.828540 0.086570
vt 0.845580 0.102440
vt 0.826800 0.098470
vt 0.845420 0.113500
vt 0.825200 0.108260
vt 0.795830 0.185890
vt 0.796370 0.196220
vt 0.814760 0.059010
vt 0.812310 0.070870
vt 0.810160 0.082770
vt 0.808090 0.094650
vt 0.806250 0.104430
vt 0.777340 0.184110
vt 0.776910 0.194540
vt 0.795960 0.055570
vt 0.793790 0.067380
vt 0.791750 0.079340
vt 0.789740 0.091300
vt 0.787930 0.101320
vt 0.760030 0.182050
vt 0.758560 0.192320
vt 0.777090 0.052440
vt 0.775070 0.064460
vt 0.773320 0.076470
vt 0.771580 0.088500
vt 0.770090 0.098800
vt 0.743330 0.180010
vt 0.740820 0.190320
vt 0.758610 0.049870
vt 0.756310 0.062120
vt 0.754890 0.074260
vt 0.753440 0.086510
vt 0.752170 0.096980
vt 0.726170 0.177530
vt 0.722380 0.187750
vt 0.739310 0.047960
vt 0.737460 0.060300
vt 0.736440 0.072680
vt 0.735390 0.084630
vt 0.734290 0.095140
vt 0.705750 0.173550
vt 0.703610 0.183610
vt 0.719030 0.046800
vt 0.718600 0.058990
vt 0.718070 0.071330
vt 0.717410 0.083210
vt 0.716660 0.093440
vt 0.687360 0.170180
vt 0.685870 0.180330
vt 0.699490 0.046450
vt 0.700400 0.058650
vt 0.701260 0.070950
vt 0.700570 0.082710
vt 0.699340 0.092750
vt 0.696330 0.036300
vt 0.684360 0.040520
vt 0.685170 0.049450
vt 0.686490 0.060130
vt 0.687730 0.071710
vt 0.686200 0.083770
vt 0.686690 0.092730
vt 0.825470 0.172360
vt 0.832630 0.171270
vt 0.836410 0.165150
vt 0.825140 0.162890
vt 0.840640 0.156550
vt 0.827520 0.152620
vt 0.844480 0.147830
vt 0.830990 0.142690
vt 0.848030 0.138530
vt 0.835300 0.132620
vt 0.850710 0.131980
vt 0.839780 0.123620
vt 0.811940 0.173790
vt 0.811240 0.163410
vt 0.812230 0.151300
vt 0.815030 0.139840
vt 0.818680 0.128700
vt 0.821620 0.119360
vt 0.795450 0.173560
vt 0.795580 0.162810
vt 0.796580 0.150230
vt 0.798610 0.138000
vt 0.801400 0.126080
vt 0.803790 0.116290
vt 0.778040 0.171570
vt 0.778800 0.161000
vt 0.780070 0.148550
vt 0.781820 0.136100
vt 0.784050 0.123850
vt 0.785950 0.113620
vt 0.761650 0.169790
vt 0.761740 0.158790
vt 0.762980 0.146390
vt 0.764610 0.134060
vt 0.766470 0.121740
vt 0.768090 0.111190
vt 0.745950 0.168890
vt 0.745980 0.157630
vt 0.745780 0.144310
vt 0.747200 0.131970
vt 0.748890 0.119650
vt 0.750340 0.109180
vt 0.727730 0.166070
vt 0.728090 0.154840
vt 0.728290 0.141940
vt 0.729690 0.129770
vt 0.731340 0.117660
vt 0.732720 0.107250
vt 0.708660 0.162360
vt 0.709440 0.151780
vt 0.710440 0.139520
vt 0.711990 0.127600
vt 0.713710 0.115820
vt 0.715220 0.105640
vt 0.690810 0.158700
vt 0.692060 0.148750
vt 0.693010 0.137170
vt 0.695170 0.125410
vt 0.697340 0.113870
vt 0.698280 0.104200
vt 0.679840 0.156440
vt 0.678290 0.147220
vt 0.679220 0.135880
vt 0.681840 0.123490
vt 0.683790 0.110950
vt 0.686680 0.101950
vt 0.835320 0.173520
vt 0.840750 0.168540
vt 0.846360 0.160370
vt 0.850610 0.150910
vt 0.854170 0.140560
vt 0.856140 0.131290
vt 0.843290 0.118580
vt 0.823780 0.113760
vt 0.805290 0.110400
vt 0.786950 0.107680
vt 0.769050 0.105190
vt 0.751260 0.103020
vt 0.733520 0.101310
vt 0.716020 0.099490
vt 0.698930 0.098160
vt 0.683660 0.097270
vt 0.679960 0.084730
vt 0.681310 0.071940
vt 0.680240 0.060600
vt 0.679040 0.050430
vt 0.679500 0.040190
vt 0.678100 0.109200
vt 0.675600 0.122320
vt 0.672990 0.135140
vt 0.671780 0.147730
vt 0.676030 0.159930
vt 0.674730 0.164830
vt 0.689300 0.164550
vt 0.707180 0.167980
vt 0.727280 0.172120
vt 0.744690 0.174020
vt 0.761070 0.175900
vt 0.777680 0.177500
vt 0.795570 0.179320
vt 0.813040 0.180080
vt 0.828180 0.177970
vt 0.850870 0.501170
vt 0.851740 0.510150
vt 0.859090 0.512250
vt 0.859530 0.501520
vt 0.850710 0.488320
vt 0.859960 0.488670
vt 0.851720 0.475350
vt 0.860850 0.476310
vt 0.853320 0.462810
vt 0.862080 0.464270
vt 0.855840 0.453970
vt 0.862280 0.454100
vt 0.870260 0.513720
vt 0.871090 0.502780
vt 0.871620 0.489360
vt 0.872300 0.477160
vt 0.873040 0.464660
vt 0.872690 0.453830
vt 0.881520 0.514510
vt 0.882170 0.503440
vt 0.882760 0.489350
vt 0.883310 0.477190
vt 0.883770 0.464590
vt 0.883790 0.453670
vt 0.892840 0.514830
vt 0.893300 0.503780
vt 0.893820 0.489680
vt 0.894290 0.477220
vt 0.894600 0.464610
vt 0.894530 0.453760
vt 0.904070 0.515010
vt 0.904400 0.503930
vt 0.904830 0.490060
vt 0.905260 0.477580
vt 0.905530 0.464530
vt 0.905420 0.453560
vt 0.915290 0.515090
vt 0.915440 0.503850
vt 0.915800 0.490050
vt 0.916160 0.477170
vt 0.916480 0.464340
vt 0.916540 0.452930
vt 0.926400 0.515020
vt 0.926270 0.503750
vt 0.926430 0.489940
vt 0.926990 0.477100
vt 0.927530 0.464250
vt 0.927840 0.452440
vt 0.937170 0.514440
vt 0.936760 0.503250
vt 0.937340 0.490300
vt 0.938060 0.477100
vt 0.938560 0.464290
vt 0.939140 0.452960
vt 0.949070 0.515590
vt 0.947870 0.503610
vt 0.948420 0.490540
vt 0.949160 0.477660
vt 0.949380 0.464760
vt 0.950070 0.454130
vt 0.958180 0.514510
vt 0.956760 0.503550
vt 0.957570 0.490950
vt 0.958520 0.477830
vt 0.958270 0.464780
vt 0.957600 0.455190
vt 0.860020 0.381460
vt 0.851380 0.382530
vt 0.850230 0.392370
vt 0.860100 0.392380
vt 0.850060 0.405660
vt 0.859970 0.405390
vt 0.849920 0.419350
vt 0.859740 0.418960
vt 0.849930 0.433640
vt 0.859700 0.432060
vt 0.850600 0.445420
vt 0.858230 0.444150
vt 0.871250 0.381880
vt 0.871290 0.392420
vt 0.871270 0.405340
vt 0.871280 0.418270
vt 0.871610 0.431010
vt 0.870420 0.443140
vt 0.882340 0.382570
vt 0.882490 0.392400
vt 0.882600 0.405270
vt 0.882720 0.418010
vt 0.883070 0.430690
vt 0.883680 0.441560
vt 0.893520 0.382110
vt 0.893700 0.392620
vt 0.893900 0.405090
vt 0.894100 0.417990
vt 0.894380 0.430830
vt 0.894620 0.441720
vt 0.904710 0.381630
vt 0.904910 0.392300
vt 0.905170 0.405020
vt 0.905370 0.417990
vt 0.905630 0.430890
vt 0.905750 0.442050
vt 0.915840 0.381670
vt 0.916100 0.392400
vt 0.916440 0.405000
vt 0.916680 0.418020
vt 0.916810 0.430990
vt 0.916910 0.441770
vt 0.926950 0.381680
vt 0.927250 0.392370
vt 0.927630 0.405130
vt 0.927760 0.418340
vt 0.928030 0.431150
vt 0.927940 0.441880
vt 0.937810 0.381510
vt 0.938150 0.392580
vt 0.938480 0.405510
vt 0.939190 0.418450
vt 0.939400 0.431450
vt 0.938900 0.442180
vt 0.948350 0.381330
vt 0.949020 0.392200
vt 0.949860 0.405170
vt 0.950430 0.418650
vt 0.950500 0.432200
vt 0.949930 0.443290
vt 0.957010 0.381310
vt 0.958550 0.391180
vt 0.959280 0.404610
vt 0.959830 0.418390
vt 0.959790 0.432850
vt 0.958760 0.444650
vt 0.847830 0.513200
vt 0.845090 0.501510
vt 0.844500 0.488300
vt 0.845790 0.474460
vt 0.847930 0.460370
vt 0.852900 0.449920
vt 0.841800 0.512260
vt 0.838070 0.502400
vt 0.837790 0.488370
vt 0.840250 0.473980
vt 0.843030 0.458170
vt 0.859850 0.449480
vt 0.871060 0.448810
vt 0.883940 0.448060
vt 0.894570 0.447810
vt 0.905600 0.447330
vt 0.916760 0.446770
vt 0.927900 0.447140
vt 0.939050 0.447090
vt 0.950270 0.448200
vt 0.960430 0.451540
vt 0.963150 0.464460
vt 0.964600 0.478140
vt 0.963580 0.491710
vt 0.962010 0.505020
vt 0.960120 0.516390
vt 0.965910 0.452920
vt 0.968350 0.464030
vt 0.970760 0.478520
vt 0.969630 0.492610
vt 0.967100 0.506570
vt 0.962560 0.516280
vt 0.950290 0.519940
vt 0.938070 0.520540
vt 0.926580 0.521380
vt 0.915140 0.521320
vt 0.903830 0.521380
vt 0.892550 0.521150
vt 0.881310 0.520360
vt 0.869970 0.519090
vt 0.858180 0.517150
vt 0.957830 0.379160
vt 0.948580 0.377330
vt 0.937630 0.375240
vt 0.926940 0.375460
vt 0.915870 0.375410
vt 0.904630 0.375420
vt 0.893310 0.375820
vt 0.882040 0.376070
vt 0.870830 0.375240
vt 0.859850 0.374790
vt 0.850640 0.376660
vt 0.966640 0.049470
vt 0.964410 0.038410
vt 0.956160 0.038550
vt 0.957960 0.051260
vt 0.969600 0.062050
vt 0.960670 0.063930
vt 0.972570 0.075210
vt 0.963470 0.076740
vt 0.974920 0.088650
vt 0.965570 0.089550
vt 0.974640 0.099160
vt 0.966820 0.100150
vt 0.945350 0.039710
vt 0.947410 0.052840
vt 0.950180 0.065830
vt 0.952740 0.078530
vt 0.954850 0.091130
vt 0.956360 0.101710
vt 0.934600 0.041130
vt 0.937020 0.054700
vt 0.939490 0.067520
vt 0.942010 0.080280
vt 0.944200 0.092880
vt 0.945920 0.103400
vt 0.923960 0.043080
vt 0.926340 0.056330
vt 0.928870 0.069270
vt 0.931380 0.082080
vt 0.933730 0.094820
vt 0.935610 0.105390
vt 0.913160 0.044990
vt 0.915760 0.058230
vt 0.918380 0.071160
vt 0.920940 0.084050
vt 0.923370 0.096860
vt 0.925340 0.107540
vt 0.902360 0.046850
vt 0.905250 0.060340
vt 0.907970 0.073250
vt 0.910610 0.086130
vt 0.913090 0.098970
vt 0.915040 0.109780
vt 0.891640 0.049180
vt 0.894810 0.062650
vt 0.897610 0.075510
vt 0.900290 0.088270
vt 0.902870 0.101010
vt 0.904770 0.111800
vt 0.881070 0.051960
vt 0.884580 0.065310
vt 0.887290 0.078010
vt 0.889970 0.090560
vt 0.892760 0.102990
vt 0.895000 0.113720
vt 0.870980 0.055840
vt 0.874890 0.068570
vt 0.877040 0.080820
vt 0.879500 0.093120
vt 0.882710 0.105120
vt 0.886260 0.115100
vt 0.864430 0.060350
vt 0.866800 0.070460
vt 0.868350 0.082850
vt 0.870640 0.095570
vt 0.874440 0.108030
vt 0.879800 0.116040
vt 0.982780 0.169030
vt 0.990280 0.166120
vt 0.988710 0.156310
vt 0.980040 0.158460
vt 0.986060 0.143600
vt 0.977270 0.145630
vt 0.983210 0.130590
vt 0.974390 0.133030
vt 0.980860 0.117240
vt 0.971360 0.120630
vt 0.976320 0.108130
vt 0.968620 0.110690
vt 0.972180 0.171840
vt 0.969520 0.161190
vt 0.966730 0.148310
vt 0.963850 0.135800
vt 0.960930 0.123440
vt 0.958500 0.112950
vt 0.961510 0.174520
vt 0.959050 0.163680
vt 0.956140 0.150960
vt 0.953360 0.138300
vt 0.950520 0.125880
vt 0.948280 0.115260
vt 0.950850 0.177090
vt 0.948360 0.166240
vt 0.945550 0.153420
vt 0.942740 0.140810
vt 0.940080 0.128170
vt 0.937920 0.117430
vt 0.940060 0.179560
vt 0.937650 0.168600
vt 0.934870 0.155800
vt 0.932180 0.143070
vt 0.929630 0.130380
vt 0.927550 0.119680
vt 0.929250 0.181570
vt 0.926990 0.170730
vt 0.924240 0.157930
vt 0.921580 0.145170
vt 0.919120 0.132510
vt 0.917200 0.121920
vt 0.918550 0.183520
vt 0.916360 0.172740
vt 0.913590 0.159920
vt 0.910860 0.147160
vt 0.908470 0.134510
vt 0.906950 0.123980
vt 0.908010 0.185510
vt 0.905870 0.174690
vt 0.902980 0.161860
vt 0.900110 0.148960
vt 0.897720 0.136140
vt 0.896950 0.125030
vt 0.897760 0.187600
vt 0.895490 0.176700
vt 0.892490 0.163800
vt 0.889260 0.150770
vt 0.886760 0.137140
vt 0.886460 0.125700
vt 0.889770 0.188250
vt 0.886740 0.178760
vt 0.883590 0.165790
vt 0.880470 0.152630
vt 0.877830 0.138220
vt 0.877350 0.124700
vt 0.965100 0.035920
vt 0.971120 0.046670
vt 0.975500 0.060230
vt 0.978680 0.074000
vt 0.979840 0.088460
vt 0.978020 0.102670
vt 0.992390 0.166580
vt 0.993980 0.155400
vt 0.992110 0.142410
vt 0.989110 0.128990
vt 0.986170 0.114770
vt 0.967830 0.105510
vt 0.957390 0.107220
vt 0.947110 0.109370
vt 0.936710 0.111140
vt 0.926430 0.113570
vt 0.916180 0.116150
vt 0.905900 0.117830
vt 0.896140 0.119270
vt 0.886670 0.120270
vt 0.878760 0.120170
vt 0.869880 0.110720
vt 0.865240 0.097180
vt 0.862890 0.083610
vt 0.861830 0.070030
vt 0.862500 0.058770
vt 0.866050 0.113980
vt 0.859720 0.098810
vt 0.857870 0.084140
vt 0.856770 0.069110
vt 0.861170 0.057850
vt 0.869620 0.052880
vt 0.880170 0.049360
vt 0.890930 0.046510
vt 0.901750 0.044120
vt 0.912660 0.042350
vt 0.923480 0.040490
vt 0.934170 0.038420
vt 0.945000 0.036800
vt 0.955800 0.035670
vt 0.868190 0.050860
vt 0.879220 0.046450
vt 0.890270 0.043850
vt 0.901230 0.041850
vt 0.912180 0.039990
vt 0.923070 0.037750
vt 0.933840 0.035780
vt 0.944770 0.034350
vt 0.955870 0.033070
vt 0.964270 0.033830
s 1
usemtl DefaultMaterial
f 4/1/1 1/2/2 2/3/3
f 2/3/3 3/4/4 4/1/1
f 6/5/5 4/1/1 3/4/4
f 3/4/4 5/6/6 6/5/5
f 8/7/7 6/5/5 5/6/6
f 5/6/6 7/8/8 8/7/7
f 10/9/9 8/7/7 7/8/8
f 7/8/8 9/10/10 10/9/9
f 12/11/11 10/9/9 9/10/10
f 9/10/10 11/12/12 12/11/11
f 3/4/4 2/3/3 13/13/13
f 13/13/13 14/14/14 3/4/4
f 5/6/6 3/4/4 14/14/14
f 14/14/14 15/15/15 5/6/6
f 7/8/8 5/6/6 15/15/15
f 15/15/15 16/16/16 7/8/8
f 9/10/10 7/8/8 16/16/16
f 16/16/16 17/17/17 9/10/10
f 11/12/12 9/10/10 17/17/17
f 17/17/17 18/18/18 11/12/12
f 14/14/14 13/13/13 19/19/19
f 19/19/19 20/20/20 14/14/14
f 15/15/15 14/14/14 20/20/20
f 20/20/20 21/21/21 15/15/15
f 16/16/16 15/15/15 21/21/21
f 21/21/21 22/22/22 16/16/16
f 17/17/17 16/16/16 22/22/22
f 22/22/22 23/23/23 17/17/17
f 18/18/18 17/17/17 23/23/23
f 23/23/23 24/24/24 18/18/18
f 20/20/20 19/19/19 25/25/25
f 25/25/25 26/26/26 20/20/20
f 21/21/21 20/20/20 26/26/26
f 26/26/26 27/27/27 21/21/21
f 22/22/22 21/21/21 27/27/27
f 27/27/27 28/28/28 22/22/22
f 23/23/23 22/22/22 28/28/28
f 28/28/28 29/29/29 23/23/23
f 24/24/24 23/23/23 29/29/29
f 29/29/29 30/30/30 24/24/24
f 26/26/26 25/25/25 31/31/31
f 31/31/31 32/32/32 26/26/26
f 27/27/27 26/26/26 32/32/32
f 32/32/32 33/33/33 27/27/27
f 28/28/28 27/27/27 33/33/33
f 33/33/33 34/34/34 28/28/28
f 29/29/29 28/28/28 34/34/34
f 34/34/34 35/35/35 29/29/29
f 30/30/30 29/29/29 35/35/35
f 35/35/35 36/36/36 30/30/30
f 32/32/32 31/31/31 37/37/37
f 37/37/37 38/38/38 32/32/32
f 33/33/33 32/32/32 38/38/38
f 38/38/38 39/39/39 33/33/33
f 34/34/34 33/33/33 39/39/39
f 39/39/39 40/40/40 34/34/34
f 35/35/35 34/34/34 40/40/40
f 40/40/40 41/41/41 35/35/35
f 36/36/36 35/35/35 41/41/41
f 41/41/41 42/42/42 36/36/36
f 38/38/38 37/37/37 43/43/43
f 43/43/43 44/44/44 38/38/38
f 39/39/39 38/38/38 44/44/44
f 44/44/44 45/45/45 39/39/39
f 40/40/40 39/39/39 45/45/45
f 45/45/45 46/46/46 40/40/40
f 41/41/41 40/40/40 46/46/46
f 46/46/46 47/47/47 41/41/41
f 42/42/42 41/41/41 47/47/47
f 47/47/47 48/48/48 42/42/42
f 44/44/44 43/43/43 49/49/49
f 49/49/49 50/50/50 44/44/44
f 45/45/45 44/44/44 50/50/50
f 50/50/50 51/51/51 45/45/45
f 46/46/46 45/45/45 51/51/51
f 51/51/51 52/52/52 46/46/46
f 47/47/47 46/46/46 52/52/52
f 52/52/52 53/53/53 47/47/47
f 48/48/48 47/47/47 53/53/53
f 53/53/53 54/54/54 48/48/48
f 50/50/50 49/49/49 55/55/55
f 55/55/55 56/56/56 50/50/50
f 51/51/51 50/50/50 56/56/56
f 56/56/56 57/57/57 51/51/51
f 52/52/52 51/51/51 57/57/57
f 57/57/57 58/58/58 52/52/52
f 53/53/53 52/52/52 58/58/58
f 58/58/58 59/59/59 53/53/53
f 54/54/54 53/53/53 59/59/59
f 59/59/59 60/60/60 54/54/54
f 56/56/56 55/55/55 61/61/61
f 61/61/61 62/62/62 56/56/56
f 57/57/57 56/56/56 62/62/62
f 62/62/62 63/63/63 57/57/57
f 58/58/58 57/57/57 63/63/63
f 63/63/63 64/64/64 58/58/58
f 59/59/59 58/58/58 64/64/64
f 64/64/64 65/65/65 59/59/59
f 60/60/60 59/59/59 65/65/65
f 65/65/65 66/66/66 60/60/60
f 70/67/67 67/68/68 68/69/69
f 68/69/69 69/70/70 70/67/67
f 69/70/70 68/69/69 71/71/71
f 71/71/71 72/72/72 69/70/70
f 72/72/72 71/71/71 73/73/73
f 73/73/73 74/74/74 72/72/72
f 74/74/74 73/73/73 75/75/75
f 75/75/75 76/76/76 74/74/74
f 76/76/76 75/75/75 77/77/77
f 77/77/77 78/78/78 76/76/76
f 80/79/79 70/67/67 69/70/70
f 69/70/70 79/80/80 80/79/79
f 79/80/80 69/70/70 72/72/72
f 72/72/72 81/81/81 79/80/80
f 81/81/81 72/72/72 74/74/74
f 74/74/74 82/82/82 81/81/81
f 82/82/82 74/74/74 76/76/76
f 76/76/76 83/83/83 82/82/82
f 83/83/83 76/76/76 78/78/78
f 78/78/78 84/84/84 83/83/83
f 86/85/85 80/79/79 79/80/80
f 79/80/80 85/86/86 86/85/85
f 85/86/86 79/80/80 81/81/81
f 81/81/81 87/87/87 85/86/86
f 87/87/87 81/81/81 82/82/82
f 82/82/82 88/88/88 87/87/87
f 88/88/88 82/82/82 83/83/83
f 83/83/83 89/89/89 88/88/88
f 89/89/89 83/83/83 84/84/84
f 84/84/84 90/90/90 89/89/89
f 92/91/91 86/85/85 85/86/86
f 85/86/86 91/92/92 92/91/91
f 91/92/92 85/86/86 87/87/87
f 87/87/87 93/93/93 91/92/92
f 93/93/93 87/87/87 88/88/88
f 88/88/88 94/94/94 93/93/93
f 94/94/94 88/88/88 89/89/89
f 89/89/89 95/95/95 94/94/94
f 95/95/95 89/89/89 90/90/90
f 90/90/90 96/96/96 95/95/95
f 98/97/97 92/91/91 91/92/92
f 91/92/92 97/98/98 98/97/97
f 97/98/98 91/92/92 93/93/93
f 93/93/93 99/99/99 97/98/98
f 99/99/99 93/93/93 94/94/94
f 94/94/94 100/100/100 99/99/99
f 100/100/100 94/94/94 95/95/95
f 95/95/95 101/101/101 100/100/100
f 101/101/101 95/95/95 96/96/96
f 96/96/96 102/102/102 101/101/101
f 104/103/103 98/97/97 97/98/98
f 97/98/98 103/104/104 104/103/103
f 103/104/104 97/98/98 99/99/99
f 99/99/99 105/105/105 103/104/104
f 105/105/105 99/99/99 100/100/100
f 100/100/100 106/106/106 105/105/105
f 106/106/106 100/100/100 101/101/101
f 101/101/101 107/107/107 106/106/106
f 107/107/107 101/101/101 102/102/102
f 102/102/102 108/108/108 107/107/107
f 110/109/109 104/103/103 103/104/104
f 103/104/104 109/110/110 110/109/109
f 109/110/110 103/104/104 105/105/105
f 105/105/105 111/111/111 109/110/110
f 111/111/111 105/105/105 106/106/106
f 106/106/106 112/112/112 111/111/111
f 112/112/112 106/106/106 107/107/107
f 107/107/107 113/113/113 112/112/112
f 113/113/113 107/107/107 108/108/108
f 108/108/108 114/114/114 113/113/113
f 116/115/115 110/109/109 109/110/110
f 109/110/110 115/116/116 116/115/115
f 115/116/116 109/110/110 111/111/111
f 111/111/111 117/117/117 115/116/116
f 117/117/117 111/111/111 112/112/112
f 112/112/112 118/118/118 117/117/117
f 118/118/118 112/112/112 113/113/113
f 113/113/113 119/119/119 118/118/118
f 119/119/119 113/113/113 114/114/114
f 114/114/114 120/120/120 119/119/119
f 122/121/121 116/115/115 115/116/116
f 115/116/116 121/122/122 122/121/121
f 121/122/122 115/116/116 117/117/117
f 117/117/117 123/123/123 121/122/122
f 123/123/123 117/117/117 118/118/118
f 118/118/118 124/124/124 123/123/123
f 124/124/124 118/118/118 119/119/119
f 119/119/119 125/125/125 124/124/124
f 125/125/125 119/119/119 120/120/120
f 120/120/120 126/126/126 125/125/125
f 128/127/127 122/121/121 121/122/122
f 121/122/122 127/128/128 128/127/127
f 127/128/128 121/122/122 123/123/123
f 123/123/123 129/129/129 127/128/128
f 129/129/129 123/123/123 124/124/124
f 124/124/124 130/130/130 129/129/129
f 130/130/130 124/124/124 125/125/125
f 125/125/125 131/131/131 130/130/130
f 131/131/131 125/125/125 126/126/126
f 126/126/126 132/132/132 131/131/131
f 136/133/133 133/2/134 134/1/135
f 134/1/135 135/134/136 136/133/133
f 135/134/136 134/1/135 137/5/5
f 137/5/5 138/135/137 135/134/136
f 138/135/137 137/5/5 139/7/7
f 139/7/7 140/136/138 138/135/137
f 140/136/138 139/7/7 141/9/139
f 141/9/139 142/137/140 140/136/138
f 142/137/140 141/9/139 143/11/141
f 143/11/141 144/138/142 142/137/140
f 146/139/68 136/133/133 135/134/136
f 135/134/136 145/140/69 146/139/68
f 145/140/69 135/134/136 138/135/137
f 138/135/137 147/141/143 145/140/69
f 147/141/143 138/135/137 140/136/138
f 140/136/138 148/142/144 147/141/143
f 148/142/144 140/136/138 142/137/140
f 142/137/140 149/143/75 148/142/144
f 149/143/75 142/137/140 144/138/142
f 144/138/142 150/144/77 149/143/75
f 154/138/145 151/11/11 152/12/12
f 152/12/12 153/145/146 154/138/145
f 153/145/146 152/12/12 155/18/147
f 155/18/147 156/146/148 153/145/146
f 156/146/148 155/18/147 157/24/149
f 157/24/149 158/147/150 156/146/148
f 158/147/150 157/24/149 159/30/151
f 159/30/151 160/148/152 158/147/150
f 162/148/153 30/30/30 36/36/36
f 36/36/36 161/149/154 162/148/153
f 161/149/154 36/36/36 42/42/42
f 42/42/42 163/150/155 161/149/154
f 163/150/155 42/42/42 48/48/48
f 48/48/48 164/151/156 163/150/155
f 164/151/156 48/48/48 54/54/54
f 54/54/54 165/152/157 164/151/156
f 165/152/157 54/54/54 60/60/60
f 60/60/60 166/153/158 165/152/157
f 166/153/158 60/60/60 66/66/66
f 66/66/66 167/154/159 166/153/158
f 169/144/160 154/138/145 153/145/146
f 153/145/146 168/155/161 169/144/160
f 168/155/161 153/145/146 156/146/148
f 156/146/148 170/156/84 168/155/161
f 170/156/84 156/146/148 158/147/150
f 158/147/150 171/157/162 170/156/84
f 171/157/162 158/147/150 160/148/152
f 160/148/152 172/158/96 171/157/162
f 176/158/163 173/148/152 174/149/164
f 174/149/164 175/159/165 176/158/163
f 175/159/165 174/149/164 177/150/166
f 177/150/166 178/160/108 175/159/165
f 178/160/108 177/150/166 179/151/156
f 179/151/156 180/161/114 178/160/108
f 180/161/114 179/151/156 181/152/167
f 181/152/167 182/162/120 180/161/114
f 182/162/120 181/152/167 183/153/168
f 183/153/168 184/163/126 182/162/120
f 184/163/126 183/153/168 185/154/159
f 185/154/159 186/164/132 184/163/126
f 167/154/159 66/66/66 65/65/65
f 65/65/65 187/165/169 167/154/159
f 187/165/169 65/65/65 64/64/64
f 64/64/64 188/166/170 187/165/169
f 188/166/170 64/64/64 63/63/63
f 63/63/63 189/167/171 188/166/170
f 189/167/171 63/63/63 62/62/62
f 62/62/62 190/168/172 189/167/171
f 190/168/172 62/62/62 61/61/61
f 61/61/61 191/169/173 190/168/172
f 194/170/132 185/154/174 192/165/175
f 192/165/175 193/171/176 194/170/132
f 193/171/176 192/165/175 195/166/170
f 195/166/170 196/172/177 193/171/176
f 196/172/177 195/166/170 197/167/178
f 197/167/178 198/173/129 196/172/177
f 198/173/129 197/167/178 199/168/179
f 199/168/179 200/174/180 198/173/129
f 200/174/180 199/168/179 201/169/181
f 201/169/181 128/127/127 200/174/180
f 191/169/173 61/61/61 55/55/55
f 55/55/55 202/175/182 191/169/173
f 202/175/182 55/55/55 49/49/49
f 49/49/49 203/176/183 202/175/182
f 203/176/183 49/49/49 43/43/43
f 43/43/43 204/177/184 203/176/183
f 204/177/184 43/43/43 37/37/37
f 37/37/37 205/178/185 204/177/184
f 205/178/185 37/37/37 31/31/31
f 31/31/31 206/179/186 205/178/185
f 206/179/186 31/31/31 25/25/25
f 25/25/25 207/180/187 206/179/186
f 211/180/188 208/25/25 209/19/189
f 209/19/189 210/181/190 211/180/188
f 210/181/190 209/19/189 212/13/13
f 212/13/13 213/182/191 210/181/190
f 213/182/191 212/13/13 214/3/3
f 214/3/3 215/183/192 213/182/191
f 215/183/192 214/3/3 216/2/2
f 216/2/2 217/133/133 215/183/192
f 128/127/127 201/169/181 218/175/193
f 218/175/193 122/121/121 128/127/127
f 122/121/121 218/175/193 219/176/194
f 219/176/194 116/115/115 122/121/121
f 116/115/115 219/176/194 220/177/184
f 220/177/184 110/109/109 116/115/115
f 110/109/109 220/177/184 221/178/185
f 221/178/185 104/103/103 110/109/109
f 104/103/103 221/178/185 222/179/195
f 222/179/195 98/97/97 104/103/103
f 98/97/97 222/179/195 223/180/188
f 223/180/188 92/91/91 98/97/97
f 225/91/91 211/180/188 210/181/190
f 210/181/190 224/85/85 225/91/91
f 224/85/85 210/181/190 213/182/191
f 213/182/191 226/79/196 224/85/85
f 226/79/196 213/182/191 215/183/192
f 215/183/192 227/67/197 226/79/196
f 227/67/197 215/183/192 217/133/133
f 217/133/133 228/68/68 227/67/197
f 232/184/198 229/185/199 230/186/200
f 230/186/200 231/187/201 232/184/198
f 234/188/202 232/184/198 231/187/201
f 231/187/201 233/189/203 234/188/202
f 236/190/204 234/188/202 233/189/203
f 233/189/203 235/191/205 236/190/204
f 238/192/206 236/190/204 235/191/205
f 235/191/205 237/193/207 238/192/206
f 240/194/208 238/192/206 237/193/207
f 237/193/207 239/195/209 240/194/208
f 231/187/201 230/186/200 241/196/210
f 241/196/210 242/197/211 231/187/201
f 233/189/203 231/187/201 242/197/211
f 242/197/211 243/198/212 233/189/203
f 235/191/205 233/189/203 243/198/212
f 243/198/212 244/199/213 235/191/205
f 237/193/207 235/191/205 244/199/213
f 244/199/213 245/200/214 237/193/207
f 239/195/209 237/193/207 245/200/214
f 245/200/214 246/201/215 239/195/209
f 242/197/211 241/196/210 247/202/216
f 247/202/216 248/203/217 242/197/211
f 243/198/212 242/197/211 248/203/217
f 248/203/217 249/204/218 243/198/212
f 244/199/213 243/198/212 249/204/218
f 249/204/218 250/205/219 244/199/213
f 245/200/214 244/199/213 250/205/219
f 250/205/219 251/206/220 245/200/214
f 246/201/215 245/200/214 251/206/220
f 251/206/220 252/207/221 246/201/215
f 248/203/217 247/202/216 253/208/222
f 253/208/222 254/209/223 248/203/217
f 249/204/218 248/203/217 254/209/223
f 254/209/223 255/210/224 249/204/218
f 250/205/219 249/204/218 255/210/224
f 255/210/224 256/211/225 250/205/219
f 251/206/220 250/205/219 256/211/225
f 256/211/225 257/212/226 251/206/220
f 252/207/221 251/206/220 257/212/226
f 257/212/226 258/213/227 252/207/221
f 254/209/223 253/208/222 259/214/228
f 259/214/228 260/215/229 254/209/223
f 255/210/224 254/209/223 260/215/229
f 260/215/229 261/216/230 255/210/224
f 256/211/225 255/210/224 261/216/230
f 261/216/230 262/217/231 256/211/225
f 257/212/226 256/211/225 262/217/231
f 262/217/231 263/218/232 257/212/226
f 258/213/227 257/212/226 263/218/232
f 263/218/232 264/219/233 258/213/227
f 260/215/229 259/214/228 265/220/234
f 265/220/234 266/221/235 260/215/229
f 261/216/230 260/215/229 266/221/235
f 266/221/235 267/222/236 261/216/230
f 262/217/231 261/216/230 267/222/236
f 267/222/236 268/223/237 262/217/231
f 263/218/232 262/217/231 268/223/237
f 268/223/237 269/224/238 263/218/232
f 264/219/233 263/218/232 269/224/238
f 269/224/238 270/225/239 264/219/233
f 266/221/235 265/220/234 271/226/240
f 271/226/240 272/227/241 266/221/235
f 267/222/236 266/221/235 272/227/241
f 272/227/241 273/228/242 267/222/236
f 268/223/237 267/222/236 273/228/242
f 273/228/242 274/229/243 268/223/237
f 269/224/238 268/223/237 274/229/243
f 274/229/243 275/230/244 269/224/238
f 270/225/239 269/224/238 275/230/244
f 275/230/244 276/231/245 270/225/239
f 272/227/241 271/226/240 277/232/246
f 277/232/246 278/233/247 272/227/241
f 273/228/242 272/227/241 278/233/247
f 278/233/247 279/234/248 273/228/242
f 274/229/243 273/228/242 279/234/248
f 279/234/248 280/235/249 274/229/243
f 275/230/244 274/229/243 280/235/249
f 280/235/249 281/236/250 275/230/244
f 276/231/245 275/230/244 281/236/250
f 281/236/250 282/237/251 276/231/245
f 278/233/247 277/232/246 283/238/252
f 283/238/252 284/239/253 278/233/247
f 279/234/248 278/233/247 284/239/253
f 284/239/253 285/240/254 279/234/248
f 280/235/249 279/234/248 285/240/254
f 285/240/254 286/241/255 280/235/249
f 281/236/250 280/235/249 286/241/255
f 286/241/255 287/242/256 281/236/250
f 282/237/251 281/236/250 287/242/256
f 287/242/256 288/243/257 282/237/251
f 284/239/253 283/238/252 289/244/258
f 289/244/258 290/245/259 284/239/253
f 285/240/254 284/239/253 290/245/259
f 290/245/259 291/246/260 285/240/254
f 286/241/255 285/240/254 291/246/260
f 291/246/260 292/247/261 286/241/255
f 287/242/256 286/241/255 292/247/261
f 292/247/261 293/248/262 287/242/256
f 288/243/257 287/242/256 293/248/262
f 293/248/262 294/249/263 288/243/257
f 298/250/264 295/251/265 296/252/266
f 296/252/266 297/253/267 298/250/264
f 297/253/267 296/252/266 299/254/268
f 299/254/268 300/255/269 297/253/267
f 300/255/269 299/254/268 301/256/270
f 301/256/270 302/257/271 300/255/269
f 302/257/271 301/256/270 303/258/272
f 303/258/272 304/259/273 302/257/271
f 304/259/273 303/258/272 305/260/274
f 305/260/274 306/261/275 304/259/273
f 308/262/276 298/250/264 297/253/267
f 297/253/267 307/263/277 308/262/276
f 307/263/277 297/253/267 300/255/269
f 300/255/269 309/264/278 307/263/277
f 309/264/278 300/255/269 302/257/271
f 302/257/271 310/265/279 309/264/278
f 310/265/279 302/257/271 304/259/273
f 304/259/273 311/266/280 310/265/279
f 311/266/280 304/259/273 306/261/275
f 306/261/275 312/267/281 311/266/280
f 314/268/282 308/262/276 307/263/277
f 307/263/277 313/269/283 314/268/282
f 313/269/283 307/263/277 309/264/278
f 309/264/278 315/270/284 313/269/283
f 315/270/284 309/264/278 310/265/279
f 310/265/279 316/271/285 315/270/284
f 316/271/285 310/265/279 311/266/280
f 311/266/280 317/272/286 316/271/285
f 317/272/286 311/266/280 312/267/281
f 312/267/281 318/273/287 317/272/286
f 320/274/288 314/268/282 313/269/283
f 313/269/283 319/275/289 320/274/288
f 319/275/289 313/269/283 315/270/284
f 315/270/284 321/276/290 319/275/289
f 321/276/290 315/270/284 316/271/285
f 316/271/285 322/277/291 321/276/290
f 322/277/291 316/271/285 317/272/286
f 317/272/286 323/278/292 322/277/291
f 323/278/292 317/272/286 318/273/287
f 318/273/287 324/279/293 323/278/292
f 328/280/294 325/281/288 326/282/289
f 326/282/289 327/283/295 328/280/294
f 327/283/295 326/282/289 329/284/290
f 329/284/290 330/285/296 327/283/295
f 330/285/296 329/284/290 331/286/291
f 331/286/291 332/287/297 330/285/296
f 332/287/297 331/286/291 333/288/298
f 333/288/298 334/289/299 332/287/297
f 334/289/299 333/288/298 335/290/293
f 335/290/293 336/291/300 334/289/299
f 338/292/301 328/280/294 327/283/295
f 327/283/295 337/293/302 338/292/301
f 337/293/302 327/283/295 330/285/296
f 330/285/296 339/294/303 337/293/302
f 339/294/303 330/285/296 332/287/297
f 332/287/297 340/295/304 339/294/303
f 340/295/304 332/287/297 334/289/299
f 334/289/299 341/296/305 340/295/304
f 341/296/305 334/289/299 336/291/300
f 336/291/300 342/297/306 341/296/305
f 344/298/307 338/292/301 337/293/302
f 337/293/302 343/299/308 344/298/307
f 343/299/308 337/293/302 339/294/303
f 339/294/303 345/300/309 343/299/308
f 345/300/309 339/294/303 340/295/304
f 340/295/304 346/301/310 345/300/309
f 346/301/310 340/295/304 341/296/305
f 341/296/305 347/302/311 346/301/310
f 347/302/311 341/296/305 342/297/306
f 342/297/306 348/303/312 347/302/311
f 350/304/313 344/298/307 343/299/308
f 343/299/308 349/305/314 350/304/313
f 349/305/314 343/299/308 345/300/309
f 345/300/309 351/306/315 349/305/314
f 351/306/315 345/300/309 346/301/310
f 346/301/310 352/307/316 351/306/315
f 352/307/316 346/301/310 347/302/311
f 347/302/311 353/308/317 352/307/316
f 353/308/317 347/302/311 348/303/312
f 348/303/312 354/309/318 353/308/317
f 356/310/319 350/304/313 349/305/314
f 349/305/314 355/311/320 356/310/319
f 355/311/320 349/305/314 351/306/315
f 351/306/315 357/312/321 355/311/320
f 357/312/321 351/306/315 352/307/316
f 352/307/316 358/313/322 357/312/321
f 358/313/322 352/307/316 353/308/317
f 353/308/317 359/314/323 358/313/322
f 359/314/323 353/308/317 354/309/318
f 354/309/318 360/315/324 359/314/323
f 362/316/325 356/310/319 355/311/320
f 355/311/320 361/317/326 362/316/325
f 361/317/326 355/311/320 357/312/321
f 357/312/321 363/318/327 361/317/326
f 363/318/327 357/312/321 358/313/322
f 358/313/322 364/319/328 363/318/327
f 364/319/328 358/313/322 359/314/323
f 359/314/323 365/320/329 364/319/328
f 365/320/329 359/314/323 360/315/324
f 360/315/324 366/321/330 365/320/329
f 370/322/331 367/323/199 368/324/198
f 368/324/198 369/325/332 370/322/331
f 369/325/332 368/324/198 371/326/202
f 371/326/202 372/327/333 369/325/332
f 372/327/333 371/326/202 373/328/204
f 373/328/204 374/329/334 372/327/333
f 374/329/334 373/328/204 375/330/335
f 375/330/335 376/331/336 374/329/334
f 376/331/336 375/330/335 377/194/337
f 377/194/337 378/332/338 376/331/336
f 380/251/339 370/322/331 369/325/332
f 369/325/332 379/252/266 380/251/339
f 379/252/266 369/325/332 372/327/333
f 372/327/333 381/254/340 379/252/266
f 381/254/340 372/327/333 374/329/334
f 374/329/334 382/256/270 381/254/340
f 382/256/270 374/329/334 376/331/336
f 376/331/336 383/258/272 382/256/270
f 383/258/272 376/331/336 378/332/338
f 378/332/338 384/260/341 383/258/272
f 388/332/338 385/194/208 386/195/342
f 386/195/342 387/333/343 388/332/338
f 387/333/343 386/195/342 389/201/215
f 389/201/215 390/334/344 387/333/343
f 390/334/344 389/201/215 391/207/221
f 391/207/221 392/335/345 390/334/344
f 392/335/345 391/207/221 393/213/346
f 393/213/346 394/336/347 392/335/345
f 394/336/347 393/213/346 395/219/348
f 395/219/348 396/337/349 394/336/347
f 396/337/349 395/219/348 397/225/350
f 397/225/350 398/338/351 396/337/349
f 398/338/351 397/225/350 399/231/352
f 399/231/352 400/339/353 398/338/351
f 400/339/353 399/231/352 401/237/251
f 401/237/251 402/340/354 400/339/353
f 402/340/354 401/237/251 403/243/257
f 403/243/257 404/341/355 402/340/354
f 404/341/355 403/243/257 405/249/263
f 405/249/263 406/342/356 404/341/355
f 408/260/274 388/332/338 387/333/343
f 387/333/343 407/261/275 408/260/274
f 407/261/275 387/333/343 390/334/344
f 390/334/344 409/267/357 407/261/275
f 409/267/357 390/334/344 392/335/345
f 392/335/345 410/273/287 409/267/357
f 410/273/287 392/335/345 394/336/347
f 394/336/347 411/279/358 410/273/287
f 411/279/358 394/336/347 396/337/349
f 396/337/349 412/343/359 411/279/358
f 412/343/359 396/337/349 398/338/351
f 398/338/351 413/344/306 412/343/359
f 413/344/306 398/338/351 400/339/353
f 400/339/353 414/345/360 413/344/306
f 414/345/360 400/339/353 402/340/354
f 402/340/354 415/346/361 414/345/360
f 415/346/361 402/340/354 404/341/355
f 404/341/355 416/347/324 415/346/361
f 416/347/324 404/341/355 406/342/356
f 406/342/356 417/348/362 416/347/324
f 421/342/356 418/249/363 419/248/262
f 419/248/262 420/349/364 421/342/356
f 420/349/364 419/248/262 422/247/365
f 422/247/365 423/350/366 420/349/364
f 423/350/366 422/247/365 424/246/367
f 424/246/367 425/351/368 423/350/366
f 425/351/368 424/246/367 426/245/259
f 426/245/259 427/352/369 425/351/368
f 427/352/369 426/245/259 428/244/370
f 428/244/370 429/353/371 427/352/369
f 433/321/362 430/354/356 431/355/364
f 431/355/364 432/320/329 433/321/362
f 432/320/329 431/355/364 434/356/366
f 434/356/366 435/319/328 432/320/329
f 435/319/328 434/356/366 436/357/372
f 436/357/372 437/318/327 435/319/328
f 437/318/327 436/357/372 438/358/369
f 438/358/369 439/317/326 437/318/327
f 439/317/326 438/358/369 429/353/373
f 429/353/373 440/316/325 439/317/326
f 444/353/371 441/244/374 442/238/375
f 442/238/375 443/359/376 444/353/371
f 443/359/376 442/238/375 445/232/377
f 445/232/377 446/360/378 443/359/376
f 446/360/378 445/232/377 447/226/240
f 447/226/240 448/361/379 446/360/378
f 448/361/379 447/226/240 449/220/234
f 449/220/234 450/362/380 448/361/379
f 450/362/380 449/220/234 451/214/381
f 451/214/381 452/363/382 450/362/380
f 452/363/382 451/214/381 453/208/383
f 453/208/383 454/364/384 452/363/382
f 454/364/384 453/208/383 455/202/216
f 455/202/216 456/365/385 454/364/384
f 456/365/385 455/202/216 457/196/386
f 457/196/386 458/366/387 456/365/385
f 458/366/387 457/196/386 459/186/388
f 459/186/388 460/367/389 458/366/387
f 460/367/389 459/186/388 461/185/199
f 461/185/199 462/368/390 460/367/389
f 464/316/391 444/353/371 443/359/376
f 443/359/376 463/310/392 464/316/391
f 463/310/392 443/359/376 446/360/378
f 446/360/378 465/304/313 463/310/392
f 465/304/313 446/360/378 448/361/379
f 448/361/379 466/298/393 465/304/313
f 466/298/393 448/361/379 450/362/380
f 450/362/380 467/292/301 466/298/393
f 467/292/301 450/362/380 452/363/382
f 452/363/382 468/280/294 467/292/301
f 468/280/294 452/363/382 454/364/384
f 454/364/384 469/281/288 468/280/294
f 469/281/288 454/364/384 456/365/385
f 456/365/385 470/369/282 469/281/288
f 470/369/282 456/365/385 458/366/387
f 458/366/387 471/370/276 470/369/282
f 471/370/276 458/366/387 460/367/389
f 460/367/389 472/371/264 471/370/276
f 472/371/264 460/367/389 462/368/390
f 462/368/390 473/372/265 472/371/264
f 477/373/394 474/374/395 475/375/396
f 475/375/396 476/376/397 477/373/394
f 479/377/398 477/373/394 476/376/397
f 476/376/397 478/378/399 479/377/398
f 481/379/400 479/377/398 478/378/399
f 478/378/399 480/380/401 481/379/400
f 483/381/402 481/379/400 480/380/401
f 480/380/401 482/382/403 483/381/402
f 485/383/404 483/381/402 482/382/403
f 482/382/403 484/384/405 485/383/404
f 476/376/397 475/375/396 486/385/406
f 486/385/406 487/386/407 476/376/397
f 478/378/399 476/376/397 487/386/407
f 487/386/407 488/387/408 478/378/399
f 480/380/401 478/378/399 488/387/408
f 488/387/408 489/388/409 480/380/401
f 482/382/403 480/380/401 489/388/409
f 489/388/409 490/389/410 482/382/403
f 484/384/405 482/382/403 490/389/410
f 490/389/410 491/390/411 484/384/405
f 487/386/407 486/385/406 492/391/412
f 492/391/412 493/392/413 487/386/407
f 488/387/408 487/386/407 493/392/413
f 493/392/413 494/393/414 488/387/408
f 489/388/409 488/387/408 494/393/414
f 494/393/414 495/394/415 489/388/409
f 490/389/410 489/388/409 495/394/415
f 495/394/415 496/395/416 490/389/410
f 491/390/411 490/389/410 496/395/416
f 496/395/416 497/396/417 491/390/411
f 493/392/413 492/391/412 498/397/418
f 498/397/418 499/398/419 493/392/413
f 494/393/414 493/392/413 499/398/419
f 499/398/419 500/399/420 494/393/414
f 495/394/415 494/393/414 500/399/420
f 500/399/420 501/400/421 495/394/415
f 496/395/416 495/394/415 501/400/421
f 501/400/421 502/401/422 496/395/416
f 497/396/417 496/395/416 502/401/422
f 502/401/422 503/402/423 497/396/417
f 499/398/419 498/397/418 504/403/424
f 504/403/424 505/404/425 499/398/419
f 500/399/420 499/398/419 505/404/425
f 505/404/425 506/405/426 500/399/420
f 501/400/421 500/399/420 506/405/426
f 506/405/426 507/406/427 501/400/421
f 502/401/422 501/400/421 507/406/427
f 507/406/427 508/407/428 502/401/422
f 503/402/423 502/401/422 508/407/428
f 508/407/428 509/408/429 503/402/423
f 505/404/425 504/403/424 510/409/430
f 510/409/430 511/410/431 505/404/425
f 506/405/426 505/404/425 511/410/431
f 511/410/431 512/411/432 506/405/426
f 507/406/427 506/405/426 512/411/432
f 512/411/432 513/412/433 507/406/427
f 508/407/428 507/406/427 513/412/433
f 513/412/433 514/413/434 508/407/428
f 509/408/429 508/407/428 514/413/434
f 514/413/434 515/414/435 509/408/429
f 511/410/431 510/409/430 516/415/436
f 516/415/436 517/416/437 511/410/431
f 512/411/432 511/410/431 517/416/437
f 517/416/437 518/417/438 512/411/432
f 513/412/433 512/411/432 518/417/438
f 518/417/438 519/418/439 513/412/433
f 514/413/434 513/412/433 519/418/439
f 519/418/439 520/419/440 514/413/434
f 515/414/435 514/413/434 520/419/440
f 520/419/440 521/420/441 515/414/435
f 517/416/437 516/415/436 522/421/442
f 522/421/442 523/422/443 517/416/437
f 518/417/438 517/416/437 523/422/443
f 523/422/443 524/423/444 518/417/438
f 519/418/439 518/417/438 524/423/444
f 524/423/444 525/424/445 519/418/439
f 520/419/440 519/418/439 525/424/445
f 525/424/445 526/425/446 520/419/440
f 521/420/441 520/419/440 526/425/446
f 526/425/446 527/426/447 521/420/441
f 523/422/443 522/421/442 528/427/448
f 528/427/448 529/428/449 523/422/443
f 524/423/444 523/422/443 529/428/449
f 529/428/449 530/429/450 524/423/444
f 525/424/445 524/423/444 530/429/450
f 530/429/450 531/430/451 525/424/445
f 526/425/446 525/424/445 531/430/451
f 531/430/451 532/431/452 526/425/446
f 527/426/447 526/425/446 532/431/452
f 532/431/452 533/432/453 527/426/447
f 529/428/449 528/427/448 534/433/454
f 534/433/454 535/434/455 529/428/449
f 530/429/450 529/428/449 535/434/455
f 535/434/455 536/435/456 530/429/450
f 531/430/451 530/429/450 536/435/456
f 536/435/456 537/436/457 531/430/451
f 532/431/452 531/430/451 537/436/457
f 537/436/457 538/437/458 532/431/452
f 533/432/453 532/431/452 538/437/458
f 538/437/458 539/438/459 533/432/453
f 543/439/460 540/440/461 541/441/462
f 541/441/462 542/442/463 543/439/460
f 542/442/463 541/441/462 544/443/464
f 544/443/464 545/444/465 542/442/463
f 545/444/465 544/443/464 546/445/466
f 546/445/466 547/446/467 545/444/465
f 547/446/467 546/445/466 548/447/468
f 548/447/468 549/448/469 547/446/467
f 549/448/469 548/447/468 550/449/470
f 550/449/470 551/450/471 549/448/469
f 553/451/472 543/439/460 542/442/463
f 542/442/463 552/452/473 553/451/472
f 552/452/473 542/442/463 545/444/465
f 545/444/465 554/453/474 552/452/473
f 554/453/474 545/444/465 547/446/467
f 547/446/467 555/454/475 554/453/474
f 555/454/475 547/446/467 549/448/469
f 549/448/469 556/455/476 555/454/475
f 556/455/476 549/448/469 551/450/471
f 551/450/471 557/456/477 556/455/476
f 559/457/478 553/451/472 552/452/473
f 552/452/473 558/458/479 559/457/478
f 558/458/479 552/452/473 554/453/474
f 554/453/474 560/459/480 558/458/479
f 560/459/480 554/453/474 555/454/475
f 555/454/475 561/460/481 560/459/480
f 561/460/481 555/454/475 556/455/476
f 556/455/476 562/461/482 561/460/481
f 562/461/482 556/455/476 557/456/477
f 557/456/477 563/462/483 562/461/482
f 565/463/484 559/457/478 558/458/479
f 558/458/479 564/464/485 565/463/484
f 564/464/485 558/458/479 560/459/480
f 560/459/480 566/465/486 564/464/485
f 566/465/486 560/459/480 561/460/481
f 561/460/481 567/466/487 566/465/486
f 567/466/487 561/460/481 562/461/482
f 562/461/482 568/467/488 567/466/487
f 568/467/488 562/461/482 563/462/483
f 563/462/483 569/468/489 568/467/488
f 571/469/490 565/463/484 564/464/485
f 564/464/485 570/470/491 571/469/490
f 570/470/491 564/464/485 566/465/486
f 566/465/486 572/471/492 570/470/491
f 572/471/492 566/465/486 567/466/487
f 567/466/487 573/472/493 572/471/492
f 573/472/493 567/466/487 568/467/488
f 568/467/488 574/473/494 573/472/493
f 574/473/494 568/467/488 569/468/489
f 569/468/489 575/474/495 574/473/494
f 577/475/496 571/469/490 570/470/491
f 570/470/491 576/476/497 577/475/496
f 576/476/497 570/470/491 572/471/492
f 572/471/492 578/477/498 576/476/497
f 578/477/498 572/471/492 573/472/493
f 573/472/493 579/478/499 578/477/498
f 579/478/499 573/472/493 574/473/494
f 574/473/494 580/479/500 579/478/499
f 580/479/500 574/473/494 575/474/495
f 575/474/495 581/480/501 580/479/500
f 583/481/502 577/475/496 576/476/497
f 576/476/497 582/482/503 583/481/502
f 582/482/503 576/476/497 578/477/498
f 578/477/498 584/483/504 582/482/503
f 584/483/504 578/477/498 579/478/499
f 579/478/499 585/484/505 584/483/504
f 585/484/505 579/478/499 580/479/500
f 580/479/500 586/485/506 585/484/505
f 586/485/506 580/479/500 581/480/501
f 581/480/501 587/486/507 586/485/506
f 589/487/508 583/481/502 582/482/503
f 582/482/503 588/488/509 589/487/508
f 588/488/509 582/482/503 584/483/504
f 584/483/504 590/489/510 588/488/509
f 590/489/510 584/483/504 585/484/505
f 585/484/505 591/490/511 590/489/510
f 591/490/511 585/484/505 586/485/506
f 586/485/506 592/491/512 591/490/511
f 592/491/512 586/485/506 587/486/507
f 587/486/507 593/492/513 592/491/512
f 595/493/514 589/487/508 588/488/509
f 588/488/509 594/494/515 595/493/514
f 594/494/515 588/488/509 590/489/510
f 590/489/510 596/495/516 594/494/515
f 596/495/516 590/489/510 591/490/511
f 591/490/511 597/496/517 596/495/516
f 597/496/517 591/490/511 592/491/512
f 592/491/512 598/497/518 597/496/517
f 598/497/518 592/491/512 593/492/513
f 593/492/513 599/498/519 598/497/518
f 601/499/520 595/493/514 594/494/515
f 594/494/515 600/500/521 601/499/520
f 600/500/521 594/494/515 596/495/516
f 596/495/516 602/501/522 600/500/521
f 602/501/522 596/495/516 597/496/517
f 597/496/517 603/502/523 602/501/522
f 603/502/523 597/496/517 598/497/518
f 598/497/518 604/503/524 603/502/523
f 604/503/524 598/497/518 599/498/519
f 599/498/519 605/504/525 604/503/524
f 609/505/526 606/374/527 607/373/528
f 607/373/528 608/506/529 609/505/526
f 608/506/529 607/373/528 610/377/530
f 610/377/530 611/507/531 608/506/529
f 611/507/531 610/377/530 612/379/400
f 612/379/400 613/508/532 611/507/531
f 613/508/532 612/379/400 614/381/402
f 614/381/402 615/509/533 613/508/532
f 615/509/533 614/381/402 616/383/404
f 616/383/404 617/510/534 615/509/533
f 621/440/535 618/511/536 619/512/537
f 619/512/537 620/441/462 621/440/535
f 620/441/462 619/512/537 622/513/538
f 622/513/538 623/443/539 620/441/462
f 623/443/539 622/513/538 624/514/540
f 624/514/540 625/445/541 623/443/539
f 625/445/541 624/514/540 626/515/533
f 626/515/533 627/447/542 625/445/541
f 627/447/542 626/515/533 628/516/534
f 628/516/534 629/449/543 627/447/542
f 633/510/544 630/383/545 631/384/405
f 631/384/405 632/517/546 633/510/544
f 632/517/546 631/384/405 634/390/411
f 634/390/411 635/518/547 632/517/546
f 635/518/547 634/390/411 636/396/417
f 636/396/417 637/519/548 635/518/547
f 637/519/548 636/396/417 638/402/423
f 638/402/423 639/520/549 637/519/548
f 639/520/549 638/402/423 640/408/429
f 640/408/429 641/521/550 639/520/549
f 641/521/550 640/408/429 642/414/551
f 642/414/551 643/522/552 641/521/550
f 643/522/552 642/414/551 644/420/441
f 644/420/441 645/523/553 643/522/552
f 645/523/553 644/420/441 646/426/554
f 646/426/554 647/524/555 645/523/553
f 647/524/555 646/426/554 648/432/453
f 648/432/453 649/525/556 647/524/555
f 649/525/556 648/432/453 650/438/459
f 650/438/459 651/526/557 649/525/556
f 655/449/558 652/516/544 653/527/559
f 653/527/559 654/450/471 655/449/558
f 654/450/471 653/527/559 656/528/547
f 656/528/547 657/456/477 654/450/471
f 657/456/477 656/528/547 658/529/548
f 658/529/548 659/462/560 657/456/477
f 659/462/560 658/529/548 660/530/549
f 660/530/549 661/468/489 659/462/560
f 661/468/489 660/530/549 662/531/550
f 662/531/550 663/474/495 661/468/489
f 663/474/495 662/531/550 664/532/552
f 664/532/552 665/480/561 663/474/495
f 665/480/561 664/532/552 666/533/562
f 666/533/562 667/486/563 665/480/561
f 667/486/563 666/533/562 668/534/555
f 668/534/555 669/492/564 667/486/563
f 669/492/564 668/534/555 670/535/556
f 670/535/556 671/498/519 669/492/564
f 671/498/519 670/535/556 672/536/557
f 672/536/557 673/504/565 671/498/519
f 677/536/566 674/537/567 675/538/458
f 675/538/458 676/539/568 677/536/566
f 676/539/568 675/538/458 678/540/457
f 678/540/457 679/541/569 676/539/568
f 679/541/569 678/540/457 680/542/456
f 680/542/456 681/543/570 679/541/569
f 681/543/570 680/542/456 682/544/455
f 682/544/455 683/545/571 681/543/570
f 683/545/571 682/544/455 684/433/572
f 684/433/572 685/546/573 683/545/571
f 687/504/525 677/536/566 676/539/568
f 676/539/568 686/503/524 687/504/525
f 686/503/524 676/539/568 679/541/569
f 679/541/569 688/502/523 686/503/524
f 688/502/523 679/541/569 681/543/570
f 681/543/570 689/501/522 688/502/523
f 689/501/522 681/543/570 683/545/571
f 683/545/571 690/500/521 689/501/522
f 690/500/521 683/545/571 685/546/573
f 685/546/573 691/499/574 690/500/521
f 695/546/573 692/433/454 693/427/575
f 693/427/575 694/547/576 695/546/573
f 694/547/576 693/427/575 696/421/442
f 696/421/442 697/548/577 694/547/576
f 697/548/577 696/421/442 698/415/436
f 698/415/436 699/549/578 697/548/577
f 699/549/578 698/415/436 700/409/579
f 700/409/579 701/550/580 699/549/578
f 701/550/580 700/409/579 702/403/581
f 702/403/581 703/551/582 701/550/580
f 703/551/582 702/403/581 704/397/418
f 704/397/418 705/552/583 703/551/582
f 705/552/583 704/397/418 706/391/412
f 706/391/412 707/553/584 705/552/583
f 709/553/584 492/391/412 486/385/406
f 486/385/406 708/554/585 709/553/584
f 713/554/585 710/385/406 711/375/586
f 711/375/586 712/555/587 713/554/585
f 712/555/587 711/375/586 714/374/588
f 714/374/588 715/505/526 712/555/587
f 717/499/589 695/546/573 694/547/576
f 694/547/576 716/493/514 717/499/589
f 716/493/514 694/547/576 697/548/577
f 697/548/577 718/487/508 716/493/514
f 718/487/508 697/548/577 699/549/578
f 699/549/578 719/481/502 718/487/508
f 719/481/502 699/549/578 701/550/580
f 701/550/580 720/475/590 719/481/502
f 720/475/590 701/550/580 703/551/582
f 703/551/582 721/469/490 720/475/590
f 721/469/490 703/551/582 705/552/583
f 705/552/583 722/463/484 721/469/490
f 722/463/484 705/552/583 723/553/591
f 723/553/591 724/556/592 722/463/484
f 724/556/592 723/553/591 713/554/585
f 713/554/585 725/557/472 724/556/592
f 725/557/472 713/554/585 712/555/587
f 712/555/587 726/558/460 725/557/472
f 726/558/460 712/555/587 715/505/526
f 715/505/526 727/559/593 726/558/460
f 731/560/594 728/561/595 729/562/596
f 729/562/596 730/563/597 731/560/594
f 733/564/598 731/560/594 730/563/597
f 730/563/597 732/565/599 733/564/598
f 735/566/600 733/564/598 732/565/599
f 732/565/599 734/567/601 735/566/600
f 737/568/602 735/566/600 734/567/601
f 734/567/601 736/569/603 737/568/602
f 739/570/604 737/568/602 736/569/603
f 736/569/603 738/571/605 739/570/604
f 730/563/597 729/562/596 740/572/606
f 740/572/606 741/573/607 730/563/597
f 732/565/599 730/563/597 741/573/607
f 741/573/607 742/574/608 732/565/599
f 734/567/601 732/565/599 742/574/608
f 742/574/608 743/575/609 734/567/601
f 736/569/603 734/567/601 743/575/609
f 743/575/609 744/576/610 736/569/603
f 738/571/605 736/569/603 744/576/610
f 744/576/610 745/577/611 738/571/605
f 741/573/607 740/572/606 746/578/612
f 746/578/612 747/579/613 741/573/607
f 742/574/608 741/573/607 747/579/613
f 747/579/613 748/580/614 742/574/608
f 743/575/609 742/574/608 748/580/614
f 748/580/614 749/581/615 743/575/609
f 744/576/610 743/575/609 749/581/615
f 749/581/615 750/582/616 744/576/610
f 745/577/611 744/576/610 750/582/616
f 750/582/616 751/583/617 745/577/611
f 747/579/613 746/578/612 752/584/618
f 752/584/618 753/585/619 747/579/613
f 748/580/614 747/579/613 753/585/619
f 753/585/619 754/586/620 748/580/614
f 749/581/615 748/580/614 754/586/620
f 754/586/620 755/587/621 749/581/615
f 750/582/616 749/581/615 755/587/621
f 755/587/621 756/588/622 750/582/616
f 751/583/617 750/582/616 756/588/622
f 756/588/622 757/589/623 751/583/617
f 753/585/619 752/584/618 758/590/624
f 758/590/624 759/591/625 753/585/619
f 754/586/620 753/585/619 759/591/625
f 759/591/625 760/592/626 754/586/620
f 755/587/621 754/586/620 760/592/626
f 760/592/626 761/593/627 755/587/621
f 756/588/622 755/587/621 761/593/627
f 761/593/627 762/594/628 756/588/622
f 757/589/623 756/588/622 762/594/628
f 762/594/628 763/595/629 757/589/623
f 759/591/625 758/590/624 764/596/630
f 764/596/630 765/597/631 759/591/625
f 760/592/626 759/591/625 765/597/631
f 765/597/631 766/598/632 760/592/626
f 761/593/627 760/592/626 766/598/632
f 766/598/632 767/599/633 761/593/627
f 762/594/628 761/593/627 767/599/633
f 767/599/633 768/600/634 762/594/628
f 763/595/629 762/594/628 768/600/634
f 768/600/634 769/601/635 763/595/629
f 765/597/631 764/596/630 770/602/636
f 770/602/636 771/603/637 765/597/631
f 766/598/632 765/597/631 771/603/637
f 771/603/637 772/604/638 766/598/632
f 767/599/633 766/598/632 772/604/638
f 772/604/638 773/605/639 767/599/633
f 768/600/634 767/599/633 773/605/639
f 773/605/639 774/606/640 768/600/634
f 769/601/635 768/600/634 774/606/640
f 774/606/640 775/607/641 769/601/635
f 771/603/637 770/602/636 776/608/642
f 776/608/642 777/609/643 771/603/637
f 772/604/638 771/603/637 777/609/643
f 777/609/643 778/610/644 772/604/638
f 773/605/639 772/604/638 778/610/644
f 778/610/644 779/611/645 773/605/639
f 774/606/640 773/605/639 779/611/645
f 779/611/645 780/612/646 774/606/640
f 775/607/641 774/606/640 780/612/646
f 780/612/646 781/613/647 775/607/641
f 777/609/643 776/608/642 782/614/648
f 782/614/648 783/615/649 777/609/643
f 778/610/644 777/609/643 783/615/649
f 783/615/649 784/616/650 778/610/644
f 779/611/645 778/610/644 784/616/650
f 784/616/650 785/617/651 779/611/645
f 780/612/646 779/611/645 785/617/651
f 785/617/651 786/618/652 780/612/646
f 781/613/647 780/612/646 786/618/652
f 786/618/652 787/619/653 781/613/647
f 783/615/649 782/614/648 788/620/654
f 788/620/654 789/621/655 783/615/649
f 784/616/650 783/615/649 789/621/655
f 789/621/655 790/622/656 784/616/650
f 785/617/651 784/616/650 790/622/656
f 790/622/656 791/623/657 785/617/651
f 786/618/652 785/617/651 791/623/657
f 791/623/657 792/624/658 786/618/652
f 787/619/653 786/618/652 792/624/658
f 792/624/658 793/625/659 787/619/653
f 797/626/660 794/627/661 795/628/662
f 795/628/662 796/629/663 797/626/660
f 796/629/663 795/628/662 798/630/664
f 798/630/664 799/631/665 796/629/663
f 799/631/665 798/630/664 800/632/666
f 800/632/666 801/633/667 799/631/665
f 801/633/667 800/632/666 802/634/668
f 802/634/668 803/635/669 801/633/667
f 803/635/669 802/634/668 804/636/670
f 804/636/670 805/637/671 803/635/669
f 807/638/672 797/626/660 796/629/663
f 796/629/663 806/639/673 807/638/672
f 806/639/673 796/629/663 799/631/665
f 799/631/665 808/640/674 806/639/673
f 808/640/674 799/631/665 801/633/667
f 801/633/667 809/641/675 808/640/674
f 809/641/675 801/633/667 803/635/669
f 803/635/669 810/642/676 809/641/675
f 810/642/676 803/635/669 805/637/671
f 805/637/671 811/643/677 810/642/676
f 813/644/678 807/638/672 806/639/673
f 806/639/673 812/645/679 813/644/678
f 812/645/679 806/639/673 808/640/674
f 808/640/674 814/646/680 812/645/679
f 814/646/680 808/640/674 809/641/675
f 809/641/675 815/647/681 814/646/680
f 815/647/681 809/641/675 810/642/676
f 810/642/676 816/648/682 815/647/681
f 816/648/682 810/642/676 811/643/677
f 811/643/677 817/649/683 816/648/682
f 819/650/684 813/644/678 812/645/679
f 812/645/679 818/651/685 819/650/684
f 818/651/685 812/645/679 814/646/680
f 814/646/680 820/652/686 818/651/685
f 820/652/686 814/646/680 815/647/681
f 815/647/681 821/653/687 820/652/686
f 821/653/687 815/647/681 816/648/682
f 816/648/682 822/654/688 821/653/687
f 822/654/688 816/648/682 817/649/683
f 817/649/683 823/655/689 822/654/688
f 825/656/690 819/650/684 818/651/685
f 818/651/685 824/657/691 825/656/690
f 824/657/691 818/651/685 820/652/686
f 820/652/686 826/658/692 824/657/691
f 826/658/692 820/652/686 821/653/687
f 821/653/687 827/659/693 826/658/692
f 827/659/693 821/653/687 822/654/688
f 822/654/688 828/660/694 827/659/693
f 828/660/694 822/654/688 823/655/689
f 823/655/689 829/661/695 828/660/694
f 831/662/696 825/656/690 824/657/691
f 824/657/691 830/663/697 831/662/696
f 830/663/697 824/657/691 826/658/692
f 826/658/692 832/664/698 830/663/697
f 832/664/698 826/658/692 827/659/693
f 827/659/693 833/665/699 832/664/698
f 833/665/699 827/659/693 828/660/694
f 828/660/694 834/666/700 833/665/699
f 834/666/700 828/660/694 829/661/695
f 829/661/695 835/667/701 834/666/700
f 837/668/702 831/662/696 830/663/697
f 830/663/697 836/669/703 837/668/702
f 836/669/703 830/663/697 832/664/698
f 832/664/698 838/670/704 836/669/703
f 838/670/704 832/664/698 833/665/699
f 833/665/699 839/671/705 838/670/704
f 839/671/705 833/665/699 834/666/700
f 834/666/700 840/672/706 839/671/705
f 840/672/706 834/666/700 835/667/701
f 835/667/701 841/673/707 840/672/706
f 843/674/708 837/668/702 836/669/703
f 836/669/703 842/675/709 843/674/708
f 842/675/709 836/669/703 838/670/704
f 838/670/704 844/676/710 842/675/709
f 844/676/710 838/670/704 839/671/705
f 839/671/705 845/677/711 844/676/710
f 845/677/711 839/671/705 840/672/706
f 840/672/706 846/678/712 845/677/711
f 846/678/712 840/672/706 841/673/707
f 841/673/707 847/679/713 846/678/712
f 849/680/714 843/674/708 842/675/709
f 842/675/709 848/681/715 849/680/714
f 848/681/715 842/675/709 844/676/710
f 844/676/710 850/682/716 848/681/715
f 850/682/716 844/676/710 845/677/711
f 845/677/711 851/683/717 850/682/716
f 851/683/717 845/677/711 846/678/712
f 846/678/712 852/684/718 851/683/717
f 852/684/718 846/678/712 847/679/713
f 847/679/713 853/685/719 852/684/718
f 855/686/720 849/680/714 848/681/715
f 848/681/715 854/687/721 855/686/720
f 854/687/721 848/681/715 850/682/716
f 850/682/716 856/688/722 854/687/721
f 856/688/722 850/682/716 851/683/717
f 851/683/717 857/689/723 856/688/722
f 857/689/723 851/683/717 852/684/718
f 852/684/718 858/690/724 857/689/723
f 858/690/724 852/684/718 853/685/719
f 853/685/719 859/691/725 858/690/724
f 863/692/726 860/561/727 861/560/594
f 861/560/594 862/693/728 863/692/726
f 862/693/728 861/560/594 864/564/598
f 864/564/598 865/694/729 862/693/728
f 865/694/729 864/564/598 866/566/600
f 866/566/600 867/695/730 865/694/729
f 867/695/730 866/566/600 868/568/731
f 868/568/731 869/696/732 867/695/730
f 869/696/732 868/568/731 870/570/733
f 870/570/733 871/697/734 869/696/732
f 875/627/735 872/698/726 873/699/736
f 873/699/736 874/628/662 875/627/735
f 874/628/662 873/699/736 876/700/737
f 876/700/737 877/630/738 874/628/662
f 877/630/738 876/700/737 878/701/739
f 878/701/739 879/632/740 877/630/738
f 879/632/740 878/701/739 880/702/741
f 880/702/741 881/634/742 879/632/740
f 881/634/742 880/702/741 871/697/743
f 871/697/743 882/636/744 881/634/742
f 886/697/734 883/570/604 884/571/605
f 884/571/605 885/703/745 886/697/734
f 885/703/745 884/571/605 887/577/611
f 887/577/611 888/704/746 885/703/745
f 888/704/746 887/577/611 889/583/617
f 889/583/617 890/705/747 888/704/746
f 890/705/747 889/583/617 891/589/623
f 891/589/623 892/706/748 890/705/747
f 892/706/748 891/589/623 893/595/629
f 893/595/629 894/707/749 892/706/748
f 894/707/749 893/595/629 895/601/635
f 895/601/635 896/708/750 894/707/749
f 896/708/750 895/601/635 897/607/641
f 897/607/641 898/709/751 896/708/750
f 898/709/751 897/607/641 899/613/752
f 899/613/752 900/710/753 898/709/751
f 900/710/753 899/613/752 901/619/653
f 901/619/653 902/711/754 900/710/753
f 902/711/754 901/619/653 903/625/755
f 903/625/755 904/712/756 902/711/754
f 906/636/757 886/697/734 885/703/745
f 885/703/745 905/637/758 906/636/757
f 905/637/758 885/703/745 888/704/746
f 888/704/746 907/643/677 905/637/758
f 907/643/677 888/704/746 890/705/747
f 890/705/747 908/649/683 907/643/677
f 908/649/683 890/705/747 892/706/748
f 892/706/748 909/655/689 908/649/683
f 909/655/689 892/706/748 894/707/749
f 894/707/749 910/661/759 909/655/689
f 910/661/759 894/707/749 896/708/750
f 896/708/750 911/667/701 910/661/759
f 911/667/701 896/708/750 898/709/751
f 898/709/751 912/673/707 911/667/701
f 912/673/707 898/709/751 900/710/753
f 900/710/753 913/679/713 912/673/707
f 913/679/713 900/710/753 902/711/754
f 902/711/754 914/685/719 913/679/713
f 914/685/719 902/711/754 904/712/756
f 904/712/756 915/691/760 914/685/719
f 919/712/756 916/625/659 917/624/761
f 917/624/761 918/713/762 919/712/756
f 918/713/762 917/624/761 920/623/657
f 920/623/657 921/714/763 918/713/762
f 921/714/763 920/623/657 922/622/764
f 922/622/764 923/715/765 921/714/763
f 923/715/765 922/622/764 924/621/766
f 924/621/766 925/716/767 923/715/765
f 925/716/767 924/621/766 926/620/654
f 926/620/654 927/717/768 925/716/767
f 929/691/760 919/712/756 918/713/762
f 918/713/762 928/718/769 929/691/760
f 928/718/769 918/713/762 921/714/763
f 921/714/763 930/719/723 928/718/769
f 930/719/723 921/714/763 923/715/765
f 923/715/765 931/720/770 930/719/723
f 931/720/770 923/715/765 925/716/767
f 925/716/767 932/721/721 931/720/770
f 932/721/721 925/716/767 927/717/768
f 927/717/768 933/722/771 932/721/721
f 937/723/768 934/724/772 935/725/773
f 935/725/773 936/726/774 937/723/768
f 936/726/774 935/725/773 938/727/642
f 938/727/642 939/728/775 936/726/774
f 939/728/775 938/727/642 940/729/636
f 940/729/636 941/730/776 939/728/775
f 941/730/776 940/729/636 942/731/630
f 942/731/630 943/732/777 941/730/776
f 943/732/777 942/731/630 944/733/624
f 944/733/624 945/734/778 943/732/777
f 945/734/778 944/733/624 946/735/779
f 946/735/779 947/736/780 945/734/778
f 947/736/780 946/735/779 948/737/781
f 948/737/781 949/738/782 947/736/780
f 949/738/782 948/737/781 950/739/606
f 950/739/606 951/740/783 949/738/782
f 951/740/783 950/739/606 952/741/596
f 952/741/596 953/742/784 951/740/783
f 953/742/784 952/741/596 954/743/595
f 954/743/595 955/698/726 953/742/784
f 957/686/771 937/723/768 936/726/774
f 936/726/774 956/680/785 957/686/771
f 956/680/785 936/726/774 939/728/775
f 939/728/775 958/674/708 956/680/785
f 958/674/708 939/728/775 941/730/776
f 941/730/776 959/668/786 958/674/708
f 959/668/786 941/730/776 943/732/777
f 943/732/777 960/662/787 959/668/786
f 960/662/787 943/732/777 945/734/778
f 945/734/778 961/656/690 960/662/787
f 961/656/690 945/734/778 947/736/780
f 947/736/780 962/650/684 961/656/690
f 962/650/684 947/736/780 949/738/782
f 949/738/782 963/644/788 962/650/684
f 963/644/788 949/738/782 951/740/783
f 951/740/783 964/638/672 963/644/788
f 964/638/672 951/740/783 953/742/784
f 953/742/784 965/626/789 964/638/672
f 965/626/789 953/742/784 955/698/726
f 955/698/726 966/627/790 965/626/789
f 970/744/791 967/745/792 968/746/793
f 968/746/793 969/747/794 970/744/791
f 972/748/795 970/744/791 969/747/794
f 969/747/794 971/749/796 972/748/795
f 974/750/797 972/748/795 971/749/796
f 971/749/796 973/751/798 974/750/797
f 976/752/799 974/750/797 973/751/798
f 973/751/798 975/753/800 976/752/799
f 978/754/801 976/752/799 975/753/800
f 975/753/800 977/755/802 978/754/801
f 969/747/794 968/746/793 979/756/803
f 979/756/803 980/757/804 969/747/794
f 971/749/796 969/747/794 980/757/804
f 980/757/804 981/758/805 971/749/796
f 973/751/798 971/749/796 981/758/805
f 981/758/805 982/759/806 973/751/798
f 975/753/800 973/751/798 982/759/806
f 982/759/806 983/760/807 975/753/800
f 977/755/802 975/753/800 983/760/807
f 983/760/807 984/761/808 977/755/802
f 980/757/804 979/756/803 985/762/809
f 985/762/809 986/763/810 980/757/804
f 981/758/805 980/757/804 986/763/810
f 986/763/810 987/764/811 981/758/805
f 982/759/806 981/758/805 987/764/811
f 987/764/811 988/765/812 982/759/806
f 983/760/807 982/759/806 988/765/812
f 988/765/812 989/766/813 983/760/807
f 984/761/808 983/760/807 989/766/813
f 989/766/813 990/767/814 984/761/808
f 986/763/810 985/762/809 991/768/815
f 991/768/815 992/769/816 986/763/810
f 987/764/811 986/763/810 992/769/816
f 992/769/816 993/770/817 987/764/811
f 988/765/812 987/764/811 993/770/817
f 993/770/817 994/771/818 988/765/812
f 989/766/813 988/765/812 994/771/818
f 994/771/818 995/772/819 989/766/813
f 990/767/814 989/766/813 995/772/819
f 995/772/819 996/773/820 990/767/814
f 992/769/816 991/768/815 997/774/821
f 997/774/821 998/775/822 992/769/816
f 993/770/817 992/769/816 998/775/822
f 998/775/822 999/776/823 993/770/817
f 994/771/818 993/770/817 999/776/823
f 999/776/823 1000/777/824 994/771/818
f 995/772/819 994/771/818 1000/777/824
f 1000/777/824 1001/778/825 995/772/819
f 996/773/820 995/772/819 1001/778/825
f 1001/778/825 1002/779/826 996/773/820
f 998/775/822 997/774/821 1003/780/827
f 1003/780/827 1004/781/828 998/775/822
f 999/776/823 998/775/822 1004/781/828
f 1004/781/828 1005/782/829 999/776/823
f 1000/777/824 999/776/823 1005/782/829
f 1005/782/829 1006/783/830 1000/777/824
f 1001/778/825 1000/777/824 1006/783/830
f 1006/783/830 1007/784/831 1001/778/825
f 1002/779/826 1001/778/825 1007/784/831
f 1007/784/831 1008/785/832 1002/779/826
f 1004/781/828 1003/780/827 1009/786/833
f 1009/786/833 1010/787/834 1004/781/828
f 1005/782/829 1004/781/828 1010/787/834
f 1010/787/834 1011/788/835 1005/782/829
f 1006/783/830 1005/782/829 1011/788/835
f 1011/788/835 1012/789/836 1006/783/830
f 1007/784/831 1006/783/830 1012/789/836
f 1012/789/836 1013/790/837 1007/784/831
f 1008/785/832 1007/784/831 1013/790/837
f 1013/790/837 1014/791/838 1008/785/832
f 1010/787/834 1009/786/833 1015/792/839
f 1015/792/839 1016/793/840 1010/787/834
f 1011/788/835 1010/787/834 1016/793/840
f 1016/793/840 1017/794/841 1011/788/835
f 1012/789/836 1011/788/835 1017/794/841
f 1017/794/841 1018/795/842 1012/789/836
f 1013/790/837 1012/789/836 1018/795/842
f 1018/795/842 1019/796/843 1013/790/837
f 1014/791/838 1013/790/837 1019/796/843
f 1019/796/843 1020/797/844 1014/791/838
f 1016/793/840 1015/792/839 1021/798/845
f 1021/798/845 1022/799/846 1016/793/840
f 1017/794/841 1016/793/840 1022/799/846
f 1022/799/846 1023/800/847 1017/794/841
f 1018/795/842 1017/794/841 1023/800/847
f 1023/800/847 1024/801/848 1018/795/842
f 1019/796/843 1018/795/842 1024/801/848
f 1024/801/848 1025/802/849 1019/796/843
f 1020/797/844 1019/796/843 1025/802/849
f 1025/802/849 1026/803/850 1020/797/844
f 1022/799/846 1021/798/845 1027/804/851
f 1027/804/851 1028/805/852 1022/799/846
f 1023/800/847 1022/799/846 1028/805/852
f 1028/805/852 1029/806/853 1023/800/847
f 1024/801/848 1023/800/847 1029/806/853
f 1029/806/853 1030/807/854 1024/801/848
f 1025/802/849 1024/801/848 1030/807/854
f 1030/807/854 1031/808/855 1025/802/849
f 1026/803/850 1025/802/849 1031/808/855
f 1031/808/855 1032/809/856 1026/803/850
f 1036/810/857 1033/811/858 1034/812/859
f 1034/812/859 1035/813/860 1036/810/857
f 1035/813/860 1034/812/859 1037/814/861
f 1037/814/861 1038/815/862 1035/813/860
f 1038/815/862 1037/814/861 1039/816/863
f 1039/816/863 1040/817/864 1038/815/862
f 1040/817/864 1039/816/863 1041/818/865
f 1041/818/865 1042/819/866 1040/817/864
f 1042/819/866 1041/818/865 1043/820/867
f 1043/820/867 1044/821/868 1042/819/866
f 1046/822/869 1036/810/857 1035/813/860
f 1035/813/860 1045/823/870 1046/822/869
f 1045/823/870 1035/813/860 1038/815/862
f 1038/815/862 1047/824/871 1045/823/870
f 1047/824/871 1038/815/862 1040/817/864
f 1040/817/864 1048/825/872 1047/824/871
f 1048/825/872 1040/817/864 1042/819/866
f 1042/819/866 1049/826/873 1048/825/872
f 1049/826/873 1042/819/866 1044/821/868
f 1044/821/868 1050/827/874 1049/826/873
f 1052/828/875 1046/822/869 1045/823/870
f 1045/823/870 1051/829/876 1052/828/875
f 1051/829/876 1045/823/870 1047/824/871
f 1047/824/871 1053/830/877 1051/829/876
f 1053/830/877 1047/824/871 1048/825/872
f 1048/825/872 1054/831/878 1053/830/877
f 1054/831/878 1048/825/872 1049/826/873
f 1049/826/873 1055/832/879 1054/831/878
f 1055/832/879 1049/826/873 1050/827/874
f 1050/827/874 1056/833/880 1055/832/879
f 1058/834/881 1052/828/875 1051/829/876
f 1051/829/876 1057/835/882 1058/834/881
f 1057/835/882 1051/829/876 1053/830/877
f 1053/830/877 1059/836/883 1057/835/882
f 1059/836/883 1053/830/877 1054/831/878
f 1054/831/878 1060/837/884 1059/836/883
f 1060/837/884 1054/831/878 1055/832/879
f 1055/832/879 1061/838/885 1060/837/884
f 1061/838/885 1055/832/879 1056/833/880
f 1056/833/880 1062/839/886 1061/838/885
f 1064/840/887 1058/834/881 1057/835/882
f 1057/835/882 1063/841/888 1064/840/887
f 1063/841/888 1057/835/882 1059/836/883
f 1059/836/883 1065/842/889 1063/841/888
f 1065/842/889 1059/836/883 1060/837/884
f 1060/837/884 1066/843/890 1065/842/889
f 1066/843/890 1060/837/884 1061/838/885
f 1061/838/885 1067/844/891 1066/843/890
f 1067/844/891 1061/838/885 1062/839/886
f 1062/839/886 1068/845/892 1067/844/891
f 1070/846/893 1064/840/887 1063/841/888
f 1063/841/888 1069/847/894 1070/846/893
f 1069/847/894 1063/841/888 1065/842/889
f 1065/842/889 1071/848/895 1069/847/894
f 1071/848/895 1065/842/889 1066/843/890
f 1066/843/890 1072/849/896 1071/848/895
f 1072/849/896 1066/843/890 1067/844/891
f 1067/844/891 1073/850/897 1072/849/896
f 1073/850/897 1067/844/891 1068/845/892
f 1068/845/892 1074/851/898 1073/850/897
f 1076/852/899 1070/846/893 1069/847/894
f 1069/847/894 1075/853/900 1076/852/899
f 1075/853/900 1069/847/894 1071/848/895
f 1071/848/895 1077/854/901 1075/853/900
f 1077/854/901 1071/848/895 1072/849/896
f 1072/849/896 1078/855/902 1077/854/901
f 1078/855/902 1072/849/896 1073/850/897
f 1073/850/897 1079/856/903 1078/855/902
f 1079/856/903 1073/850/897 1074/851/898
f 1074/851/898 1080/857/904 1079/856/903
f 1082/858/905 1076/852/899 1075/853/900
f 1075/853/900 1081/859/906 1082/858/905
f 1081/859/906 1075/853/900 1077/854/901
f 1077/854/901 1083/860/907 1081/859/906
f 1083/860/907 1077/854/901 1078/855/902
f 1078/855/902 1084/861/908 1083/860/907
f 1084/861/908 1078/855/902 1079/856/903
f 1079/856/903 1085/862/909 1084/861/908
f 1085/862/909 1079/856/903 1080/857/904
f 1080/857/904 1086/863/910 1085/862/909
f 1088/864/911 1082/858/905 1081/859/906
f 1081/859/906 1087/865/912 1088/864/911
f 1087/865/912 1081/859/906 1083/860/907
f 1083/860/907 1089/866/913 1087/865/912
f 1089/866/913 1083/860/907 1084/861/908
f 1084/861/908 1090/867/914 1089/866/913
f 1090/867/914 1084/861/908 1085/862/909
f 1085/862/909 1091/868/915 1090/867/914
f 1091/868/915 1085/862/909 1086/863/910
f 1086/863/910 1092/869/916 1091/868/915
f 1094/870/917 1088/864/911 1087/865/912
f 1087/865/912 1093/871/918 1094/870/917
f 1093/871/918 1087/865/912 1089/866/913
f 1089/866/913 1095/872/919 1093/871/918
f 1095/872/919 1089/866/913 1090/867/914
f 1090/867/914 1096/873/920 1095/872/919
f 1096/873/920 1090/867/914 1091/868/915
f 1091/868/915 1097/874/921 1096/873/920
f 1097/874/921 1091/868/915 1092/869/916
f 1092/869/916 1098/875/922 1097/874/921
f 1102/876/923 1099/877/924 1100/878/925
f 1100/878/925 1101/879/926 1102/876/923
f 1101/879/926 1100/878/925 1103/880/795
f 1103/880/795 1104/881/927 1101/879/926
f 1104/881/927 1103/880/795 1105/882/928
f 1105/882/928 1106/883/929 1104/881/927
f 1106/883/929 1105/882/928 1107/884/930
f 1107/884/930 1108/885/931 1106/883/929
f 1108/885/931 1107/884/930 1109/754/801
f 1109/754/801 1110/886/932 1108/885/931
f 1112/811/858 1102/876/923 1101/879/926
f 1101/879/926 1111/812/933 1112/811/858
f 1111/812/933 1101/879/926 1104/881/927
f 1104/881/927 1113/814/861 1111/812/933
f 1113/814/861 1104/881/927 1106/883/929
f 1106/883/929 1114/816/863 1113/814/861
f 1114/816/863 1106/883/929 1108/885/931
f 1108/885/931 1115/818/865 1114/816/863
f 1115/818/865 1108/885/931 1110/886/932
f 1110/886/932 1116/820/867 1115/818/865
f 1120/886/932 1117/754/934 1118/755/802
f 1118/755/802 1119/887/935 1120/886/932
f 1119/887/935 1118/755/802 1121/761/936
f 1121/761/936 1122/888/937 1119/887/935
f 1122/888/937 1121/761/936 1123/767/814
f 1123/767/814 1124/889/938 1122/888/937
f 1124/889/938 1123/767/814 1125/773/820
f 1125/773/820 1126/890/939 1124/889/938
f 1126/890/939 1125/773/820 1127/779/826
f 1127/779/826 1128/891/940 1126/890/939
f 1128/891/940 1127/779/826 1129/785/941
f 1129/785/941 1130/892/942 1128/891/940
f 1130/892/942 1129/785/941 1131/791/838
f 1131/791/838 1132/893/943 1130/892/942
f 1132/893/943 1131/791/838 1133/797/944
f 1133/797/944 1134/894/945 1132/893/943
f 1134/894/945 1133/797/944 1135/803/850
f 1135/803/850 1136/895/946 1134/894/945
f 1136/895/946 1135/803/850 1137/809/856
f 1137/809/856 1138/896/947 1136/895/946
f 1140/820/948 1120/886/932 1119/887/935
f 1119/887/935 1139/821/949 1140/820/948
f 1139/821/949 1119/887/935 1122/888/937
f 1122/888/937 1141/827/950 1139/821/949
f 1141/827/950 1122/888/937 1124/889/938
f 1124/889/938 1142/833/880 1141/827/950
f 1142/833/880 1124/889/938 1126/890/939
f 1126/890/939 1143/839/951 1142/833/880
f 1143/839/951 1126/890/939 1128/891/940
f 1128/891/940 1144/845/952 1143/839/951
f 1144/845/952 1128/891/940 1130/892/942
f 1130/892/942 1145/851/898 1144/845/952
f 1145/851/898 1130/892/942 1132/893/943
f 1132/893/943 1146/857/953 1145/851/898
f 1146/857/953 1132/893/943 1134/894/945
f 1134/894/945 1147/863/910 1146/857/953
f 1147/863/910 1134/894/945 1136/895/946
f 1136/895/946 1148/869/916 1147/863/910
f 1148/869/916 1136/895/946 1138/896/947
f 1138/896/947 1149/875/922 1148/869/916
f 1153/896/947 1150/897/856 1151/898/855
f 1151/898/855 1152/899/954 1153/896/947
f 1152/899/954 1151/898/855 1154/900/854
f 1154/900/854 1155/901/955 1152/899/954
f 1155/901/955 1154/900/854 1156/902/853
f 1156/902/853 1157/903/956 1155/901/955
f 1157/903/956 1156/902/853 1158/904/852
f 1158/904/852 1159/905/957 1157/903/956
f 1159/905/957 1158/904/852 1160/906/851
f 1160/906/851 1161/907/958 1159/905/957
f 1163/875/922 1153/896/947 1152/899/954
f 1152/899/954 1162/874/959 1163/875/922
f 1162/874/959 1152/899/954 1155/901/955
f 1155/901/955 1164/873/960 1162/874/959
f 1164/873/960 1155/901/955 1157/903/956
f 1157/903/956 1165/872/919 1164/873/960
f 1165/872/919 1157/903/956 1159/905/957
f 1159/905/957 1166/871/961 1165/872/919
f 1166/871/961 1159/905/957 1161/907/958
f 1161/907/958 1167/870/962 1166/871/961
f 1171/907/958 1168/906/963 1169/908/845
f 1169/908/845 1170/909/964 1171/907/958
f 1170/909/964 1169/908/845 1172/910/839
f 1172/910/839 1173/911/965 1170/909/964
f 1173/911/965 1172/910/839 1174/912/833
f 1174/912/833 1175/913/966 1173/911/965
f 1175/913/966 1174/912/833 1176/914/827
f 1176/914/827 1177/915/967 1175/913/966
f 1177/915/967 1176/914/827 1178/916/821
f 1178/916/821 1179/917/968 1177/915/967
f 1179/917/968 1178/916/821 1180/918/815
f 1180/918/815 1181/919/969 1179/917/968
f 1181/919/969 1180/918/815 1182/920/970
f 1182/920/970 1183/921/971 1181/919/969
f 1183/921/971 1182/920/970 1184/922/803
f 1184/922/803 1185/923/972 1183/921/971
f 1185/923/972 1184/922/803 1186/924/793
f 1186/924/793 1187/925/973 1185/923/972
f 1187/925/973 1186/924/793 1188/926/974
f 1188/926/974 1189/876/923 1187/925/973
f 1191/870/962 1171/907/958 1170/909/964
f 1170/909/964 1190/864/911 1191/870/962
f 1190/864/911 1170/909/964 1173/911/965
f 1173/911/965 1192/858/905 1190/864/911
f 1192/858/905 1173/911/965 1175/913/966
f 1175/913/966 1193/852/899 1192/858/905
f 1193/852/899 1175/913/966 1177/915/967
f 1177/915/967 1194/846/893 1193/852/899
f 1194/846/893 1177/915/967 1179/917/968
f 1179/917/968 1195/840/887 1194/846/893
f 1195/840/887 1179/917/968 1181/919/969
f 1181/919/969 1196/834/881 1195/840/887
f 1196/834/881 1181/919/969 1183/921/971
f 1183/921/971 1197/828/975 1196/834/881
f 1197/828/975 1183/921/971 1185/923/972
f 1185/923/972 1198/822/869 1197/828/975
f 1198/822/869 1185/923/972 1187/925/973
f 1187/925/973 1199/810/976 1198/822/869
f 1199/810/976 1187/925/973 1189/876/923
f 1189/876/923 1200/811/977 1199/810/976
f 1204/927/978 1201/928/979 1202/929/980
f 1202/929/980 1203/930/981 1204/927/978
f 1206/931/982 1204/927/978 1203/930/981
f 1203/930/981 1205/932/983 1206/931/982
f 1208/933/984 1206/931/982 1205/932/983
f 1205/932/983 1207/934/985 1208/933/984
f 1210/935/986 1208/933/984 1207/934/985
f 1207/934/985 1209/936/987 1210/935/986
f 1212/937/988 1210/935/986 1209/936/987
f 1209/936/987 1211/938/989 1212/937/988
f 1203/930/981 1202/929/980 1213/939/990
f 1213/939/990 1214/940/991 1203/930/981
f 1205/932/983 1203/930/981 1214/940/991
f 1214/940/991 1215/941/992 1205/932/983
f 1207/934/985 1205/932/983 1215/941/992
f 1215/941/992 1216/942/993 1207/934/985
f 1209/936/987 1207/934/985 1216/942/993
f 1216/942/993 1217/943/994 1209/936/987
f 1211/938/989 1209/936/987 1217/943/994
f 1217/943/994 1218/944/995 1211/938/989
f 1214/940/991 1213/939/990 1219/945/996
f 1219/945/996 1220/946/997 1214/940/991
f 1215/941/992 1214/940/991 1220/946/997
f 1220/946/997 1221/947/998 1215/941/992
f 1216/942/993 1215/941/992 1221/947/998
f 1221/947/998 1222/948/999 1216/942/993
f 1217/943/994 1216/942/993 1222/948/999
f 1222/948/999 1223/949/1000 1217/943/994
f 1218/944/995 1217/943/994 1223/949/1000
f 1223/949/1000 1224/950/1001 1218/944/995
f 1220/946/997 1219/945/996 1225/951/1002
f 1225/951/1002 1226/952/1003 1220/946/997
f 1221/947/998 1220/946/997 1226/952/1003
f 1226/952/1003 1227/953/1004 1221/947/998
f 1222/948/999 1221/947/998 1227/953/1004
f 1227/953/1004 1228/954/1005 1222/948/999
f 1223/949/1000 1222/948/999 1228/954/1005
f 1228/954/1005 1229/955/1006 1223/949/1000
f 1224/950/1001 1223/949/1000 1229/955/1006
f 1229/955/1006 1230/956/1007 1224/950/1001
f 1226/952/1003 1225/951/1002 1231/957/1008
f 1231/957/1008 1232/958/1009 1226/952/1003
f 1227/953/1004 1226/952/1003 1232/958/1009
f 1232/958/1009 1233/959/1010 1227/953/1004
f 1228/954/1005 1227/953/1004 1233/959/1010
f 1233/959/1010 1234/960/1011 1228/954/1005
f 1229/955/1006 1228/954/1005 1234/960/1011
f 1234/960/1011 1235/961/1012 1229/955/1006
f 1230/956/1007 1229/955/1006 1235/961/1012
f 1235/961/1012 1236/962/1013 1230/956/1007
f 1232/958/1009 1231/957/1008 1237/963/1014
f 1237/963/1014 1238/964/1015 1232/958/1009
f 1233/959/1010 1232/958/1009 1238/964/1015
f 1238/964/1015 1239/965/1016 1233/959/1010
f 1234/960/1011 1233/959/1010 1239/965/1016
f 1239/965/1016 1240/966/1017 1234/960/1011
f 1235/961/1012 1234/960/1011 1240/966/1017
f 1240/966/1017 1241/967/1018 1235/961/1012
f 1236/962/1013 1235/961/1012 1241/967/1018
f 1241/967/1018 1242/968/1019 1236/962/1013
f 1238/964/1015 1237/963/1014 1243/969/1020
f 1243/969/1020 1244/970/1021 1238/964/1015
f 1239/965/1016 1238/964/1015 1244/970/1021
f 1244/970/1021 1245/971/1022 1239/965/1016
f 1240/966/1017 1239/965/1016 1245/971/1022
f 1245/971/1022 1246/972/1023 1240/966/1017
f 1241/967/1018 1240/966/1017 1246/972/1023
f 1246/972/1023 1247/973/1024 1241/967/1018
f 1242/968/1019 1241/967/1018 1247/973/1024
f 1247/973/1024 1248/974/1025 1242/968/1019
f 1244/970/1021 1243/969/1020 1249/975/1026
f 1249/975/1026 1250/976/1027 1244/970/1021
f 1245/971/1022 1244/970/1021 1250/976/1027
f 1250/976/1027 1251/977/1028 1245/971/1022
f 1246/972/1023 1245/971/1022 1251/977/1028
f 1251/977/1028 1252/978/1029 1246/972/1023
f 1247/973/1024 1246/972/1023 1252/978/1029
f 1252/978/1029 1253/979/1030 1247/973/1024
f 1248/974/1025 1247/973/1024 1253/979/1030
f 1253/979/1030 1254/980/1031 1248/974/1025
f 1250/976/1027 1249/975/1026 1255/981/1032
f 1255/981/1032 1256/982/1033 1250/976/1027
f 1251/977/1028 1250/976/1027 1256/982/1033
f 1256/982/1033 1257/983/1034 1251/977/1028
f 1252/978/1029 1251/977/1028 1257/983/1034
f 1257/983/1034 1258/984/1035 1252/978/1029
f 1253/979/1030 1252/978/1029 1258/984/1035
f 1258/984/1035 1259/985/1036 1253/979/1030
f 1254/980/1031 1253/979/1030 1259/985/1036
f 1259/985/1036 1260/986/1037 1254/980/1031
f 1256/982/1033 1255/981/1032 1261/987/1038
f 1261/987/1038 1262/988/1039 1256/982/1033
f 1257/983/1034 1256/982/1033 1262/988/1039
f 1262/988/1039 1263/989/1040 1257/983/1034
f 1258/984/1035 1257/983/1034 1263/989/1040
f 1263/989/1040 1264/990/1041 1258/984/1035
f 1259/985/1036 1258/984/1035 1264/990/1041
f 1264/990/1041 1265/991/1042 1259/985/1036
f 1260/986/1037 1259/985/1036 1265/991/1042
f 1265/991/1042 1266/992/1043 1260/986/1037
f 1270/993/1044 1267/994/1045 1268/995/1046
f 1268/995/1046 1269/996/1047 1270/993/1044
f 1269/996/1047 1268/995/1046 1271/997/1048
f 1271/997/1048 1272/998/1049 1269/996/1047
f 1272/998/1049 1271/997/1048 1273/999/1050
f 1273/999/1050 1274/1000/1051 1272/998/1049
f 1274/1000/1051 1273/999/1050 1275/1001/1052
f 1275/1001/1052 1276/1002/1053 1274/1000/1051
f 1276/1002/1053 1275/1001/1052 1277/1003/1054
f 1277/1003/1054 1278/1004/1055 1276/1002/1053
f 1280/1005/1056 1270/993/1044 1269/996/1047
f 1269/996/1047 1279/1006/1057 1280/1005/1056
f 1279/1006/1057 1269/996/1047 1272/998/1049
f 1272/998/1049 1281/1007/1058 1279/1006/1057
f 1281/1007/1058 1272/998/1049 1274/1000/1051
f 1274/1000/1051 1282/1008/1059 1281/1007/1058
f 1282/1008/1059 1274/1000/1051 1276/1002/1053
f 1276/1002/1053 1283/1009/1060 1282/1008/1059
f 1283/1009/1060 1276/1002/1053 1278/1004/1055
f 1278/1004/1055 1284/1010/1061 1283/1009/1060
f 1286/1011/1062 1280/1005/1056 1279/1006/1057
f 1279/1006/1057 1285/1012/1063 1286/1011/1062
f 1285/1012/1063 1279/1006/1057 1281/1007/1058
f 1281/1007/1058 1287/1013/1064 1285/1012/1063
f 1287/1013/1064 1281/1007/1058 1282/1008/1059
f 1282/1008/1059 1288/1014/1065 1287/1013/1064
f 1288/1014/1065 1282/1008/1059 1283/1009/1060
f 1283/1009/1060 1289/1015/1066 1288/1014/1065
f 1289/1015/1066 1283/1009/1060 1284/1010/1061
f 1284/1010/1061 1290/1016/1067 1289/1015/1066
f 1292/1017/1068 1286/1011/1062 1285/1012/1063
f 1285/1012/1063 1291/1018/1069 1292/1017/1068
f 1291/1018/1069 1285/1012/1063 1287/1013/1064
f 1287/1013/1064 1293/1019/1070 1291/1018/1069
f 1293/1019/1070 1287/1013/1064 1288/1014/1065
f 1288/1014/1065 1294/1020/1071 1293/1019/1070
f 1294/1020/1071 1288/1014/1065 1289/1015/1066
f 1289/1015/1066 1295/1021/1072 1294/1020/1071
f 1295/1021/1072 1289/1015/1066 1290/1016/1067
f 1290/1016/1067 1296/1022/1073 1295/1021/1072
f 1298/1023/1074 1292/1017/1068 1291/1018/1069
f 1291/1018/1069 1297/1024/1075 1298/1023/1074
f 1297/1024/1075 1291/1018/1069 1293/1019/1070
f 1293/1019/1070 1299/1025/1076 1297/1024/1075
f 1299/1025/1076 1293/1019/1070 1294/1020/1071
f 1294/1020/1071 1300/1026/1077 1299/1025/1076
f 1300/1026/1077 1294/1020/1071 1295/1021/1072
f 1295/1021/1072 1301/1027/1078 1300/1026/1077
f 1301/1027/1078 1295/1021/1072 1296/1022/1073
f 1296/1022/1073 1302/1028/1079 1301/1027/1078
f 1304/1029/1080 1298/1023/1074 1297/1024/1075
f 1297/1024/1075 1303/1030/1081 1304/1029/1080
f 1303/1030/1081 1297/1024/1075 1299/1025/1076
f 1299/1025/1076 1305/1031/1082 1303/1030/1081
f 1305/1031/1082 1299/1025/1076 1300/1026/1077
f 1300/1026/1077 1306/1032/1083 1305/1031/1082
f 1306/1032/1083 1300/1026/1077 1301/1027/1078
f 1301/1027/1078 1307/1033/1084 1306/1032/1083
f 1307/1033/1084 1301/1027/1078 1302/1028/1079
f 1302/1028/1079 1308/1034/1085 1307/1033/1084
f 1310/1035/1086 1304/1029/1080 1303/1030/1081
f 1303/1030/1081 1309/1036/1087 1310/1035/1086
f 1309/1036/1087 1303/1030/1081 1305/1031/1082
f 1305/1031/1082 1311/1037/1088 1309/1036/1087
f 1311/1037/1088 1305/1031/1082 1306/1032/1083
f 1306/1032/1083 1312/1038/1089 1311/1037/1088
f 1312/1038/1089 1306/1032/1083 1307/1033/1084
f 1307/1033/1084 1313/1039/1090 1312/1038/1089
f 1313/1039/1090 1307/1033/1084 1308/1034/1085
f 1308/1034/1085 1314/1040/1091 1313/1039/1090
f 1316/1041/1092 1310/1035/1086 1309/1036/1087
f 1309/1036/1087 1315/1042/1093 1316/1041/1092
f 1315/1042/1093 1309/1036/1087 1311/1037/1088
f 1311/1037/1088 1317/1043/1094 1315/1042/1093
f 1317/1043/1094 1311/1037/1088 1312/1038/1089
f 1312/1038/1089 1318/1044/1095 1317/1043/1094
f 1318/1044/1095 1312/1038/1089 1313/1039/1090
f 1313/1039/1090 1319/1045/1096 1318/1044/1095
f 1319/1045/1096 1313/1039/1090 1314/1040/1091
f 1314/1040/1091 1320/1046/1097 1319/1045/1096
f 1322/1047/1098 1316/1041/1092 1315/1042/1093
f 1315/1042/1093 1321/1048/1099 1322/1047/1098
f 1321/1048/1099 1315/1042/1093 1317/1043/1094
f 1317/1043/1094 1323/1049/1100 1321/1048/1099
f 1323/1049/1100 1317/1043/1094 1318/1044/1095
f 1318/1044/1095 1324/1050/1101 1323/1049/1100
f 1324/1050/1101 1318/1044/1095 1319/1045/1096
f 1319/1045/1096 1325/1051/1102 1324/1050/1101
f 1325/1051/1102 1319/1045/1096 1320/1046/1097
f 1320/1046/1097 1326/1052/1103 1325/1051/1102
f 1328/1053/1104 1322/1047/1098 1321/1048/1099
f 1321/1048/1099 1327/1054/1105 1328/1053/1104
f 1327/1054/1105 1321/1048/1099 1323/1049/1100
f 1323/1049/1100 1329/1055/1106 1327/1054/1105
f 1329/1055/1106 1323/1049/1100 1324/1050/1101
f 1324/1050/1101 1330/1056/1107 1329/1055/1106
f 1330/1056/1107 1324/1050/1101 1325/1051/1102
f 1325/1051/1102 1331/1057/1108 1330/1056/1107
f 1331/1057/1108 1325/1051/1102 1326/1052/1103
f 1326/1052/1103 1332/1058/1109 1331/1057/1108
f 1336/1059/1110 1333/1060/979 1334/1061/978
f 1334/1061/978 1335/1062/1111 1336/1059/1110
f 1335/1062/1111 1334/1061/978 1337/1063/1112
f 1337/1063/1112 1338/1064/1113 1335/1062/1111
f 1338/1064/1113 1337/1063/1112 1339/1065/1114
f 1339/1065/1114 1340/1066/1115 1338/1064/1113
f 1340/1066/1115 1339/1065/1114 1341/1067/1116
f 1341/1067/1116 1342/1068/1117 1340/1066/1115
f 1342/1068/1117 1341/1067/1116 1343/1069/988
f 1343/1069/988 1344/1070/1118 1342/1068/1117
f 1346/994/1119 1336/1059/1110 1335/1062/1111
f 1335/1062/1111 1345/995/1046 1346/994/1119
f 1345/995/1046 1335/1062/1111 1338/1064/1113
f 1338/1064/1113 1347/997/1120 1345/995/1046
f 1347/997/1120 1338/1064/1113 1340/1066/1115
f 1340/1066/1115 1348/999/1050 1347/997/1120
f 1348/999/1050 1340/1066/1115 1342/1068/1117
f 1342/1068/1117 1349/1001/1052 1348/999/1050
f 1349/1001/1052 1342/1068/1117 1344/1070/1118
f 1344/1070/1118 1350/1003/1121 1349/1001/1052
f 1354/1070/1122 1351/937/1123 1352/938/989
f 1352/938/989 1353/1071/1124 1354/1070/1122
f 1353/1071/1124 1352/938/989 1355/944/995
f 1355/944/995 1356/1072/1125 1353/1071/1124
f 1356/1072/1125 1355/944/995 1357/950/1126
f 1357/950/1126 1358/1073/1127 1356/1072/1125
f 1358/1073/1127 1357/950/1126 1359/956/1128
f 1359/956/1128 1360/1074/1129 1358/1073/1127
f 1360/1074/1129 1359/956/1128 1361/962/1013
f 1361/962/1013 1362/1075/1130 1360/1074/1129
f 1362/1075/1130 1361/962/1013 1363/968/1131
f 1363/968/1131 1364/1076/1132 1362/1075/1130
f 1364/1076/1132 1363/968/1131 1365/974/1025
f 1365/974/1025 1366/1077/1133 1364/1076/1132
f 1366/1077/1133 1365/974/1025 1367/980/1134
f 1367/980/1134 1368/1078/1135 1366/1077/1133
f 1368/1078/1135 1367/980/1134 1369/986/1136
f 1369/986/1136 1370/1079/1137 1368/1078/1135
f 1370/1079/1137 1369/986/1136 1371/992/1043
f 1371/992/1043 1372/1080/1138 1370/1079/1137
f 1374/1003/1054 1354/1070/1122 1353/1071/1124
f 1353/1071/1124 1373/1004/1139 1374/1003/1054
f 1373/1004/1139 1353/1071/1124 1356/1072/1125
f 1356/1072/1125 1375/1010/1140 1373/1004/1139
f 1375/1010/1140 1356/1072/1125 1358/1073/1127
f 1358/1073/1127 1376/1016/1067 1375/1010/1140
f 1376/1016/1067 1358/1073/1127 1360/1074/1129
f 1360/1074/1129 1377/1022/1141 1376/1016/1067
f 1377/1022/1141 1360/1074/1129 1362/1075/1130
f 1362/1075/1130 1378/1028/1079 1377/1022/1141
f 1378/1028/1079 1362/1075/1130 1364/1076/1132
f 1364/1076/1132 1379/1034/1085 1378/1028/1079
f 1379/1034/1085 1364/1076/1132 1366/1077/1133
f 1366/1077/1133 1380/1040/1091 1379/1034/1085
f 1380/1040/1091 1366/1077/1133 1368/1078/1135
f 1368/1078/1135 1381/1046/1097 1380/1040/1091
f 1381/1046/1097 1368/1078/1135 1370/1079/1137
f 1370/1079/1137 1382/1052/1142 1381/1046/1097
f 1382/1052/1142 1370/1079/1137 1372/1080/1138
f 1372/1080/1138 1383/1058/1143 1382/1052/1142
f 1387/1080/1138 1384/1081/1043 1385/1082/1042
f 1385/1082/1042 1386/1083/1144 1387/1080/1138
f 1386/1083/1144 1385/1082/1042 1388/1084/1145
f 1388/1084/1145 1389/1085/1146 1386/1083/1144
f 1389/1085/1146 1388/1084/1145 1390/1086/1147
f 1390/1086/1147 1391/1087/1148 1389/1085/1146
f 1391/1087/1148 1390/1086/1147 1392/1088/1039
f 1392/1088/1039 1393/1089/1149 1391/1087/1148
f 1393/1089/1149 1392/1088/1039 1394/1090/1038
f 1394/1090/1038 1395/1091/1150 1393/1089/1149
f 1397/1058/1143 1387/1080/1138 1386/1083/1144
f 1386/1083/1144 1396/1057/1108 1397/1058/1143
f 1396/1057/1108 1386/1083/1144 1389/1085/1146
f 1389/1085/1146 1398/1056/1151 1396/1057/1108
f 1398/1056/1151 1389/1085/1146 1391/1087/1148
f 1391/1087/1148 1399/1055/1106 1398/1056/1151
f 1399/1055/1106 1391/1087/1148 1393/1089/1149
f 1393/1089/1149 1400/1054/1105 1399/1055/1106
f 1400/1054/1105 1393/1089/1149 1395/1091/1150
f 1395/1091/1150 1401/1053/1152 1400/1054/1105
f 1405/1091/1153 1402/1090/1038 1403/1092/1032
f 1403/1092/1032 1404/1093/1154 1405/1091/1153
f 1404/1093/1154 1403/1092/1032 1406/1094/1155
f 1406/1094/1155 1407/1095/1156 1404/1093/1154
f 1407/1095/1156 1406/1094/1155 1408/1096/1020
f 1408/1096/1020 1409/1097/1157 1407/1095/1156
f 1409/1097/1157 1408/1096/1020 1410/1098/1158
f 1410/1098/1158 1411/1099/1159 1409/1097/1157
f 1411/1099/1159 1410/1098/1158 1412/1100/1008
f 1412/1100/1008 1413/1101/1160 1411/1099/1159
f 1413/1101/1160 1412/1100/1008 1414/1102/1161
f 1414/1102/1161 1415/1103/1162 1413/1101/1160
f 1415/1103/1162 1414/1102/1161 1416/1104/996
f 1416/1104/996 1417/1105/1163 1415/1103/1162
f 1417/1105/1163 1416/1104/996 1418/1106/990
f 1418/1106/990 1419/1107/1164 1417/1105/1163
f 1419/1107/1164 1418/1106/990 1420/1108/1165
f 1420/1108/1165 1421/1109/1166 1419/1107/1164
f 1421/1109/1166 1420/1108/1165 1422/1060/979
f 1422/1060/979 1423/1059/1167 1421/1109/1166
f 1425/1053/1168 1405/1091/1153 1404/1093/1154
f 1404/1093/1154 1424/1047/1098 1425/1053/1168
f 1424/1047/1098 1404/1093/1154 1407/1095/1156
f 1407/1095/1156 1426/1041/1092 1424/1047/1098
f 1426/1041/1092 1407/1095/1156 1409/1097/1157
f 1409/1097/1157 1427/1035/1086 1426/1041/1092
f 1427/1035/1086 1409/1097/1157 1411/1099/1159
f 1411/1099/1159 1428/1029/1080 1427/1035/1086
f 1428/1029/1080 1411/1099/1159 1413/1101/1160
f 1413/1101/1160 1429/1023/1169 1428/1029/1080
f 1429/1023/1169 1413/1101/1160 1415/1103/1162
f 1415/1103/1162 1430/1017/1170 1429/1023/1169
f 1430/1017/1170 1415/1103/1162 1417/1105/1163
f 1417/1105/1163 1431/1011/1171 1430/1017/1170
f 1431/1011/1171 1417/1105/1163 1419/1107/1164
f 1419/1107/1164 1432/1005/1056 1431/1011/1171
f 1432/1005/1056 1419/1107/1164 1421/1109/1166
f 1421/1109/1166 1433/993/1044 1432/1005/1056
f 1433/993/1044 1421/1109/1166 1423/1059/1167
f 1423/1059/1167 1434/994/1119 1433/993/1044
f 1438/1110/1172 1435/1111/1173 1436/1112/1174
f 1436/1112/1174 1437/1113/1175 1438/1110/1172
f 1440/1114/1176 1438/1110/1172 1437/1113/1175
f 1437/1113/1175 1439/1115/1177 1440/1114/1176
f 1442/1116/1178 1440/1114/1176 1439/1115/1177
f 1439/1115/1177 1441/1117/1179 1442/1116/1178
f 1444/1118/1180 1442/1116/1178 1441/1117/1179
f 1441/1117/1179 1443/1119/1181 1444/1118/1180
f 1446/1120/1182 1444/1118/1180 1443/1119/1181
f 1443/1119/1181 1445/1121/1183 1446/1120/1182
f 1437/1113/1175 1436/1112/1174 1447/1122/1184
f 1447/1122/1184 1448/1123/1185 1437/1113/1175
f 1439/1115/1177 1437/1113/1175 1448/1123/1185
f 1448/1123/1185 1449/1124/1186 1439/1115/1177
f 1441/1117/1179 1439/1115/1177 1449/1124/1186
f 1449/1124/1186 1450/1125/1187 1441/1117/1179
f 1443/1119/1181 1441/1117/1179 1450/1125/1187
f 1450/1125/1187 1451/1126/1188 1443/1119/1181
f 1445/1121/1183 1443/1119/1181 1451/1126/1188
f 1451/1126/1188 1452/1127/1189 1445/1121/1183
f 1448/1123/1185 1447/1122/1184 1453/1128/1190
f 1453/1128/1190 1454/1129/1191 1448/1123/1185
f 1449/1124/1186 1448/1123/1185 1454/1129/1191
f 1454/1129/1191 1455/1130/1192 1449/1124/1186
f 1450/1125/1187 1449/1124/1186 1455/1130/1192
f 1455/1130/1192 1456/1131/1193 1450/1125/1187
f 1451/1126/1188 1450/1125/1187 1456/1131/1193
f 1456/1131/1193 1457/1132/1194 1451/1126/1188
f 1452/1127/1189 1451/1126/1188 1457/1132/1194
f 1457/1132/1194 1458/1133/1195 1452/1127/1189
f 1454/1129/1191 1453/1128/1190 1459/1134/1196
f 1459/1134/1196 1460/1135/1197 1454/1129/1191
f 1455/1130/1192 1454/1129/1191 1460/1135/1197
f 1460/1135/1197 1461/1136/1198 1455/1130/1192
f 1456/1131/1193 1455/1130/1192 1461/1136/1198
f 1461/1136/1198 1462/1137/1199 1456/1131/1193
f 1457/1132/1194 1456/1131/1193 1462/1137/1199
f 1462/1137/1199 1463/1138/1200 1457/1132/1194
f 1458/1133/1195 1457/1132/1194 1463/1138/1200
f 1463/1138/1200 1464/1139/1201 1458/1133/1195
f 1460/1135/1197 1459/1134/1196 1465/1140/1202
f 1465/1140/1202 1466/1141/1203 1460/1135/1197
f 1461/1136/1198 1460/1135/1197 1466/1141/1203
f 1466/1141/1203 1467/1142/1204 1461/1136/1198
f 1462/1137/1199 1461/1136/1198 1467/1142/1204
f 1467/1142/1204 1468/1143/1205 1462/1137/1199
f 1463/1138/1200 1462/1137/1199 1468/1143/1205
f 1468/1143/1205 1469/1144/1206 1463/1138/1200
f 1464/1139/1201 1463/1138/1200 1469/1144/1206
f 1469/1144/1206 1470/1145/1207 1464/1139/1201
f 1466/1141/1203 1465/1140/1202 1471/1146/1208
f 1471/1146/1208 1472/1147/1209 1466/1141/1203
f 1467/1142/1204 1466/1141/1203 1472/1147/1209
f 1472/1147/1209 1473/1148/1210 1467/1142/1204
f 1468/1143/1205 1467/1142/1204 1473/1148/1210
f 1473/1148/1210 1474/1149/1211 1468/1143/1205
f 1469/1144/1206 1468/1143/1205 1474/1149/1211
f 1474/1149/1211 1475/1150/1212 1469/1144/1206
f 1470/1145/1207 1469/1144/1206 1475/1150/1212
f 1475/1150/1212 1476/1151/1213 1470/1145/1207
f 1472/1147/1209 1471/1146/1208 1477/1152/1214
f 1477/1152/1214 1478/1153/1215 1472/1147/1209
f 1473/1148/1210 1472/1147/1209 1478/1153/1215
f 1478/1153/1215 1479/1154/1216 1473/1148/1210
f 1474/1149/1211 1473/1148/1210 1479/1154/1216
f 1479/1154/1216 1480/1155/1217 1474/1149/1211
f 1475/1150/1212 1474/1149/1211 1480/1155/1217
f 1480/1155/1217 1481/1156/1218 1475/1150/1212
f 1476/1151/1213 1475/1150/1212 1481/1156/1218
f 1481/1156/1218 1482/1157/1219 1476/1151/1213
f 1478/1153/1215 1477/1152/1214 1483/1158/1220
f 1483/1158/1220 1484/1159/1221 1478/1153/1215
f 1479/1154/1216 1478/1153/1215 1484/1159/1221
f 1484/1159/1221 1485/1160/1222 1479/1154/1216
f 1480/1155/1217 1479/1154/1216 1485/1160/1222
f 1485/1160/1222 1486/1161/1223 1480/1155/1217
f 1481/1156/1218 1480/1155/1217 1486/1161/1223
f 1486/1161/1223 1487/1162/1224 1481/1156/1218
f 1482/1157/1219 1481/1156/1218 1487/1162/1224
f 1487/1162/1224 1488/1163/1225 1482/1157/1219
f 1484/1159/1221 1483/1158/1220 1489/1164/1226
f 1489/1164/1226 1490/1165/1227 1484/1159/1221
f 1485/1160/1222 1484/1159/1221 1490/1165/1227
f 1490/1165/1227 1491/1166/1228 1485/1160/1222
f 1486/1161/1223 1485/1160/1222 1491/1166/1228
f 1491/1166/1228 1492/1167/1229 1486/1161/1223
f 1487/1162/1224 1486/1161/1223 1492/1167/1229
f 1492/1167/1229 1493/1168/1230 1487/1162/1224
f 1488/1163/1225 1487/1162/1224 1493/1168/1230
f 1493/1168/1230 1494/1169/1231 1488/1163/1225
f 1490/1165/1227 1489/1164/1226 1495/1170/1232
f 1495/1170/1232 1496/1171/1233 1490/1165/1227
f 1491/1166/1228 1490/1165/1227 1496/1171/1233
f 1496/1171/1233 1497/1172/1234 1491/1166/1228
f 1492/1167/1229 1491/1166/1228 1497/1172/1234
f 1497/1172/1234 1498/1173/1235 1492/1167/1229
f 1493/1168/1230 1492/1167/1229 1498/1173/1235
f 1498/1173/1235 1499/1174/1236 1493/1168/1230
f 1494/1169/1231 1493/1168/1230 1499/1174/1236
f 1499/1174/1236 1500/1175/1237 1494/1169/1231
f 1504/1176/1238 1501/1177/1239 1502/1178/1240
f 1502/1178/1240 1503/1179/1241 1504/1176/1238
f 1503/1179/1241 1502/1178/1240 1505/1180/1242
f 1505/1180/1242 1506/1181/1243 1503/1179/1241
f 1506/1181/1243 1505/1180/1242 1507/1182/1244
f 1507/1182/1244 1508/1183/1245 1506/1181/1243
f 1508/1183/1245 1507/1182/1244 1509/1184/1246
f 1509/1184/1246 1510/1185/1247 1508/1183/1245
f 1510/1185/1247 1509/1184/1246 1511/1186/1248
f 1511/1186/1248 1512/1187/1249 1510/1185/1247
f 1514/1188/1250 1504/1176/1238 1503/1179/1241
f 1503/1179/1241 1513/1189/1251 1514/1188/1250
f 1513/1189/1251 1503/1179/1241 1506/1181/1243
f 1506/1181/1243 1515/1190/1252 1513/1189/1251
f 1515/1190/1252 1506/1181/1243 1508/1183/1245
f 1508/1183/1245 1516/1191/1253 1515/1190/1252
f 1516/1191/1253 1508/1183/1245 1510/1185/1247
f 1510/1185/1247 1517/1192/1254 1516/1191/1253
f 1517/1192/1254 1510/1185/1247 1512/1187/1249
f 1512/1187/1249 1518/1193/1255 1517/1192/1254
f 1520/1194/1256 1514/1188/1250 1513/1189/1251
f 1513/1189/1251 1519/1195/1257 1520/1194/1256
f 1519/1195/1257 1513/1189/1251 1515/1190/1252
f 1515/1190/1252 1521/1196/1258 1519/1195/1257
f 1521/1196/1258 1515/1190/1252 1516/1191/1253
f 1516/1191/1253 1522/1197/1259 1521/1196/1258
f 1522/1197/1259 1516/1191/1253 1517/1192/1254
f 1517/1192/1254 1523/1198/1260 1522/1197/1259
f 1523/1198/1260 1517/1192/1254 1518/1193/1255
f 1518/1193/1255 1524/1199/1261 1523/1198/1260
f 1526/1200/1262 1520/1194/1256 1519/1195/1257
f 1519/1195/1257 1525/1201/1263 1526/1200/1262
f 1525/1201/1263 1519/1195/1257 1521/1196/1258
f 1521/1196/1258 1527/1202/1264 1525/1201/1263
f 1527/1202/1264 1521/1196/1258 1522/1197/1259
f 1522/1197/1259 1528/1203/1265 1527/1202/1264
f 1528/1203/1265 1522/1197/1259 1523/1198/1260
f 1523/1198/1260 1529/1204/1266 1528/1203/1265
f 1529/1204/1266 1523/1198/1260 1524/1199/1261
f 1524/1199/1261 1530/1205/1267 1529/1204/1266
f 1532/1206/1268 1526/1200/1262 1525/1201/1263
f 1525/1201/1263 1531/1207/1269 1532/1206/1268
f 1531/1207/1269 1525/1201/1263 1527/1202/1264
f 1527/1202/1264 1533/1208/1270 1531/1207/1269
f 1533/1208/1270 1527/1202/1264 1528/1203/1265
f 1528/1203/1265 1534/1209/1271 1533/1208/1270
f 1534/1209/1271 1528/1203/1265 1529/1204/1266
f 1529/1204/1266 1535/1210/1272 1534/1209/1271
f 1535/1210/1272 1529/1204/1266 1530/1205/1267
f 1530/1205/1267 1536/1211/1273 1535/1210/1272
f 1538/1212/1274 1532/1206/1268 1531/1207/1269
f 1531/1207/1269 1537/1213/1275 1538/1212/1274
f 1537/1213/1275 1531/1207/1269 1533/1208/1270
f 1533/1208/1270 1539/1214/1276 1537/1213/1275
f 1539/1214/1276 1533/1208/1270 1534/1209/1271
f 1534/1209/1271 1540/1215/1277 1539/1214/1276
f 1540/1215/1277 1534/1209/1271 1535/1210/1272
f 1535/1210/1272 1541/1216/1278 1540/1215/1277
f 1541/1216/1278 1535/1210/1272 1536/1211/1273
f 1536/1211/1273 1542/1217/1279 1541/1216/1278
f 1544/1218/1280 1538/1212/1274 1537/1213/1275
f 1537/1213/1275 1543/1219/1281 1544/1218/1280
f 1543/1219/1281 1537/1213/1275 1539/1214/1276
f 1539/1214/1276 1545/1220/1282 1543/1219/1281
f 1545/1220/1282 1539/1214/1276 1540/1215/1277
f 1540/1215/1277 1546/1221/1283 1545/1220/1282
f 1546/1221/1283 1540/1215/1277 1541/1216/1278
f 1541/1216/1278 1547/1222/1284 1546/1221/1283
f 1547/1222/1284 1541/1216/1278 1542/1217/1279
f 1542/1217/1279 1548/1223/1285 1547/1222/1284
f 1550/1224/1286 1544/1218/1280 1543/1219/1281
f 1543/1219/1281 1549/1225/1287 1550/1224/1286
f 1549/1225/1287 1543/1219/1281 1545/1220/1282
f 1545/1220/1282 1551/1226/1288 1549/1225/1287
f 1551/1226/1288 1545/1220/1282 1546/1221/1283
f 1546/1221/1283 1552/1227/1289 1551/1226/1288
f 1552/1227/1289 1546/1221/1283 1547/1222/1284
f 1547/1222/1284 1553/1228/1290 1552/1227/1289
f 1553/1228/1290 1547/1222/1284 1548/1223/1285
f 1548/1223/1285 1554/1229/1291 1553/1228/1290
f 1556/1230/1292 1550/1224/1286 1549/1225/1287
f 1549/1225/1287 1555/1231/1293 1556/1230/1292
f 1555/1231/1293 1549/1225/1287 1551/1226/1288
f 1551/1226/1288 1557/1232/1294 1555/1231/1293
f 1557/1232/1294 1551/1226/1288 1552/1227/1289
f 1552/1227/1289 1558/1233/1295 1557/1232/1294
f 1558/1233/1295 1552/1227/1289 1553/1228/1290
f 1553/1228/1290 1559/1234/1296 1558/1233/1295
f 1559/1234/1296 1553/1228/1290 1554/1229/1291
f 1554/1229/1291 1560/1235/1297 1559/1234/1296
f 1562/1236/1298 1556/1230/1292 1555/1231/1293
f 1555/1231/1293 1561/1237/1299 1562/1236/1298
f 1561/1237/1299 1555/1231/1293 1557/1232/1294
f 1557/1232/1294 1563/1238/1300 1561/1237/1299
f 1563/1238/1300 1557/1232/1294 1558/1233/1295
f 1558/1233/1295 1564/1239/1301 1563/1238/1300
f 1564/1239/1301 1558/1233/1295 1559/1234/1296
f 1559/1234/1296 1565/1240/1302 1564/1239/1301
f 1565/1240/1302 1559/1234/1296 1560/1235/1297
f 1560/1235/1297 1566/1241/1303 1565/1240/1302
f 1570/1242/1304 1567/1111/1305 1568/1110/1172
f 1568/1110/1172 1569/1243/1306 1570/1242/1304
f 1569/1243/1306 1568/1110/1172 1571/1114/1307
f 1571/1114/1307 1572/1244/1308 1569/1243/1306
f 1572/1244/1308 1571/1114/1307 1573/1116/1178
f 1573/1116/1178 1574/1245/1309 1572/1244/1308
f 1574/1245/1309 1573/1116/1178 1575/1118/1310
f 1575/1118/1310 1576/1246/1311 1574/1245/1309
f 1576/1246/1311 1575/1118/1310 1577/1120/1182
f 1577/1120/1182 1578/1247/1312 1576/1246/1311
f 1581/1177/1239 1570/1242/1313 1579/1248/1306
f 1579/1248/1306 1580/1178/1314 1581/1177/1239
f 1580/1178/1314 1579/1248/1306 1582/1249/1315
f 1582/1249/1315 1583/1180/1316 1580/1178/1314
f 1583/1180/1316 1582/1249/1315 1584/1250/1317
f 1584/1250/1317 1585/1182/1244 1583/1180/1316
f 1585/1182/1244 1584/1250/1317 1586/1251/1311
f 1586/1251/1311 1587/1184/1318 1585/1182/1244
f 1587/1184/1318 1586/1251/1311 1588/1252/1312
f 1588/1252/1312 1589/1186/1319 1587/1184/1318
f 1593/1247/1312 1590/1120/1320 1591/1121/1321
f 1591/1121/1321 1592/1253/1322 1593/1247/1312
f 1592/1253/1322 1591/1121/1321 1594/1127/1189
f 1594/1127/1189 1595/1254/1323 1592/1253/1322
f 1595/1254/1323 1594/1127/1189 1596/1133/1324
f 1596/1133/1324 1597/1255/1325 1595/1254/1323
f 1597/1255/1325 1596/1133/1324 1598/1139/1201
f 1598/1139/1201 1599/1256/1326 1597/1255/1325
f 1599/1256/1326 1598/1139/1201 1600/1145/1327
f 1600/1145/1327 1601/1257/1328 1599/1256/1326
f 1601/1257/1328 1600/1145/1327 1602/1151/1329
f 1602/1151/1329 1603/1258/1330 1601/1257/1328
f 1603/1258/1330 1602/1151/1329 1604/1157/1219
f 1604/1157/1219 1605/1259/1331 1603/1258/1330
f 1605/1259/1331 1604/1157/1219 1606/1163/1332
f 1606/1163/1332 1607/1260/1333 1605/1259/1331
f 1607/1260/1333 1606/1163/1332 1608/1169/1334
f 1608/1169/1334 1609/1261/1335 1607/1260/1333
f 1609/1261/1335 1608/1169/1334 1610/1175/1336
f 1610/1175/1336 1611/1262/1337 1609/1261/1335
f 1615/1186/1248 1612/1252/1338 1613/1263/1339
f 1613/1263/1339 1614/1187/1249 1615/1186/1248
f 1614/1187/1249 1613/1263/1339 1616/1264/1340
f 1616/1264/1340 1617/1193/1255 1614/1187/1249
f 1617/1193/1255 1616/1264/1340 1618/1265/1325
f 1618/1265/1325 1619/1199/1261 1617/1193/1255
f 1619/1199/1261 1618/1265/1325 1620/1266/1341
f 1620/1266/1341 1621/1205/1267 1619/1199/1261
f 1621/1205/1267 1620/1266/1341 1622/1267/1328
f 1622/1267/1328 1623/1211/1273 1621/1205/1267
f 1623/1211/1273 1622/1267/1328 1624/1268/1342
f 1624/1268/1342 1625/1217/1343 1623/1211/1273
f 1625/1217/1343 1624/1268/1342 1626/1269/1331
f 1626/1269/1331 1627/1223/1344 1625/1217/1343
f 1627/1223/1344 1626/1269/1331 1628/1270/1333
f 1628/1270/1333 1629/1229/1345 1627/1223/1344
f 1629/1229/1345 1628/1270/1333 1630/1271/1335
f 1630/1271/1335 1631/1235/1346 1629/1229/1345
f 1631/1235/1346 1630/1271/1335 1632/1272/1337
f 1632/1272/1337 1633/1241/1347 1631/1235/1346
f 1637/1272/1348 1634/1273/1349 1635/1274/1236
f 1635/1274/1236 1636/1275/1350 1637/1272/1348
f 1636/1275/1350 1635/1274/1236 1638/1276/1235
f 1638/1276/1235 1639/1277/1351 1636/1275/1350
f 1639/1277/1351 1638/1276/1235 1640/1278/1234
f 1640/1278/1234 1641/1279/1352 1639/1277/1351
f 1641/1279/1352 1640/1278/1234 1642/1280/1353
f 1642/1280/1353 1643/1281/1354 1641/1279/1352
f 1643/1281/1354 1642/1280/1353 1644/1170/1355
f 1644/1170/1355 1645/1282/1356 1643/1281/1354
f 1649/1241/1347 1646/1272/1357 1647/1275/1350
f 1647/1275/1350 1648/1240/1302 1649/1241/1347
f 1648/1240/1302 1647/1275/1350 1639/1277/1351
f 1639/1277/1351 1650/1239/1358 1648/1240/1302
f 1650/1239/1358 1639/1277/1351 1641/1279/1352
f 1641/1279/1352 1651/1238/1359 1650/1239/1358
f 1651/1238/1359 1641/1279/1352 1643/1281/1354
f 1643/1281/1354 1652/1237/1360 1651/1238/1359
f 1652/1237/1360 1643/1281/1354 1645/1282/1356
f 1645/1282/1356 1653/1236/1361 1652/1237/1360
f 1657/1282/1356 1654/1170/1355 1655/1164/1226
f 1655/1164/1226 1656/1283/1362 1657/1282/1356
f 1656/1283/1362 1655/1164/1226 1658/1158/1363
f 1658/1158/1363 1659/1284/1364 1656/1283/1362
f 1659/1284/1364 1658/1158/1363 1660/1152/1214
f 1660/1152/1214 1661/1285/1365 1659/1284/1364
f 1661/1285/1365 1660/1152/1214 1662/1146/1208
f 1662/1146/1208 1663/1286/1366 1661/1285/1365
f 1663/1286/1366 1662/1146/1208 1664/1140/1367
f 1664/1140/1367 1665/1287/1368 1663/1286/1366
f 1665/1287/1368 1664/1140/1367 1666/1134/1196
f 1666/1134/1196 1667/1288/1369 1665/1287/1368
f 1667/1288/1369 1666/1134/1196 1668/1128/1190
f 1668/1128/1190 1669/1289/1370 1667/1288/1369
f 1669/1289/1370 1668/1128/1190 1670/1122/1371
f 1670/1122/1371 1671/1290/1372 1669/1289/1370
f 1671/1290/1372 1670/1122/1371 1672/1112/1174
f 1672/1112/1174 1673/1291/1373 1671/1290/1372
f 1673/1291/1373 1672/1112/1174 1674/1111/1173
f 1674/1111/1173 1675/1242/1374 1673/1291/1373
f 1677/1236/1375 1657/1282/1356 1656/1283/1362
f 1656/1283/1362 1676/1230/1292 1677/1236/1375
f 1676/1230/1292 1656/1283/1362 1659/1284/1364
f 1659/1284/1364 1678/1224/1286 1676/1230/1292
f 1678/1224/1286 1659/1284/1364 1661/1285/1365
f 1661/1285/1365 1679/1218/1280 1678/1224/1286
f 1679/1218/1280 1661/1285/1365 1663/1286/1366
f 1663/1286/1366 1680/1212/1376 1679/1218/1280
f 1680/1212/1376 1663/1286/1366 1665/1287/1368
f 1665/1287/1368 1681/1206/1268 1680/1212/1376
f 1681/1206/1268 1665/1287/1368 1667/1288/1369
f 1667/1288/1369 1682/1200/1377 1681/1206/1268
f 1682/1200/1377 1667/1288/1369 1669/1289/1370
f 1669/1289/1370 1683/1194/1256 1682/1200/1377
f 1683/1194/1256 1669/1289/1370 1671/1290/1372
f 1671/1290/1372 1684/1188/1378 1683/1194/1256
f 1684/1188/1378 1671/1290/1372 1673/1291/1373
f 1673/1291/1373 1685/1176/1379 1684/1188/1378
f 1685/1176/1379 1673/1291/1373 1675/1242/1374
f 1675/1242/1374 1686/1177/1380 1685/1176/1379
f 1690/1292/1381 1687/1293/1382 1688/1294/1383
f 1688/1294/1383 1689/1295/1384 1690/1292/1381
f 1692/1296/1385 1690/1292/1381 1689/1295/1384
f 1689/1295/1384 1691/1297/1386 1692/1296/1385
f 1694/1298/1387 1692/1296/1385 1691/1297/1386
f 1691/1297/1386 1693/1299/1388 1694/1298/1387
f 1696/1300/1389 1694/1298/1387 1693/1299/1388
f 1693/1299/1388 1695/1301/1390 1696/1300/1389
f 1698/1302/1391 1696/1300/1389 1695/1301/1390
f 1695/1301/1390 1697/1303/1392 1698/1302/1391
f 1689/1295/1384 1688/1294/1383 1699/1304/1393
f 1699/1304/1393 1700/1305/1394 1689/1295/1384
f 1691/1297/1386 1689/1295/1384 1700/1305/1394
f 1700/1305/1394 1701/1306/1395 1691/1297/1386
f 1693/1299/1388 1691/1297/1386 1701/1306/1395
f 1701/1306/1395 1702/1307/1396 1693/1299/1388
f 1695/1301/1390 1693/1299/1388 1702/1307/1396
f 1702/1307/1396 1703/1308/1397 1695/1301/1390
f 1697/1303/1392 1695/1301/1390 1703/1308/1397
f 1703/1308/1397 1704/1309/1398 1697/1303/1392
f 1700/1305/1394 1699/1304/1393 1705/1310/1399
f 1705/1310/1399 1706/1311/1400 1700/1305/1394
f 1701/1306/1395 1700/1305/1394 1706/1311/1400
f 1706/1311/1400 1707/1312/1401 1701/1306/1395
f 1702/1307/1396 1701/1306/1395 1707/1312/1401
f 1707/1312/1401 1708/1313/1402 1702/1307/1396
f 1703/1308/1397 1702/1307/1396 1708/1313/1402
f 1708/1313/1402 1709/1314/1403 1703/1308/1397
f 1704/1309/1398 1703/1308/1397 1709/1314/1403
f 1709/1314/1403 1710/1315/1404 1704/1309/1398
f 1706/1311/1400 1705/1310/1399 1711/1316/1405
f 1711/1316/1405 1712/1317/1406 1706/1311/1400
f 1707/1312/1401 1706/1311/1400 1712/1317/1406
f 1712/1317/1406 1713/1318/1407 1707/1312/1401
f 1708/1313/1402 1707/1312/1401 1713/1318/1407
f 1713/1318/1407 1714/1319/1408 1708/1313/1402
f 1709/1314/1403 1708/1313/1402 1714/1319/1408
f 1714/1319/1408 1715/1320/1409 1709/1314/1403
f 1710/1315/1404 1709/1314/1403 1715/1320/1409
f 1715/1320/1409 1716/1321/1410 1710/1315/1404
f 1712/1317/1406 1711/1316/1405 1717/1322/1411
f 1717/1322/1411 1718/1323/1412 1712/1317/1406
f 1713/1318/1407 1712/1317/1406 1718/1323/1412
f 1718/1323/1412 1719/1324/1413 1713/1318/1407
f 1714/1319/1408 1713/1318/1407 1719/1324/1413
f 1719/1324/1413 1720/1325/1414 1714/1319/1408
f 1715/1320/1409 1714/1319/1408 1720/1325/1414
f 1720/1325/1414 1721/1326/1415 1715/1320/1409
f 1716/1321/1410 1715/1320/1409 1721/1326/1415
f 1721/1326/1415 1722/1327/1416 1716/1321/1410
f 1718/1323/1412 1717/1322/1411 1723/1328/1417
f 1723/1328/1417 1724/1329/1418 1718/1323/1412
f 1719/1324/1413 1718/1323/1412 1724/1329/1418
f 1724/1329/1418 1725/1330/1419 1719/1324/1413
f 1720/1325/1414 1719/1324/1413 1725/1330/1419
f 1725/1330/1419 1726/1331/1420 1720/1325/1414
f 1721/1326/1415 1720/1325/1414 1726/1331/1420
f 1726/1331/1420 1727/1332/1421 1721/1326/1415
f 1722/1327/1416 1721/1326/1415 1727/1332/1421
f 1727/1332/1421 1728/1333/1422 1722/1327/1416
f 1724/1329/1418 1723/1328/1417 1729/1334/1423
f 1729/1334/1423 1730/1335/1424 1724/1329/1418
f 1725/1330/1419 1724/1329/1418 1730/1335/1424
f 1730/1335/1424 1731/1336/1425 1725/1330/1419
f 1726/1331/1420 1725/1330/1419 1731/1336/1425
f 1731/1336/1425 1732/1337/1426 1726/1331/1420
f 1727/1332/1421 1726/1331/1420 1732/1337/1426
f 1732/1337/1426 1733/1338/1427 1727/1332/1421
f 1728/1333/1422 1727/1332/1421 1733/1338/1427
f 1733/1338/1427 1734/1339/1428 1728/1333/1422
f 1730/1335/1424 1729/1334/1423 1735/1340/1429
f 1735/1340/1429 1736/1341/1430 1730/1335/1424
f 1731/1336/1425 1730/1335/1424 1736/1341/1430
f 1736/1341/1430 1737/1342/1431 1731/1336/1425
f 1732/1337/1426 1731/1336/1425 1737/1342/1431
f 1737/1342/1431 1738/1343/1432 1732/1337/1426
f 1733/1338/1427 1732/1337/1426 1738/1343/1432
f 1738/1343/1432 1739/1344/1433 1733/1338/1427
f 1734/1339/1428 1733/1338/1427 1739/1344/1433
f 1739/1344/1433 1740/1345/1434 1734/1339/1428
f 1736/1341/1430 1735/1340/1429 1741/1346/1435
f 1741/1346/1435 1742/1347/1436 1736/1341/1430
f 1737/1342/1431 1736/1341/1430 1742/1347/1436
f 1742/1347/1436 1743/1348/1437 1737/1342/1431
f 1738/1343/1432 1737/1342/1431 1743/1348/1437
f 1743/1348/1437 1744/1349/1438 1738/1343/1432
f 1739/1344/1433 1738/1343/1432 1744/1349/1438
f 1744/1349/1438 1745/1350/1439 1739/1344/1433
f 1740/1345/1434 1739/1344/1433 1745/1350/1439
f 1745/1350/1439 1746/1351/1440 1740/1345/1434
f 1742/1347/1436 1741/1346/1435 1747/1352/1441
f 1747/1352/1441 1748/1353/1442 1742/1347/1436
f 1743/1348/1437 1742/1347/1436 1748/1353/1442
f 1748/1353/1442 1749/1354/1443 1743/1348/1437
f 1744/1349/1438 1743/1348/1437 1749/1354/1443
f 1749/1354/1443 1750/1355/1444 1744/1349/1438
f 1745/1350/1439 1744/1349/1438 1750/1355/1444
f 1750/1355/1444 1751/1356/1445 1745/1350/1439
f 1746/1351/1440 1745/1350/1439 1751/1356/1445
f 1751/1356/1445 1752/1357/1446 1746/1351/1440
f 1756/1358/1447 1753/1359/1448 1754/1360/1449
f 1754/1360/1449 1755/1361/1450 1756/1358/1447
f 1755/1361/1450 1754/1360/1449 1757/1362/1451
f 1757/1362/1451 1758/1363/1452 1755/1361/1450
f 1758/1363/1452 1757/1362/1451 1759/1364/1453
f 1759/1364/1453 1760/1365/1454 1758/1363/1452
f 1760/1365/1454 1759/1364/1453 1761/1366/1455
f 1761/1366/1455 1762/1367/1456 1760/1365/1454
f 1762/1367/1456 1761/1366/1455 1763/1368/1457
f 1763/1368/1457 1764/1369/1458 1762/1367/1456
f 1766/1370/1459 1756/1358/1447 1755/1361/1450
f 1755/1361/1450 1765/1371/1460 1766/1370/1459
f 1765/1371/1460 1755/1361/1450 1758/1363/1452
f 1758/1363/1452 1767/1372/1461 1765/1371/1460
f 1767/1372/1461 1758/1363/1452 1760/1365/1454
f 1760/1365/1454 1768/1373/1462 1767/1372/1461
f 1768/1373/1462 1760/1365/1454 1762/1367/1456
f 1762/1367/1456 1769/1374/1463 1768/1373/1462
f 1769/1374/1463 1762/1367/1456 1764/1369/1458
f 1764/1369/1458 1770/1375/1464 1769/1374/1463
f 1772/1376/1465 1766/1370/1459 1765/1371/1460
f 1765/1371/1460 1771/1377/1466 1772/1376/1465
f 1771/1377/1466 1765/1371/1460 1767/1372/1461
f 1767/1372/1461 1773/1378/1467 1771/1377/1466
f 1773/1378/1467 1767/1372/1461 1768/1373/1462
f 1768/1373/1462 1774/1379/1468 1773/1378/1467
f 1774/1379/1468 1768/1373/1462 1769/1374/1463
f 1769/1374/1463 1775/1380/1469 1774/1379/1468
f 1775/1380/1469 1769/1374/1463 1770/1375/1464
f 1770/1375/1464 1776/1381/1470 1775/1380/1469
f 1778/1382/1471 1772/1376/1465 1771/1377/1466
f 1771/1377/1466 1777/1383/1472 1778/1382/1471
f 1777/1383/1472 1771/1377/1466 1773/1378/1467
f 1773/1378/1467 1779/1384/1473 1777/1383/1472
f 1779/1384/1473 1773/1378/1467 1774/1379/1468
f 1774/1379/1468 1780/1385/1474 1779/1384/1473
f 1780/1385/1474 1774/1379/1468 1775/1380/1469
f 1775/1380/1469 1781/1386/1475 1780/1385/1474
f 1781/1386/1475 1775/1380/1469 1776/1381/1470
f 1776/1381/1470 1782/1387/1476 1781/1386/1475
f 1784/1388/1477 1778/1382/1471 1777/1383/1472
f 1777/1383/1472 1783/1389/1478 1784/1388/1477
f 1783/1389/1478 1777/1383/1472 1779/1384/1473
f 1779/1384/1473 1785/1390/1479 1783/1389/1478
f 1785/1390/1479 1779/1384/1473 1780/1385/1474
f 1780/1385/1474 1786/1391/1480 1785/1390/1479
f 1786/1391/1480 1780/1385/1474 1781/1386/1475
f 1781/1386/1475 1787/1392/1481 1786/1391/1480
f 1787/1392/1481 1781/1386/1475 1782/1387/1476
f 1782/1387/1476 1788/1393/1482 1787/1392/1481
f 1790/1394/1483 1784/1388/1477 1783/1389/1478
f 1783/1389/1478 1789/1395/1484 1790/1394/1483
f 1789/1395/1484 1783/1389/1478 1785/1390/1479
f 1785/1390/1479 1791/1396/1485 1789/1395/1484
f 1791/1396/1485 1785/1390/1479 1786/1391/1480
f 1786/1391/1480 1792/1397/1486 1791/1396/1485
f 1792/1397/1486 1786/1391/1480 1787/1392/1481
f 1787/1392/1481 1793/1398/1487 1792/1397/1486
f 1793/1398/1487 1787/1392/1481 1788/1393/1482
f 1788/1393/1482 1794/1399/1488 1793/1398/1487
f 1796/1400/1489 1790/1394/1483 1789/1395/1484
f 1789/1395/1484 1795/1401/1490 1796/1400/1489
f 1795/1401/1490 1789/1395/1484 1791/1396/1485
f 1791/1396/1485 1797/1402/1491 1795/1401/1490
f 1797/1402/1491 1791/1396/1485 1792/1397/1486
f 1792/1397/1486 1798/1403/1492 1797/1402/1491
f 1798/1403/1492 1792/1397/1486 1793/1398/1487
f 1793/1398/1487 1799/1404/1493 1798/1403/1492
f 1799/1404/1493 1793/1398/1487 1794/1399/1488
f 1794/1399/1488 1800/1405/1494 1799/1404/1493
f 1802/1406/1495 1796/1400/1489 1795/1401/1490
f 1795/1401/1490 1801/1407/1496 1802/1406/1495
f 1801/1407/1496 1795/1401/1490 1797/1402/1491
f 1797/1402/1491 1803/1408/1497 1801/1407/1496
f 1803/1408/1497 1797/1402/1491 1798/1403/1492
f 1798/1403/1492 1804/1409/1498 1803/1408/1497
f 1804/1409/1498 1798/1403/1492 1799/1404/1493
f 1799/1404/1493 1805/1410/1499 1804/1409/1498
f 1805/1410/1499 1799/1404/1493 1800/1405/1494
f 1800/1405/1494 1806/1411/1500 1805/1410/1499
f 1808/1412/1501 1802/1406/1495 1801/1407/1496
f 1801/1407/1496 1807/1413/1502 1808/1412/1501
f 1807/1413/1502 1801/1407/1496 1803/1408/1497
f 1803/1408/1497 1809/1414/1503 1807/1413/1502
f 1809/1414/1503 1803/1408/1497 1804/1409/1498
f 1804/1409/1498 1810/1415/1504 1809/1414/1503
f 1810/1415/1504 1804/1409/1498 1805/1410/1499
f 1805/1410/1499 1811/1416/1505 1810/1415/1504
f 1811/1416/1505 1805/1410/1499 1806/1411/1500
f 1806/1411/1500 1812/1417/1506 1811/1416/1505
f 1814/1418/1507 1808/1412/1501 1807/1413/1502
f 1807/1413/1502 1813/1419/1508 1814/1418/1507
f 1813/1419/1508 1807/1413/1502 1809/1414/1503
f 1809/1414/1503 1815/1420/1509 1813/1419/1508
f 1815/1420/1509 1809/1414/1503 1810/1415/1504
f 1810/1415/1504 1816/1421/1510 1815/1420/1509
f 1816/1421/1510 1810/1415/1504 1811/1416/1505
f 1811/1416/1505 1817/1422/1511 1816/1421/1510
f 1817/1422/1511 1811/1416/1505 1812/1417/1506
f 1812/1417/1506 1818/1423/1512 1817/1422/1511
f 1822/1424/1513 1819/1425/1382 1820/1426/1514
f 1820/1426/1514 1821/1427/1515 1822/1424/1513
f 1821/1427/1515 1820/1426/1514 1823/1428/1385
f 1823/1428/1385 1824/1429/1516 1821/1427/1515
f 1824/1429/1516 1823/1428/1385 1825/1430/1517
f 1825/1430/1517 1826/1431/1518 1824/1429/1516
f 1826/1431/1518 1825/1430/1517 1827/1432/1389
f 1827/1432/1389 1828/1433/1519 1826/1431/1518
f 1828/1433/1519 1827/1432/1389 1829/1302/1520
f 1829/1302/1520 1830/1434/1521 1828/1433/1519
f 1832/1359/1522 1822/1424/1513 1821/1427/1515
f 1821/1427/1515 1831/1360/1523 1832/1359/1522
f 1831/1360/1523 1821/1427/1515 1824/1429/1516
f 1824/1429/1516 1833/1362/1451 1831/1360/1523
f 1833/1362/1451 1824/1429/1516 1826/1431/1518
f 1826/1431/1518 1834/1364/1524 1833/1362/1451
f 1834/1364/1524 1826/1431/1518 1828/1433/1519
f 1828/1433/1519 1835/1366/1525 1834/1364/1524
f 1835/1366/1525 1828/1433/1519 1830/1434/1521
f 1830/1434/1521 1836/1368/1526 1835/1366/1525
f 1840/1434/1521 1837/1302/1527 1838/1303/1392
f 1838/1303/1392 1839/1435/1528 1840/1434/1521
f 1839/1435/1528 1838/1303/1392 1841/1309/1529
f 1841/1309/1529 1842/1436/1530 1839/1435/1528
f 1842/1436/1530 1841/1309/1529 1843/1315/1404
f 1843/1315/1404 1844/1437/1531 1842/1436/1530
f 1844/1437/1531 1843/1315/1404 1845/1321/1410
f 1845/1321/1410 1846/1438/1532 1844/1437/1531
f 1846/1438/1532 1845/1321/1410 1847/1327/1533
f 1847/1327/1533 1848/1439/1534 1846/1438/1532
f 1848/1439/1534 1847/1327/1533 1849/1333/1422
f 1849/1333/1422 1850/1440/1535 1848/1439/1534
f 1850/1440/1535 1849/1333/1422 1851/1339/1536
f 1851/1339/1536 1852/1441/1537 1850/1440/1535
f 1852/1441/1537 1851/1339/1536 1853/1345/1538
f 1853/1345/1538 1854/1442/1539 1852/1441/1537
f 1854/1442/1539 1853/1345/1538 1855/1351/1440
f 1855/1351/1440 1856/1443/1540 1854/1442/1539
f 1856/1443/1540 1855/1351/1440 1857/1357/1541
f 1857/1357/1541 1858/1444/1542 1856/1443/1540
f 1860/1368/1543 1840/1434/1521 1839/1435/1528
f 1839/1435/1528 1859/1369/1458 1860/1368/1543
f 1859/1369/1458 1839/1435/1528 1842/1436/1530
f 1842/1436/1530 1861/1375/1544 1859/1369/1458
f 1861/1375/1544 1842/1436/1530 1844/1437/1531
f 1844/1437/1531 1862/1381/1470 1861/1375/1544
f 1862/1381/1470 1844/1437/1531 1846/1438/1532
f 1846/1438/1532 1863/1387/1476 1862/1381/1470
f 1863/1387/1476 1846/1438/1532 1848/1439/1534
f 1848/1439/1534 1864/1393/1482 1863/1387/1476
f 1864/1393/1482 1848/1439/1534 1850/1440/1535
f 1850/1440/1535 1865/1399/1545 1864/1393/1482
f 1865/1399/1545 1850/1440/1535 1852/1441/1537
f 1852/1441/1537 1866/1405/1494 1865/1399/1545
f 1866/1405/1494 1852/1441/1537 1854/1442/1539
f 1854/1442/1539 1867/1411/1500 1866/1405/1494
f 1867/1411/1500 1854/1442/1539 1856/1443/1540
f 1856/1443/1540 1868/1417/1506 1867/1411/1500
f 1868/1417/1506 1856/1443/1540 1858/1444/1542
f 1858/1444/1542 1869/1423/1512 1868/1417/1506
f 1873/1444/1546 1870/1357/1547 1871/1356/1445
f 1871/1356/1445 1872/1445/1548 1873/1444/1546
f 1872/1445/1548 1871/1356/1445 1874/1355/1444
f 1874/1355/1444 1875/1446/1549 1872/1445/1548
f 1875/1446/1549 1874/1355/1444 1876/1354/1443
f 1876/1354/1443 1877/1447/1550 1875/1446/1549
f 1877/1447/1550 1876/1354/1443 1878/1353/1442
f 1878/1353/1442 1879/1448/1551 1877/1447/1550
f 1879/1448/1551 1878/1353/1442 1880/1352/1552
f 1880/1352/1552 1881/1449/1553 1879/1448/1551
f 1884/1423/1554 1873/1444/1542 1882/1450/1555
f 1882/1450/1555 1883/1422/1556 1884/1423/1554
f 1883/1422/1556 1882/1450/1555 1885/1451/1549
f 1885/1451/1549 1886/1421/1510 1883/1422/1556
f 1886/1421/1510 1885/1451/1549 1887/1452/1550
f 1887/1452/1550 1888/1420/1557 1886/1421/1510
f 1888/1420/1557 1887/1452/1550 1889/1453/1558
f 1889/1453/1558 1890/1419/1508 1888/1420/1557
f 1890/1419/1508 1889/1453/1558 1891/1454/1559
f 1891/1454/1559 1892/1418/1560 1890/1419/1508
f 1896/1449/1553 1893/1352/1561 1894/1346/1435
f 1894/1346/1435 1895/1455/1562 1896/1449/1553
f 1895/1455/1562 1894/1346/1435 1897/1340/1563
f 1897/1340/1563 1898/1456/1564 1895/1455/1562
f 1898/1456/1564 1897/1340/1563 1899/1334/1423
f 1899/1334/1423 1900/1457/1565 1898/1456/1564
f 1900/1457/1565 1899/1334/1423 1901/1328/1566
f 1901/1328/1566 1902/1458/1567 1900/1457/1565
f 1902/1458/1567 1901/1328/1566 1903/1322/1411
f 1903/1322/1411 1904/1459/1568 1902/1458/1567
f 1904/1459/1568 1903/1322/1411 1905/1316/1405
f 1905/1316/1405 1906/1460/1569 1904/1459/1568
f 1906/1460/1569 1905/1316/1405 1907/1310/1570
f 1907/1310/1570 1908/1461/1571 1906/1460/1569
f 1908/1461/1571 1907/1310/1570 1909/1304/1393
f 1909/1304/1393 1910/1462/1572 1908/1461/1571
f 1910/1462/1572 1909/1304/1393 1911/1294/1573
f 1911/1294/1573 1912/1463/1574 1910/1462/1572
f 1912/1463/1574 1911/1294/1573 1913/1293/1575
f 1913/1293/1575 1914/1464/1513 1912/1463/1574
f 1918/1418/1576 1915/1454/1577 1916/1465/1562
f 1916/1465/1562 1917/1412/1501 1918/1418/1576
f 1917/1412/1501 1916/1465/1562 1919/1466/1578
f 1919/1466/1578 1920/1406/1579 1917/1412/1501
f 1920/1406/1579 1919/1466/1578 1921/1467/1565
f 1921/1467/1565 1922/1400/1489 1920/1406/1579
f 1922/1400/1489 1921/1467/1565 1923/1468/1567
f 1923/1468/1567 1924/1394/1483 1922/1400/1489
f 1924/1394/1483 1923/1468/1567 1925/1469/1580
f 1925/1469/1580 1926/1388/1581 1924/1394/1483
f 1926/1388/1581 1925/1469/1580 1927/1470/1569
f 1927/1470/1569 1928/1382/1471 1926/1388/1581
f 1928/1382/1471 1927/1470/1569 1929/1471/1582
f 1929/1471/1582 1930/1376/1583 1928/1382/1471
f 1930/1376/1583 1929/1471/1582 1931/1472/1584
f 1931/1472/1584 1932/1370/1459 1930/1376/1583
f 1932/1370/1459 1931/1472/1584 1933/1473/1574
f 1933/1473/1574 1934/1358/1447 1932/1370/1459
f 1934/1358/1447 1933/1473/1574 1935/1424/1513
f 1935/1424/1513 1936/1359/1522 1934/1358/1447
f 1940/1474/1585 1937/1475/1586 1938/1476/1587
f 1938/1476/1587 1939/1477/1588 1940/1474/1585
f 1942/1478/1589 1940/1474/1585 1939/1477/1588
f 1939/1477/1588 1941/1479/1590 1942/1478/1589
f 1944/1480/1591 1942/1478/1589 1941/1479/1590
f 1941/1479/1590 1943/1481/1592 1944/1480/1591
f 1946/1482/1593 1944/1480/1591 1943/1481/1592
f 1943/1481/1592 1945/1483/1594 1946/1482/1593
f 1948/1484/1595 1946/1482/1593 1945/1483/1594
f 1945/1483/1594 1947/1485/1596 1948/1484/1595
f 1939/1477/1588 1938/1476/1587 1949/1486/1597
f 1949/1486/1597 1950/1487/1598 1939/1477/1588
f 1941/1479/1590 1939/1477/1588 1950/1487/1598
f 1950/1487/1598 1951/1488/1599 1941/1479/1590
f 1943/1481/1592 1941/1479/1590 1951/1488/1599
f 1951/1488/1599 1952/1489/1600 1943/1481/1592
f 1945/1483/1594 1943/1481/1592 1952/1489/1600
f 1952/1489/1600 1953/1490/1601 1945/1483/1594
f 1947/1485/1596 1945/1483/1594 1953/1490/1601
f 1953/1490/1601 1954/1491/1602 1947/1485/1596
f 1950/1487/1598 1949/1486/1597 1955/1492/1603
f 1955/1492/1603 1956/1493/1604 1950/1487/1598
f 1951/1488/1599 1950/1487/1598 1956/1493/1604
f 1956/1493/1604 1957/1494/1605 1951/1488/1599
f 1952/1489/1600 1951/1488/1599 1957/1494/1605
f 1957/1494/1605 1958/1495/1606 1952/1489/1600
f 1953/1490/1601 1952/1489/1600 1958/1495/1606
f 1958/1495/1606 1959/1496/1607 1953/1490/1601
f 1954/1491/1602 1953/1490/1601 1959/1496/1607
f 1959/1496/1607 1960/1497/1608 1954/1491/1602
f 1956/1493/1604 1955/1492/1603 1961/1498/1609
f 1961/1498/1609 1962/1499/1610 1956/1493/1604
f 1957/1494/1605 1956/1493/1604 1962/1499/1610
f 1962/1499/1610 1963/1500/1611 1957/1494/1605
f 1958/1495/1606 1957/1494/1605 1963/1500/1611
f 1963/1500/1611 1964/1501/1612 1958/1495/1606
f 1959/1496/1607 1958/1495/1606 1964/1501/1612
f 1964/1501/1612 1965/1502/1613 1959/1496/1607
f 1960/1497/1608 1959/1496/1607 1965/1502/1613
f 1965/1502/1613 1966/1503/1614 1960/1497/1608
f 1962/1499/1610 1961/1498/1609 1967/1504/1615
f 1967/1504/1615 1968/1505/1616 1962/1499/1610
f 1963/1500/1611 1962/1499/1610 1968/1505/1616
f 1968/1505/1616 1969/1506/1617 1963/1500/1611
f 1964/1501/1612 1963/1500/1611 1969/1506/1617
f 1969/1506/1617 1970/1507/1618 1964/1501/1612
f 1965/1502/1613 1964/1501/1612 1970/1507/1618
f 1970/1507/1618 1971/1508/1619 1965/1502/1613
f 1966/1503/1614 1965/1502/1613 1971/1508/1619
f 1971/1508/1619 1972/1509/1620 1966/1503/1614
f 1968/1505/1616 1967/1504/1615 1973/1510/1621
f 1973/1510/1621 1974/1511/1622 1968/1505/1616
f 1969/1506/1617 1968/1505/1616 1974/1511/1622
f 1974/1511/1622 1975/1512/1623 1969/1506/1617
f 1970/1507/1618 1969/1506/1617 1975/1512/1623
f 1975/1512/1623 1976/1513/1624 1970/1507/1618
f 1971/1508/1619 1970/1507/1618 1976/1513/1624
f 1976/1513/1624 1977/1514/1625 1971/1508/1619
f 1972/1509/1620 1971/1508/1619 1977/1514/1625
f 1977/1514/1625 1978/1515/1626 1972/1509/1620
f 1974/1511/1622 1973/1510/1621 1979/1516/1627
f 1979/1516/1627 1980/1517/1628 1974/1511/1622
f 1975/1512/1623 1974/1511/1622 1980/1517/1628
f 1980/1517/1628 1981/1518/1629 1975/1512/1623
f 1976/1513/1624 1975/1512/1623 1981/1518/1629
f 1981/1518/1629 1982/1519/1630 1976/1513/1624
f 1977/1514/1625 1976/1513/1624 1982/1519/1630
f 1982/1519/1630 1983/1520/1631 1977/1514/1625
f 1978/1515/1626 1977/1514/1625 1983/1520/1631
f 1983/1520/1631 1984/1521/1632 1978/1515/1626
f 1980/1517/1628 1979/1516/1627 1985/1522/1633
f 1985/1522/1633 1986/1523/1634 1980/1517/1628
f 1981/1518/1629 1980/1517/1628 1986/1523/1634
f 1986/1523/1634 1987/1524/1635 1981/1518/1629
f 1982/1519/1630 1981/1518/1629 1987/1524/1635
f 1987/1524/1635 1988/1525/1636 1982/1519/1630
f 1983/1520/1631 1982/1519/1630 1988/1525/1636
f 1988/1525/1636 1989/1526/1637 1983/1520/1631
f 1984/1521/1632 1983/1520/1631 1989/1526/1637
f 1989/1526/1637 1990/1527/1638 1984/1521/1632
f 1986/1523/1634 1985/1522/1633 1991/1528/1639
f 1991/1528/1639 1992/1529/1640 1986/1523/1634
f 1987/1524/1635 1986/1523/1634 1992/1529/1640
f 1992/1529/1640 1993/1530/1641 1987/1524/1635
f 1988/1525/1636 1987/1524/1635 1993/1530/1641
f 1993/1530/1641 1994/1531/1642 1988/1525/1636
f 1989/1526/1637 1988/1525/1636 1994/1531/1642
f 1994/1531/1642 1995/1532/1643 1989/1526/1637
f 1990/1527/1638 1989/1526/1637 1995/1532/1643
f 1995/1532/1643 1996/1533/1644 1990/1527/1638
f 1992/1529/1640 1991/1528/1639 1997/1534/1645
f 1997/1534/1645 1998/1535/1646 1992/1529/1640
f 1993/1530/1641 1992/1529/1640 1998/1535/1646
f 1998/1535/1646 1999/1536/1647 1993/1530/1641
f 1994/1531/1642 1993/1530/1641 1999/1536/1647
f 1999/1536/1647 2000/1537/1648 1994/1531/1642
f 1995/1532/1643 1994/1531/1642 2000/1537/1648
f 2000/1537/1648 2001/1538/1649 1995/1532/1643
f 1996/1533/1644 1995/1532/1643 2001/1538/1649
f 2001/1538/1649 2002/1539/1650 1996/1533/1644
f 2006/1540/1651 2003/1541/1652 2004/1542/1653
f 2004/1542/1653 2005/1543/1654 2006/1540/1651
f 2005/1543/1654 2004/1542/1653 2007/1544/1655
f 2007/1544/1655 2008/1545/1656 2005/1543/1654
f 2008/1545/1656 2007/1544/1655 2009/1546/1657
f 2009/1546/1657 2010/1547/1658 2008/1545/1656
f 2010/1547/1658 2009/1546/1657 2011/1548/1659
f 2011/1548/1659 2012/1549/1660 2010/1547/1658
f 2012/1549/1660 2011/1548/1659 2013/1550/1661
f 2013/1550/1661 2014/1551/1662 2012/1549/1660
f 2016/1552/1663 2006/1540/1651 2005/1543/1654
f 2005/1543/1654 2015/1553/1664 2016/1552/1663
f 2015/1553/1664 2005/1543/1654 2008/1545/1656
f 2008/1545/1656 2017/1554/1665 2015/1553/1664
f 2017/1554/1665 2008/1545/1656 2010/1547/1658
f 2010/1547/1658 2018/1555/1666 2017/1554/1665
f 2018/1555/1666 2010/1547/1658 2012/1549/1660
f 2012/1549/1660 2019/1556/1667 2018/1555/1666
f 2019/1556/1667 2012/1549/1660 2014/1551/1662
f 2014/1551/1662 2020/1557/1668 2019/1556/1667
f 2024/1558/1669 2021/1559/1663 2022/1560/1664
f 2022/1560/1664 2023/1561/1670 2024/1558/1669
f 2028/1562/1671 2025/1563/1664 2026/1564/1672
f 2026/1564/1672 2027/1565/1673 2028/1562/1671
f 2027/1565/1673 2026/1564/1672 2018/1555/1666
f 2018/1555/1666 2029/1566/1674 2027/1565/1673
f 2029/1566/1674 2018/1555/1666 2019/1556/1667
f 2019/1556/1667 2030/1567/1675 2029/1566/1674
f 2030/1567/1675 2019/1556/1667 2020/1557/1668
f 2020/1557/1668 2031/1568/1676 2030/1567/1675
f 2033/1569/1677 2024/1558/1669 2023/1561/1670
f 2023/1561/1670 2032/1570/1678 2033/1569/1677
f 2035/1571/1678 2028/1562/1671 2027/1565/1673
f 2027/1565/1673 2034/1572/1679 2035/1571/1678
f 2034/1572/1679 2027/1565/1673 2029/1566/1674
f 2029/1566/1674 2036/1573/1680 2034/1572/1679
f 2036/1573/1680 2029/1566/1674 2030/1567/1675
f 2030/1567/1675 2037/1574/1681 2036/1573/1680
f 2037/1574/1681 2030/1567/1675 2031/1568/1676
f 2031/1568/1676 2038/1575/1682 2037/1574/1681
f 2040/1576/1683 2033/1569/1677 2032/1570/1678
f 2032/1570/1678 2039/1577/1684 2040/1576/1683
f 2042/1578/1685 2035/1571/1678 2034/1572/1679
f 2034/1572/1679 2041/1579/1686 2042/1578/1685
f 2041/1579/1686 2034/1572/1679 2036/1573/1680
f 2036/1573/1680 2043/1580/1687 2041/1579/1686
f 2043/1580/1687 2036/1573/1680 2037/1574/1681
f 2037/1574/1681 2044/1581/1688 2043/1580/1687
f 2044/1581/1688 2037/1574/1681 2038/1575/1682
f 2038/1575/1682 2045/1582/1689 2044/1581/1688
f 2047/1583/1690 2040/1576/1683 2039/1577/1684
f 2039/1577/1684 2046/1584/1691 2047/1583/1690
f 2049/1585/1691 2042/1578/1685 2041/1579/1686
f 2041/1579/1686 2048/1586/1692 2049/1585/1691
f 2048/1586/1692 2041/1579/1686 2043/1580/1687
f 2043/1580/1687 2050/1587/1693 2048/1586/1692
f 2050/1587/1693 2043/1580/1687 2044/1581/1688
f 2044/1581/1688 2051/1588/1694 2050/1587/1693
f 2051/1588/1694 2044/1581/1688 2045/1582/1689
f 2045/1582/1689 2052/1589/1695 2051/1588/1694
f 2054/1590/1696 2047/1583/1690 2046/1584/1691
f 2046/1584/1691 2053/1591/1697 2054/1590/1696
f 2056/1592/1697 2049/1585/1691 2048/1586/1692
f 2048/1586/1692 2055/1593/1698 2056/1592/1697
f 2055/1593/1698 2048/1586/1692 2050/1587/1693
f 2050/1587/1693 2057/1594/1699 2055/1593/1698
f 2057/1594/1699 2050/1587/1693 2051/1588/1694
f 2051/1588/1694 2058/1595/1700 2057/1594/1699
f 2058/1595/1700 2051/1588/1694 2052/1589/1695
f 2052/1589/1695 2059/1596/1701 2058/1595/1700
f 2062/1597/1702 2060/1598/1696 2056/1592/1697
f 2056/1592/1697 2061/1599/1703 2062/1597/1702
f 2061/1599/1703 2056/1592/1697 2055/1593/1698
f 2055/1593/1698 2063/1600/1704 2061/1599/1703
f 2063/1600/1704 2055/1593/1698 2057/1594/1699
f 2057/1594/1699 2064/1601/1705 2063/1600/1704
f 2064/1601/1705 2057/1594/1699 2058/1595/1700
f 2058/1595/1700 2065/1602/1706 2064/1601/1705
f 2065/1602/1706 2058/1595/1700 2059/1596/1701
f 2059/1596/1701 2066/1603/1707 2065/1602/1706
f 2068/1604/1708 2062/1597/1702 2061/1599/1703
f 2061/1599/1703 2067/1605/1709 2068/1604/1708
f 2067/1605/1709 2061/1599/1703 2063/1600/1704
f 2063/1600/1704 2069/1606/1710 2067/1605/1709
f 2069/1606/1710 2063/1600/1704 2064/1601/1705
f 2064/1601/1705 2070/1607/1711 2069/1606/1710
f 2070/1607/1711 2064/1601/1705 2065/1602/1706
f 2065/1602/1706 2071/1608/1712 2070/1607/1711
f 2071/1608/1712 2065/1602/1706 2066/1603/1707
f 2066/1603/1707 2072/1609/1713 2071/1608/1712
f 2074/1610/1714 2068/1604/1708 2067/1605/1709
f 2067/1605/1709 2073/1611/1715 2074/1610/1714
f 2073/1611/1715 2067/1605/1709 2069/1606/1710
f 2069/1606/1710 2075/1612/1716 2073/1611/1715
f 2075/1612/1716 2069/1606/1710 2070/1607/1711
f 2070/1607/1711 2076/1613/1717 2075/1612/1716
f 2076/1613/1717 2070/1607/1711 2071/1608/1712
f 2071/1608/1712 2077/1614/1718 2076/1613/1717
f 2077/1614/1718 2071/1608/1712 2072/1609/1713
f 2072/1609/1713 2078/1615/1719 2077/1614/1718
f 2082/1616/1720 2079/1617/1721 2080/1618/1722
f 2080/1618/1722 2081/1619/1723 2082/1616/1720
f 2081/1619/1723 2080/1618/1722 2083/1620/1589
f 2083/1620/1589 2084/1621/1724 2081/1619/1723
f 2084/1621/1724 2083/1620/1589 2085/1622/1591
f 2085/1622/1591 2086/1623/1725 2084/1621/1724
f 2086/1623/1725 2085/1622/1591 2087/1624/1593
f 2087/1624/1593 2088/1625/1726 2086/1623/1725
f 2088/1625/1726 2087/1624/1593 2089/1484/1727
f 2089/1484/1727 2090/1626/1728 2088/1625/1726
f 2092/1541/1652 2082/1616/1720 2081/1619/1723
f 2081/1619/1723 2091/1542/1729 2092/1541/1652
f 2091/1542/1729 2081/1619/1723 2084/1621/1724
f 2084/1621/1724 2093/1544/1655 2091/1542/1729
f 2093/1544/1655 2084/1621/1724 2086/1623/1725
f 2086/1623/1725 2094/1546/1657 2093/1544/1655
f 2094/1546/1657 2086/1623/1725 2088/1625/1726
f 2088/1625/1726 2095/1548/1730 2094/1546/1657
f 2095/1548/1730 2088/1625/1726 2090/1626/1728
f 2090/1626/1728 2096/1550/1661 2095/1548/1730
f 2100/1626/1728 2097/1484/1731 2098/1485/1732
f 2098/1485/1732 2099/1627/1733 2100/1626/1728
f 2099/1627/1733 2098/1485/1732 2101/1491/1602
f 2101/1491/1602 2102/1628/1734 2099/1627/1733
f 2102/1628/1734 2101/1491/1602 2103/1497/1608
f 2103/1497/1608 2104/1629/1735 2102/1628/1734
f 2104/1629/1735 2103/1497/1608 2105/1503/1614
f 2105/1503/1614 2106/1630/1736 2104/1629/1735
f 2106/1630/1736 2105/1503/1614 2107/1509/1737
f 2107/1509/1737 2108/1631/1738 2106/1630/1736
f 2108/1631/1738 2107/1509/1737 2109/1515/1626
f 2109/1515/1626 2110/1632/1739 2108/1631/1738
f 2110/1632/1739 2109/1515/1626 2111/1521/1740
f 2111/1521/1740 2112/1633/1741 2110/1632/1739
f 2112/1633/1741 2111/1521/1740 2113/1527/1742
f 2113/1527/1742 2114/1634/1743 2112/1633/1741
f 2114/1634/1743 2113/1527/1742 2115/1533/1744
f 2115/1533/1744 2116/1635/1745 2114/1634/1743
f 2116/1635/1745 2115/1533/1744 2117/1539/1746
f 2117/1539/1746 2118/1636/1747 2116/1635/1745
f 2120/1550/1748 2100/1626/1728 2099/1627/1733
f 2099/1627/1733 2119/1551/1662 2120/1550/1748
f 2119/1551/1662 2099/1627/1733 2102/1628/1734
f 2102/1628/1734 2121/1557/1749 2119/1551/1662
f 2121/1557/1749 2102/1628/1734 2104/1629/1735
f 2104/1629/1735 2122/1568/1676 2121/1557/1749
f 2122/1568/1676 2104/1629/1735 2106/1630/1736
f 2106/1630/1736 2123/1575/1682 2122/1568/1676
f 2123/1575/1682 2106/1630/1736 2108/1631/1738
f 2108/1631/1738 2124/1582/1750 2123/1575/1682
f 2124/1582/1750 2108/1631/1738 2110/1632/1739
f 2110/1632/1739 2125/1589/1695 2124/1582/1750
f 2125/1589/1695 2110/1632/1739 2112/1633/1741
f 2112/1633/1741 2126/1596/1701 2125/1589/1695
f 2126/1596/1701 2112/1633/1741 2114/1634/1743
f 2114/1634/1743 2127/1603/1707 2126/1596/1701
f 2127/1603/1707 2114/1634/1743 2116/1635/1745
f 2116/1635/1745 2128/1609/1713 2127/1603/1707
f 2128/1609/1713 2116/1635/1745 2118/1636/1747
f 2118/1636/1747 2129/1615/1751 2128/1609/1713
f 2133/1636/1747 2130/1539/1650 2131/1538/1649
f 2131/1538/1649 2132/1637/1752 2133/1636/1747
f 2132/1637/1752 2131/1538/1649 2134/1537/1648
f 2134/1537/1648 2135/1638/1753 2132/1637/1752
f 2135/1638/1753 2134/1537/1648 2136/1536/1647
f 2136/1536/1647 2137/1639/1754 2135/1638/1753
f 2137/1639/1754 2136/1536/1647 2138/1535/1646
f 2138/1535/1646 2139/1640/1755 2137/1639/1754
f 2139/1640/1755 2138/1535/1646 2140/1534/1756
f 2140/1534/1756 2141/1641/1757 2139/1640/1755
f 2144/1615/1758 2133/1636/1759 2142/1642/1760
f 2142/1642/1760 2143/1614/1718 2144/1615/1758
f 2143/1614/1718 2142/1642/1760 2145/1643/1761
f 2145/1643/1761 2146/1613/1717 2143/1614/1718
f 2146/1613/1717 2145/1643/1761 2147/1644/1754
f 2147/1644/1754 2148/1612/1762 2146/1613/1717
f 2148/1612/1762 2147/1644/1754 2149/1645/1755
f 2149/1645/1755 2150/1611/1715 2148/1612/1762
f 2150/1611/1715 2149/1645/1755 2151/1646/1757
f 2151/1646/1757 2152/1610/1763 2150/1611/1715
f 2156/1641/1757 2153/1534/1764 2154/1528/1765
f 2154/1528/1765 2155/1647/1766 2156/1641/1757
f 2155/1647/1766 2154/1528/1765 2157/1522/1633
f 2157/1522/1633 2158/1648/1767 2155/1647/1766
f 2158/1648/1767 2157/1522/1633 2159/1516/1768
f 2159/1516/1768 2160/1649/1769 2158/1648/1767
f 2160/1649/1769 2159/1516/1768 2161/1510/1621
f 2161/1510/1621 2162/1650/1770 2160/1649/1769
f 2162/1650/1770 2161/1510/1621 2163/1504/1615
f 2163/1504/1615 2164/1651/1771 2162/1650/1770
f 2164/1651/1771 2163/1504/1615 2165/1498/1772
f 2165/1498/1772 2166/1652/1773 2164/1651/1771
f 2166/1652/1773 2165/1498/1772 2167/1492/1774
f 2167/1492/1774 2168/1653/1775 2166/1652/1773
f 2168/1653/1775 2167/1492/1774 2169/1486/1776
f 2169/1486/1776 2170/1654/1777 2168/1653/1775
f 2170/1654/1777 2169/1486/1776 2171/1476/1587
f 2171/1476/1587 2172/1655/1778 2170/1654/1777
f 2172/1655/1778 2171/1476/1587 2173/1475/1586
f 2173/1475/1586 2174/1656/1779 2172/1655/1778
f 2176/1657/1780 2156/1641/1757 2155/1647/1766
f 2155/1647/1766 2175/1658/1708 2176/1657/1780
f 2175/1658/1708 2155/1647/1766 2158/1648/1767
f 2158/1648/1767 2177/1659/1781 2175/1658/1708
f 2177/1659/1781 2158/1648/1767 2160/1649/1769
f 2160/1649/1769 2178/1590/1782 2177/1659/1781
f 2178/1590/1782 2160/1649/1769 2162/1650/1770
f 2162/1650/1770 2179/1583/1690 2178/1590/1782
f 2179/1583/1690 2162/1650/1770 2164/1651/1771
f 2164/1651/1771 2180/1576/1783 2179/1583/1690
f 2180/1576/1783 2164/1651/1771 2166/1652/1773
f 2166/1652/1773 2181/1569/1677 2180/1576/1783
f 2181/1569/1677 2166/1652/1773 2168/1653/1775
f 2168/1653/1775 2182/1558/1669 2181/1569/1677
f 2182/1558/1669 2168/1653/1775 2170/1654/1777
f 2170/1654/1777 2183/1559/1663 2182/1558/1669
f 2183/1559/1663 2170/1654/1777 2172/1655/1778
f 2172/1655/1778 2184/1660/1651 2183/1559/1663
f 2184/1660/1651 2172/1655/1778 2174/1656/1779
f 2174/1656/1779 2185/1661/1652 2184/1660/1651
f 2189/1662/1784 2186/1663/1785 2187/1664/1786
f 2187/1664/1786 2188/1665/1787 2189/1662/1784
f 2191/1666/1788 2189/1662/1784 2188/1665/1787
f 2188/1665/1787 2190/1667/1789 2191/1666/1788
f 2193/1668/1790 2191/1666/1788 2190/1667/1789
f 2190/1667/1789 2192/1669/1791 2193/1668/1790
f 2195/1670/1792 2193/1668/1790 2192/1669/1791
f 2192/1669/1791 2194/1671/1793 2195/1670/1792
f 2197/1672/1794 2195/1670/1792 2194/1671/1793
f 2194/1671/1793 2196/1673/1795 2197/1672/1794
f 2188/1665/1787 2187/1664/1786 2198/1674/1796
f 2198/1674/1796 2199/1675/1797 2188/1665/1787
f 2190/1667/1789 2188/1665/1787 2199/1675/1797
f 2199/1675/1797 2200/1676/1798 2190/1667/1789
f 2192/1669/1791 2190/1667/1789 2200/1676/1798
f 2200/1676/1798 2201/1677/1799 2192/1669/1791
f 2194/1671/1793 2192/1669/1791 2201/1677/1799
f 2201/1677/1799 2202/1678/1800 2194/1671/1793
f 2196/1673/1795 2194/1671/1793 2202/1678/1800
f 2202/1678/1800 2203/1679/1801 2196/1673/1795
f 2199/1675/1797 2198/1674/1796 2204/1680/1802
f 2204/1680/1802 2205/1681/1803 2199/1675/1797
f 2200/1676/1798 2199/1675/1797 2205/1681/1803
f 2205/1681/1803 2206/1682/1804 2200/1676/1798
f 2201/1677/1799 2200/1676/1798 2206/1682/1804
f 2206/1682/1804 2207/1683/1805 2201/1677/1799
f 2202/1678/1800 2201/1677/1799 2207/1683/1805
f 2207/1683/1805 2208/1684/1806 2202/1678/1800
f 2203/1679/1801 2202/1678/1800 2208/1684/1806
f 2208/1684/1806 2209/1685/1807 2203/1679/1801
f 2205/1681/1803 2204/1680/1802 2210/1686/1808
f 2210/1686/1808 2211/1687/1809 2205/1681/1803
f 2206/1682/1804 2205/1681/1803 2211/1687/1809
f 2211/1687/1809 2212/1688/1810 2206/1682/1804
f 2207/1683/1805 2206/1682/1804 2212/1688/1810
f 2212/1688/1810 2213/1689/1811 2207/1683/1805
f 2208/1684/1806 2207/1683/1805 2213/1689/1811
f 2213/1689/1811 2214/1690/1812 2208/1684/1806
f 2209/1685/1807 2208/1684/1806 2214/1690/1812
f 2214/1690/1812 2215/1691/1813 2209/1685/1807
f 2211/1687/1809 2210/1686/1808 2216/1692/1814
f 2216/1692/1814 2217/1693/1815 2211/1687/1809
f 2212/1688/1810 2211/1687/1809 2217/1693/1815
f 2217/1693/1815 2218/1694/1816 2212/1688/1810
f 2213/1689/1811 2212/1688/1810 2218/1694/1816
f 2218/1694/1816 2219/1695/1817 2213/1689/1811
f 2214/1690/1812 2213/1689/1811 2219/1695/1817
f 2219/1695/1817 2220/1696/1818 2214/1690/1812
f 2215/1691/1813 2214/1690/1812 2220/1696/1818
f 2220/1696/1818 2221/1697/1819 2215/1691/1813
f 2217/1693/1815 2216/1692/1814 2222/1698/1820
f 2222/1698/1820 2223/1699/1821 2217/1693/1815
f 2218/1694/1816 2217/1693/1815 2223/1699/1821
f 2223/1699/1821 2224/1700/1822 2218/1694/1816
f 2219/1695/1817 2218/1694/1816 2224/1700/1822
f 2224/1700/1822 2225/1701/1823 2219/1695/1817
f 2220/1696/1818 2219/1695/1817 2225/1701/1823
f 2225/1701/1823 2226/1702/1824 2220/1696/1818
f 2221/1697/1819 2220/1696/1818 2226/1702/1824
f 2226/1702/1824 2227/1703/1825 2221/1697/1819
f 2223/1699/1821 2222/1698/1820 2228/1704/1826
f 2228/1704/1826 2229/1705/1827 2223/1699/1821
f 2224/1700/1822 2223/1699/1821 2229/1705/1827
f 2229/1705/1827 2230/1706/1828 2224/1700/1822
f 2225/1701/1823 2224/1700/1822 2230/1706/1828
f 2230/1706/1828 2231/1707/1829 2225/1701/1823
f 2226/1702/1824 2225/1701/1823 2231/1707/1829
f 2231/1707/1829 2232/1708/1830 2226/1702/1824
f 2227/1703/1825 2226/1702/1824 2232/1708/1830
f 2232/1708/1830 2233/1709/1831 2227/1703/1825
f 2229/1705/1827 2228/1704/1826 2234/1710/1832
f 2234/1710/1832 2235/1711/1833 2229/1705/1827
f 2230/1706/1828 2229/1705/1827 2235/1711/1833
f 2235/1711/1833 2236/1712/1834 2230/1706/1828
f 2231/1707/1829 2230/1706/1828 2236/1712/1834
f 2236/1712/1834 2237/1713/1835 2231/1707/1829
f 2232/1708/1830 2231/1707/1829 2237/1713/1835
f 2237/1713/1835 2238/1714/1836 2232/1708/1830
f 2233/1709/1831 2232/1708/1830 2238/1714/1836
f 2238/1714/1836 2239/1715/1837 2233/1709/1831
f 2235/1711/1833 2234/1710/1832 2240/1716/1838
f 2240/1716/1838 2241/1717/1839 2235/1711/1833
f 2236/1712/1834 2235/1711/1833 2241/1717/1839
f 2241/1717/1839 2242/1718/1840 2236/1712/1834
f 2237/1713/1835 2236/1712/1834 2242/1718/1840
f 2242/1718/1840 2243/1719/1841 2237/1713/1835
f 2238/1714/1836 2237/1713/1835 2243/1719/1841
f 2243/1719/1841 2244/1720/1842 2238/1714/1836
f 2239/1715/1837 2238/1714/1836 2244/1720/1842
f 2244/1720/1842 2245/1721/1843 2239/1715/1837
f 2241/1717/1839 2240/1716/1838 2246/1722/1844
f 2246/1722/1844 2247/1723/1845 2241/1717/1839
f 2242/1718/1840 2241/1717/1839 2247/1723/1845
f 2247/1723/1845 2248/1724/1846 2242/1718/1840
f 2243/1719/1841 2242/1718/1840 2248/1724/1846
f 2248/1724/1846 2249/1725/1847 2243/1719/1841
f 2244/1720/1842 2243/1719/1841 2249/1725/1847
f 2249/1725/1847 2250/1726/1848 2244/1720/1842
f 2245/1721/1843 2244/1720/1842 2250/1726/1848
f 2250/1726/1848 2251/1727/1849 2245/1721/1843
f 2255/1728/1850 2252/1729/1851 2253/1730/1852
f 2253/1730/1852 2254/1731/1853 2255/1728/1850
f 2254/1731/1853 2253/1730/1852 2256/1732/1854
f 2256/1732/1854 2257/1733/1855 2254/1731/1853
f 2257/1733/1855 2256/1732/1854 2258/1734/1856
f 2258/1734/1856 2259/1735/1857 2257/1733/1855
f 2259/1735/1857 2258/1734/1856 2260/1736/1858
f 2260/1736/1858 2261/1737/1859 2259/1735/1857
f 2261/1737/1859 2260/1736/1858 2262/1738/1860
f 2262/1738/1860 2263/1739/1861 2261/1737/1859
f 2265/1740/1862 2255/1728/1850 2254/1731/1853
f 2254/1731/1853 2264/1741/1863 2265/1740/1862
f 2264/1741/1863 2254/1731/1853 2257/1733/1855
f 2257/1733/1855 2266/1742/1864 2264/1741/1863
f 2266/1742/1864 2257/1733/1855 2259/1735/1857
f 2259/1735/1857 2267/1743/1865 2266/1742/1864
f 2267/1743/1865 2259/1735/1857 2261/1737/1859
f 2261/1737/1859 2268/1744/1866 2267/1743/1865
f 2268/1744/1866 2261/1737/1859 2263/1739/1861
f 2263/1739/1861 2269/1745/1867 2268/1744/1866
f 2271/1746/1868 2265/1740/1862 2264/1741/1863
f 2264/1741/1863 2270/1747/1869 2271/1746/1868
f 2270/1747/1869 2264/1741/1863 2266/1742/1864
f 2266/1742/1864 2272/1748/1870 2270/1747/1869
f 2272/1748/1870 2266/1742/1864 2267/1743/1865
f 2267/1743/1865 2273/1749/1871 2272/1748/1870
f 2273/1749/1871 2267/1743/1865 2268/1744/1866
f 2268/1744/1866 2274/1750/1872 2273/1749/1871
f 2274/1750/1872 2268/1744/1866 2269/1745/1867
f 2269/1745/1867 2275/1751/1873 2274/1750/1872
f 2277/1752/1874 2271/1746/1868 2270/1747/1869
f 2270/1747/1869 2276/1753/1875 2277/1752/1874
f 2276/1753/1875 2270/1747/1869 2272/1748/1870
f 2272/1748/1870 2278/1754/1876 2276/1753/1875
f 2278/1754/1876 2272/1748/1870 2273/1749/1871
f 2273/1749/1871 2279/1755/1877 2278/1754/1876
f 2279/1755/1877 2273/1749/1871 2274/1750/1872
f 2274/1750/1872 2280/1756/1878 2279/1755/1877
f 2280/1756/1878 2274/1750/1872 2275/1751/1873
f 2275/1751/1873 2281/1757/1879 2280/1756/1878
f 2283/1758/1880 2277/1752/1874 2276/1753/1875
f 2276/1753/1875 2282/1759/1881 2283/1758/1880
f 2282/1759/1881 2276/1753/1875 2278/1754/1876
f 2278/1754/1876 2284/1760/1882 2282/1759/1881
f 2284/1760/1882 2278/1754/1876 2279/1755/1877
f 2279/1755/1877 2285/1761/1883 2284/1760/1882
f 2285/1761/1883 2279/1755/1877 2280/1756/1878
f 2280/1756/1878 2286/1762/1884 2285/1761/1883
f 2286/1762/1884 2280/1756/1878 2281/1757/1879
f 2281/1757/1879 2287/1763/1885 2286/1762/1884
f 2289/1764/1886 2283/1758/1880 2282/1759/1881
f 2282/1759/1881 2288/1765/1887 2289/1764/1886
f 2288/1765/1887 2282/1759/1881 2284/1760/1882
f 2284/1760/1882 2290/1766/1888 2288/1765/1887
f 2290/1766/1888 2284/1760/1882 2285/1761/1883
f 2285/1761/1883 2291/1767/1889 2290/1766/1888
f 2291/1767/1889 2285/1761/1883 2286/1762/1884
f 2286/1762/1884 2292/1768/1890 2291/1767/1889
f 2292/1768/1890 2286/1762/1884 2287/1763/1885
f 2287/1763/1885 2293/1769/1891 2292/1768/1890
f 2295/1770/1892 2289/1764/1886 2288/1765/1887
f 2288/1765/1887 2294/1771/1893 2295/1770/1892
f 2294/1771/1893 2288/1765/1887 2290/1766/1888
f 2290/1766/1888 2296/1772/1894 2294/1771/1893
f 2296/1772/1894 2290/1766/1888 2291/1767/1889
f 2291/1767/1889 2297/1773/1895 2296/1772/1894
f 2297/1773/1895 2291/1767/1889 2292/1768/1890
f 2292/1768/1890 2298/1774/1896 2297/1773/1895
f 2298/1774/1896 2292/1768/1890 2293/1769/1891
f 2293/1769/1891 2299/1775/1897 2298/1774/1896
f 2301/1776/1898 2295/1770/1892 2294/1771/1893
f 2294/1771/1893 2300/1777/1899 2301/1776/1898
f 2300/1777/1899 2294/1771/1893 2296/1772/1894
f 2296/1772/1894 2302/1778/1900 2300/1777/1899
f 2302/1778/1900 2296/1772/1894 2297/1773/1895
f 2297/1773/1895 2303/1779/1901 2302/1778/1900
f 2303/1779/1901 2297/1773/1895 2298/1774/1896
f 2298/1774/1896 2304/1780/1902 2303/1779/1901
f 2304/1780/1902 2298/1774/1896 2299/1775/1897
f 2299/1775/1897 2305/1781/1903 2304/1780/1902
f 2307/1782/1904 2301/1776/1898 2300/1777/1899
f 2300/1777/1899 2306/1783/1905 2307/1782/1904
f 2306/1783/1905 2300/1777/1899 2302/1778/1900
f 2302/1778/1900 2308/1784/1906 2306/1783/1905
f 2308/1784/1906 2302/1778/1900 2303/1779/1901
f 2303/1779/1901 2309/1785/1907 2308/1784/1906
f 2309/1785/1907 2303/1779/1901 2304/1780/1902
f 2304/1780/1902 2310/1786/1908 2309/1785/1907
f 2310/1786/1908 2304/1780/1902 2305/1781/1903
f 2305/1781/1903 2311/1787/1909 2310/1786/1908
f 2313/1788/1910 2307/1782/1904 2306/1783/1905
f 2306/1783/1905 2312/1789/1911 2313/1788/1910
f 2312/1789/1911 2306/1783/1905 2308/1784/1906
f 2308/1784/1906 2314/1790/1912 2312/1789/1911
f 2314/1790/1912 2308/1784/1906 2309/1785/1907
f 2309/1785/1907 2315/1791/1913 2314/1790/1912
f 2315/1791/1913 2309/1785/1907 2310/1786/1908
f 2310/1786/1908 2316/1792/1914 2315/1791/1913
f 2316/1792/1914 2310/1786/1908 2311/1787/1909
f 2311/1787/1909 2317/1793/1915 2316/1792/1914
f 2321/1794/1916 2318/1663/1917 2319/1662/1784
f 2319/1662/1784 2320/1795/1918 2321/1794/1916
f 2320/1795/1918 2319/1662/1784 2322/1666/1788
f 2322/1666/1788 2323/1796/1919 2320/1795/1918
f 2323/1796/1919 2322/1666/1788 2324/1668/1790
f 2324/1668/1790 2325/1797/1920 2323/1796/1919
f 2325/1797/1920 2324/1668/1790 2326/1670/1792
f 2326/1670/1792 2327/1798/1921 2325/1797/1920
f 2327/1798/1921 2326/1670/1792 2328/1672/1794
f 2328/1672/1794 2329/1799/1922 2327/1798/1921
f 2331/1800/1851 2321/1794/1916 2320/1795/1918
f 2320/1795/1918 2330/1801/1852 2331/1800/1851
f 2330/1801/1852 2320/1795/1918 2323/1796/1919
f 2323/1796/1919 2332/1802/1854 2330/1801/1852
f 2332/1802/1854 2323/1796/1919 2325/1797/1920
f 2325/1797/1920 2333/1803/1923 2332/1802/1854
f 2333/1803/1923 2325/1797/1920 2327/1798/1921
f 2327/1798/1921 2334/1804/1924 2333/1803/1923
f 2334/1804/1924 2327/1798/1921 2329/1799/1922
f 2329/1799/1922 2335/1738/1860 2334/1804/1924
f 2339/1799/1925 2336/1672/1794 2337/1673/1795
f 2337/1673/1795 2338/1805/1926 2339/1799/1925
f 2338/1805/1926 2337/1673/1795 2340/1679/1927
f 2340/1679/1927 2341/1806/1928 2338/1805/1926
f 2341/1806/1928 2340/1679/1927 2342/1685/1929
f 2342/1685/1929 2343/1807/1930 2341/1806/1928
f 2343/1807/1930 2342/1685/1929 2344/1691/1931
f 2344/1691/1931 2345/1808/1932 2343/1807/1930
f 2345/1808/1932 2344/1691/1931 2346/1697/1819
f 2346/1697/1819 2347/1809/1933 2345/1808/1932
f 2347/1809/1933 2346/1697/1819 2348/1703/1934
f 2348/1703/1934 2349/1810/1935 2347/1809/1933
f 2349/1810/1935 2348/1703/1934 2350/1709/1831
f 2350/1709/1831 2351/1811/1936 2349/1810/1935
f 2351/1811/1936 2350/1709/1831 2352/1715/1837
f 2352/1715/1837 2353/1812/1937 2351/1811/1936
f 2353/1812/1937 2352/1715/1837 2354/1721/1938
f 2354/1721/1938 2355/1813/1939 2353/1812/1937
f 2355/1813/1939 2354/1721/1938 2356/1727/1940
f 2356/1727/1940 2357/1814/1941 2355/1813/1939
f 2359/1738/1860 2339/1799/1925 2338/1805/1926
f 2338/1805/1926 2358/1739/1942 2359/1738/1860
f 2358/1739/1942 2338/1805/1926 2341/1806/1928
f 2341/1806/1928 2360/1745/1867 2358/1739/1942
f 2360/1745/1867 2341/1806/1928 2343/1807/1930
f 2343/1807/1930 2361/1751/1873 2360/1745/1867
f 2361/1751/1873 2343/1807/1930 2345/1808/1932
f 2345/1808/1932 2362/1757/1943 2361/1751/1873
f 2362/1757/1943 2345/1808/1932 2347/1809/1933
f 2347/1809/1933 2363/1763/1944 2362/1757/1943
f 2363/1763/1944 2347/1809/1933 2349/1810/1935
f 2349/1810/1935 2364/1769/1945 2363/1763/1944
f 2364/1769/1945 2349/1810/1935 2351/1811/1936
f 2351/1811/1936 2365/1775/1946 2364/1769/1945
f 2365/1775/1946 2351/1811/1936 2353/1812/1937
f 2353/1812/1937 2366/1781/1947 2365/1775/1946
f 2366/1781/1947 2353/1812/1937 2355/1813/1939
f 2355/1813/1939 2367/1787/1909 2366/1781/1947
f 2367/1787/1909 2355/1813/1939 2357/1814/1941
f 2357/1814/1941 2368/1793/1948 2367/1787/1909
f 2372/1814/1941 2369/1727/1849 2370/1726/1848
f 2370/1726/1848 2371/1815/1949 2372/1814/1941
f 2371/1815/1949 2370/1726/1848 2373/1725/1847
f 2373/1725/1847 2374/1816/1950 2371/1815/1949
f 2374/1816/1950 2373/1725/1847 2375/1724/1846
f 2375/1724/1846 2376/1817/1951 2374/1816/1950
f 2380/1818/1952 2377/1819/1953 2378/1820/1845
f 2378/1820/1845 2379/1821/1954 2380/1818/1952
f 2379/1821/1954 2378/1820/1845 2381/1822/1955
f 2381/1822/1955 2382/1823/1956 2379/1821/1954
f 2384/1793/1915 2372/1814/1941 2371/1815/1949
f 2371/1815/1949 2383/1792/1957 2384/1793/1915
f 2383/1792/1957 2371/1815/1949 2385/1824/1958
f 2385/1824/1958 2386/1791/1913 2383/1792/1957
f 2386/1791/1913 2385/1824/1958 2380/1818/1952
f 2380/1818/1952 2387/1790/1912 2386/1791/1913
f 2387/1790/1912 2380/1818/1952 2379/1821/1954
f 2379/1821/1954 2388/1789/1911 2387/1790/1912
f 2388/1789/1911 2379/1821/1954 2382/1823/1956
f 2382/1823/1956 2389/1788/1959 2388/1789/1911
f 2393/1823/1960 2390/1822/1961 2391/1825/1962
f 2391/1825/1962 2392/1826/1963 2393/1823/1960
f 2392/1826/1963 2391/1825/1962 2394/1827/1964
f 2394/1827/1964 2395/1828/1965 2392/1826/1963
f 2395/1828/1965 2394/1827/1964 2396/1829/1826
f 2396/1829/1826 2397/1830/1966 2395/1828/1965
f 2397/1830/1966 2396/1829/1826 2398/1831/1967
f 2398/1831/1967 2399/1832/1968 2397/1830/1966
f 2399/1832/1968 2398/1831/1967 2400/1833/1969
f 2400/1833/1969 2401/1834/1970 2399/1832/1968
f 2401/1834/1970 2400/1833/1969 2402/1835/1971
f 2402/1835/1971 2403/1836/1972 2401/1834/1970
f 2403/1836/1972 2402/1835/1971 2404/1837/1802
f 2404/1837/1802 2405/1838/1973 2403/1836/1972
f 2405/1838/1973 2404/1837/1802 2406/1839/1974
f 2406/1839/1974 2407/1840/1975 2405/1838/1973
f 2407/1840/1975 2406/1839/1974 2408/1841/1786
f 2408/1841/1786 2409/1842/1976 2407/1840/1975
f 2409/1842/1976 2408/1841/1786 2410/1843/1977
f 2410/1843/1977 2411/1844/1916 2409/1842/1976
f 2413/1788/1910 2393/1823/1960 2392/1826/1963
f 2392/1826/1963 2412/1782/1978 2413/1788/1910
f 2412/1782/1978 2392/1826/1963 2395/1828/1965
f 2395/1828/1965 2414/1776/1979 2412/1782/1978
f 2414/1776/1979 2395/1828/1965 2397/1830/1966
f 2397/1830/1966 2415/1770/1892 2414/1776/1979
f 2415/1770/1892 2397/1830/1966 2399/1832/1968
f 2399/1832/1968 2416/1764/1980 2415/1770/1892
f 2416/1764/1980 2399/1832/1968 2401/1834/1970
f 2401/1834/1970 2417/1758/1880 2416/1764/1980
f 2417/1758/1880 2401/1834/1970 2403/1836/1972
f 2403/1836/1972 2418/1752/1874 2417/1758/1880
f 2418/1752/1874 2403/1836/1972 2405/1838/1973
f 2405/1838/1973 2419/1746/1868 2418/1752/1874
f 2419/1746/1868 2405/1838/1973 2407/1840/1975
f 2407/1840/1975 2420/1740/1862 2419/1746/1868
f 2420/1740/1862 2407/1840/1975 2409/1842/1976
f 2409/1842/1976 2421/1728/1850 2420/1740/1862
f 2421/1728/1850 2409/1842/1976 2411/1844/1916
f 2411/1844/1916 2422/1729/1851 2421/1728/1850
f 2426/1845/1981 2423/1846/1982 2424/1847/1983
f 2424/1847/1983 2425/1848/1984 2426/1845/1981
f 2428/1849/1985 2426/1845/1981 2425/1848/1984
f 2425/1848/1984 2427/1850/1986 2428/1849/1985
f 2430/1851/1987 2428/1849/1985 2427/1850/1986
f 2427/1850/1986 2429/1852/1988 2430/1851/1987
f 2432/1853/1989 2430/1851/1987 2429/1852/1988
f 2429/1852/1988 2431/1854/1990 2432/1853/1989
f 2434/1855/1991 2432/1853/1989 2431/1854/1990
f 2431/1854/1990 2433/1856/1992 2434/1855/1991
f 2436/1857/1993 2434/1855/1991 2433/1856/1992
f 2433/1856/1992 2435/1858/1994 2436/1857/1993
f 2438/1859/1995 2436/1857/1993 2435/1858/1994
f 2435/1858/1994 2437/1860/1996 2438/1859/1995
f 2440/1861/1997 2438/1859/1995 2437/1860/1996
f 2437/1860/1996 2439/1862/1998 2440/1861/1997
f 2425/1848/1984 2424/1847/1983 2441/1863/1999
f 2441/1863/1999 2442/1864/2000 2425/1848/1984
f 2427/1850/1986 2425/1848/1984 2442/1864/2000
f 2442/1864/2000 2443/1865/2001 2427/1850/1986
f 2429/1852/1988 2427/1850/1986 2443/1865/2001
f 2443/1865/2001 2444/1866/2002 2429/1852/1988
f 2431/1854/1990 2429/1852/1988 2444/1866/2002
f 2444/1866/2002 2445/1867/2003 2431/1854/1990
f 2433/1856/1992 2431/1854/1990 2445/1867/2003
f 2445/1867/2003 2446/1868/2004 2433/1856/1992
f 2435/1858/1994 2433/1856/1992 2446/1868/2004
f 2446/1868/2004 2447/1869/2005 2435/1858/1994
f 2437/1860/1996 2435/1858/1994 2447/1869/2005
f 2447/1869/2005 2448/1870/2006 2437/1860/1996
f 2439/1862/1998 2437/1860/1996 2448/1870/2006
f 2448/1870/2006 2449/1871/2007 2439/1862/1998
f 2442/1864/2000 2441/1863/1999 2450/1872/2008
f 2450/1872/2008 2451/1873/2009 2442/1864/2000
f 2443/1865/2001 2442/1864/2000 2451/1873/2009
f 2451/1873/2009 2452/1874/2010 2443/1865/2001
f 2444/1866/2002 2443/1865/2001 2452/1874/2010
f 2452/1874/2010 2453/1875/2011 2444/1866/2002
f 2445/1867/2003 2444/1866/2002 2453/1875/2011
f 2453/1875/2011 2454/1876/2012 2445/1867/2003
f 2446/1868/2004 2445/1867/2003 2454/1876/2012
f 2454/1876/2012 2455/1877/2013 2446/1868/2004
f 2447/1869/2005 2446/1868/2004 2455/1877/2013
f 2455/1877/2013 2456/1878/2014 2447/1869/2005
f 2448/1870/2006 2447/1869/2005 2456/1878/2014
f 2456/1878/2014 2457/1879/2015 2448/1870/2006
f 2449/1871/2007 2448/1870/2006 2457/1879/2015
f 2457/1879/2015 2458/1880/2016 2449/1871/2007
f 2451/1873/2009 2450/1872/2008 2459/1881/2017
f 2459/1881/2017 2460/1882/2018 2451/1873/2009
f 2452/1874/2010 2451/1873/2009 2460/1882/2018
f 2460/1882/2018 2461/1883/2019 2452/1874/2010
f 2453/1875/2011 2452/1874/2010 2461/1883/2019
f 2461/1883/2019 2462/1884/2020 2453/1875/2011
f 2454/1876/2012 2453/1875/2011 2462/1884/2020
f 2462/1884/2020 2463/1885/2021 2454/1876/2012
f 2455/1877/2013 2454/1876/2012 2463/1885/2021
f 2463/1885/2021 2464/1886/2022 2455/1877/2013
f 2456/1878/2014 2455/1877/2013 2464/1886/2022
f 2464/1886/2022 2465/1887/2023 2456/1878/2014
f 2457/1879/2015 2456/1878/2014 2465/1887/2023
f 2465/1887/2023 2466/1888/2024 2457/1879/2015
f 2458/1880/2016 2457/1879/2015 2466/1888/2024
f 2466/1888/2024 2467/1889/2025 2458/1880/2016
f 2471/1890/2026 2468/1891/2027 2469/1892/2028
f 2469/1892/2028 2470/1893/2029 2471/1890/2026
f 2470/1893/2029 2469/1892/2028 2472/1894/2030
f 2472/1894/2030 2473/1895/2031 2470/1893/2029
f 2473/1895/2031 2472/1894/2030 2474/1896/2032
f 2474/1896/2032 2475/1897/2033 2473/1895/2031
f 2475/1897/2033 2474/1896/2032 2476/1898/2034
f 2476/1898/2034 2477/1899/2035 2475/1897/2033
f 2477/1899/2035 2476/1898/2034 2478/1900/2036
f 2478/1900/2036 2479/1901/2037 2477/1899/2035
f 2479/1901/2037 2478/1900/2036 2480/1902/2038
f 2480/1902/2038 2481/1903/2039 2479/1901/2037
f 2481/1903/2039 2480/1902/2038 2482/1904/2040
f 2482/1904/2040 2483/1905/2041 2481/1903/2039
f 2483/1905/2041 2482/1904/2040 2484/1906/2042
f 2484/1906/2042 2485/1907/2043 2483/1905/2041
f 2487/1908/2044 2471/1890/2026 2470/1893/2029
f 2470/1893/2029 2486/1909/2045 2487/1908/2044
f 2486/1909/2045 2470/1893/2029 2473/1895/2031
f 2473/1895/2031 2488/1910/2046 2486/1909/2045
f 2488/1910/2046 2473/1895/2031 2475/1897/2033
f 2475/1897/2033 2489/1911/2047 2488/1910/2046
f 2489/1911/2047 2475/1897/2033 2477/1899/2035
f 2477/1899/2035 2490/1912/2048 2489/1911/2047
f 2490/1912/2048 2477/1899/2035 2479/1901/2037
f 2479/1901/2037 2491/1913/2049 2490/1912/2048
f 2491/1913/2049 2479/1901/2037 2481/1903/2039
f 2481/1903/2039 2492/1914/2050 2491/1913/2049
f 2492/1914/2050 2481/1903/2039 2483/1905/2041
f 2483/1905/2041 2493/1915/2051 2492/1914/2050
f 2493/1915/2051 2483/1905/2041 2485/1907/2043
f 2485/1907/2043 2494/1916/2052 2493/1915/2051
f 2496/1917/2053 2487/1908/2044 2486/1909/2045
f 2486/1909/2045 2495/1918/2054 2496/1917/2053
f 2495/1918/2054 2486/1909/2045 2488/1910/2046
f 2488/1910/2046 2497/1919/2055 2495/1918/2054
f 2497/1919/2055 2488/1910/2046 2489/1911/2047
f 2489/1911/2047 2498/1920/2056 2497/1919/2055
f 2498/1920/2056 2489/1911/2047 2490/1912/2048
f 2490/1912/2048 2499/1921/2057 2498/1920/2056
f 2499/1921/2057 2490/1912/2048 2491/1913/2049
f 2491/1913/2049 2500/1922/2058 2499/1921/2057
f 2500/1922/2058 2491/1913/2049 2492/1914/2050
f 2492/1914/2050 2501/1923/2059 2500/1922/2058
f 2501/1923/2059 2492/1914/2050 2493/1915/2051
f 2493/1915/2051 2502/1924/2060 2501/1923/2059
f 2502/1924/2060 2493/1915/2051 2494/1916/2052
f 2494/1916/2052 2503/1925/2061 2502/1924/2060
f 2505/1926/2062 2496/1917/2053 2495/1918/2054
f 2495/1918/2054 2504/1927/2063 2505/1926/2062
f 2504/1927/2063 2495/1918/2054 2497/1919/2055
f 2497/1919/2055 2506/1928/2064 2504/1927/2063
f 2506/1928/2064 2497/1919/2055 2498/1920/2056
f 2498/1920/2056 2507/1929/2065 2506/1928/2064
f 2507/1929/2065 2498/1920/2056 2499/1921/2057
f 2499/1921/2057 2508/1930/2066 2507/1929/2065
f 2508/1930/2066 2499/1921/2057 2500/1922/2058
f 2500/1922/2058 2509/1931/2067 2508/1930/2066
f 2509/1931/2067 2500/1922/2058 2501/1923/2059
f 2501/1923/2059 2510/1932/2068 2509/1931/2067
f 2510/1932/2068 2501/1923/2059 2502/1924/2060
f 2502/1924/2060 2511/1933/2069 2510/1932/2068
f 2511/1933/2069 2502/1924/2060 2503/1925/2061
f 2503/1925/2061 2512/1934/2070 2511/1933/2069
f 2516/1935/2071 2513/1936/2072 2514/1937/1981
f 2514/1937/1981 2515/1938/2073 2516/1935/2071
f 2515/1938/2073 2514/1937/1981 2517/1939/1985
f 2517/1939/1985 2518/1940/2074 2515/1938/2073
f 2518/1940/2074 2517/1939/1985 2519/1941/2075
f 2519/1941/2075 2520/1942/2076 2518/1940/2074
f 2520/1942/2076 2519/1941/2075 2521/1943/1989
f 2521/1943/1989 2522/1944/2077 2520/1942/2076
f 2522/1944/2077 2521/1943/1989 2523/1945/1991
f 2523/1945/1991 2524/1946/2078 2522/1944/2077
f 2524/1946/2078 2523/1945/1991 2525/1947/1993
f 2525/1947/1993 2526/1948/2079 2524/1946/2078
f 2526/1948/2079 2525/1947/1993 2527/1949/2080
f 2527/1949/2080 2528/1950/2081 2526/1948/2079
f 2528/1950/2081 2527/1949/2080 2529/1951/2082
f 2529/1951/2082 2530/1952/2083 2528/1950/2081
f 2532/1891/2027 2516/1935/2071 2515/1938/2073
f 2515/1938/2073 2531/1892/2028 2532/1891/2027
f 2531/1892/2028 2515/1938/2073 2518/1940/2074
f 2518/1940/2074 2533/1894/2084 2531/1892/2028
f 2533/1894/2084 2518/1940/2074 2520/1942/2076
f 2520/1942/2076 2534/1896/2085 2533/1894/2084
f 2534/1896/2085 2520/1942/2076 2522/1944/2077
f 2522/1944/2077 2535/1898/2034 2534/1896/2085
f 2535/1898/2034 2522/1944/2077 2524/1946/2078
f 2524/1946/2078 2536/1900/2086 2535/1898/2034
f 2536/1900/2086 2524/1946/2078 2526/1948/2079
f 2526/1948/2079 2537/1902/2087 2536/1900/2086
f 2537/1902/2087 2526/1948/2079 2528/1950/2081
f 2528/1950/2081 2538/1904/2088 2537/1902/2087
f 2538/1904/2088 2528/1950/2081 2530/1952/2083
f 2530/1952/2083 2539/1906/2089 2538/1904/2088
f 2543/1952/2090 2540/1861/2091 2541/1862/2092
f 2541/1862/2092 2542/1953/2093 2543/1952/2090
f 2542/1953/2093 2541/1862/2092 2544/1871/2094
f 2544/1871/2094 2545/1954/2095 2542/1953/2093
f 2545/1954/2095 2544/1871/2094 2546/1880/2016
f 2546/1880/2016 2547/1955/2096 2545/1954/2095
f 2547/1955/2096 2546/1880/2016 2548/1889/2025
f 2548/1889/2025 2549/1956/2097 2547/1955/2096
f 2551/1906/2089 2543/1952/2090 2542/1953/2093
f 2542/1953/2093 2550/1907/2043 2551/1906/2089
f 2550/1907/2043 2542/1953/2093 2545/1954/2095
f 2545/1954/2095 2552/1916/2052 2550/1907/2043
f 2552/1916/2052 2545/1954/2095 2547/1955/2096
f 2547/1955/2096 2553/1925/2061 2552/1916/2052
f 2553/1925/2061 2547/1955/2096 2549/1956/2097
f 2549/1956/2097 2554/1934/2098 2553/1925/2061
f 2558/1956/2097 2555/1889/2025 2556/1888/2099
f 2556/1888/2099 2557/1957/2100 2558/1956/2097
f 2557/1957/2100 2556/1888/2099 2559/1887/2101
f 2559/1887/2101 2560/1958/2102 2557/1957/2100
f 2560/1958/2102 2559/1887/2101 2561/1886/2022
f 2561/1886/2022 2562/1959/2103 2560/1958/2102
f 2562/1959/2103 2561/1886/2022 2563/1885/2021
f 2563/1885/2021 2564/1960/2104 2562/1959/2103
f 2564/1960/2104 2563/1885/2021 2565/1884/2020
f 2565/1884/2020 2566/1961/2105 2564/1960/2104
f 2566/1961/2105 2565/1884/2020 2567/1883/2106
f 2567/1883/2106 2568/1962/2107 2566/1961/2105
f 2568/1962/2107 2567/1883/2106 2569/1882/2108
f 2569/1882/2108 2570/1963/2109 2568/1962/2107
f 2570/1963/2109 2569/1882/2108 2571/1881/2017
f 2571/1881/2017 2572/1964/2110 2570/1963/2109
f 2574/1934/2070 2558/1956/2097 2557/1957/2100
f 2557/1957/2100 2573/1933/2111 2574/1934/2070
f 2573/1933/2111 2557/1957/2100 2560/1958/2102
f 2560/1958/2102 2575/1932/2112 2573/1933/2111
f 2575/1932/2112 2560/1958/2102 2562/1959/2103
f 2562/1959/2103 2576/1931/2067 2575/1932/2112
f 2576/1931/2067 2562/1959/2103 2564/1960/2104
f 2564/1960/2104 2577/1930/2113 2576/1931/2067
f 2577/1930/2113 2564/1960/2104 2566/1961/2105
f 2566/1961/2105 2578/1929/2065 2577/1930/2113
f 2578/1929/2065 2566/1961/2105 2568/1962/2107
f 2568/1962/2107 2579/1928/2114 2578/1929/2065
f 2579/1928/2114 2568/1962/2107 2570/1963/2109
f 2570/1963/2109 2580/1927/2115 2579/1928/2114
f 2580/1927/2115 2570/1963/2109 2572/1964/2110
f 2572/1964/2110 2581/1926/2116 2580/1927/2115
f 2585/1965/2110 2582/1966/2117 2583/1967/2118
f 2583/1967/2118 2584/1968/2119 2585/1965/2110
f 2584/1968/2119 2583/1967/2118 2586/1969/2120
f 2586/1969/2120 2587/1970/2121 2584/1968/2119
f 2587/1970/2121 2586/1969/2120 2588/1971/2122
f 2588/1971/2122 2589/1972/2123 2587/1970/2121
f 2589/1972/2123 2588/1971/2122 2590/1936/1982
f 2590/1936/1982 2591/1935/2071 2589/1972/2123
f 2593/1926/2124 2585/1965/2110 2584/1968/2119
f 2584/1968/2119 2592/1917/2125 2593/1926/2124
f 2592/1917/2125 2584/1968/2119 2587/1970/2121
f 2587/1970/2121 2594/1908/2126 2592/1917/2125
f 2594/1908/2126 2587/1970/2121 2589/1972/2123
f 2589/1972/2123 2595/1890/2127 2594/1908/2126
f 2595/1890/2127 2589/1972/2123 2591/1935/2071
f 2591/1935/2071 2596/1891/2128 2595/1890/2127
f 2600/1973/2129 2597/1974/2130 2598/1975/2131
f 2598/1975/2131 2599/1976/2132 2600/1973/2129
f 2602/1977/2133 2600/1973/2129 2599/1976/2132
f 2599/1976/2132 2601/1978/2134 2602/1977/2133
f 2604/1979/2135 2602/1977/2133 2601/1978/2134
f 2601/1978/2134 2603/1980/2136 2604/1979/2135
f 2606/1981/2137 2604/1979/2135 2603/1980/2136
f 2603/1980/2136 2605/1982/2138 2606/1981/2137
f 2608/1983/2139 2606/1981/2137 2605/1982/2138
f 2605/1982/2138 2607/1984/2140 2608/1983/2139
f 2610/1985/2141 2608/1983/2139 2607/1984/2140
f 2607/1984/2140 2609/1986/2142 2610/1985/2141
f 2612/1987/2143 2610/1985/2141 2609/1986/2142
f 2609/1986/2142 2611/1988/2144 2612/1987/2143
f 2614/1989/2145 2612/1987/2143 2611/1988/2144
f 2611/1988/2144 2613/1990/2146 2614/1989/2145
f 2599/1976/2132 2598/1975/2131 2615/1991/2147
f 2615/1991/2147 2616/1992/2148 2599/1976/2132
f 2601/1978/2134 2599/1976/2132 2616/1992/2148
f 2616/1992/2148 2617/1993/2149 2601/1978/2134
f 2603/1980/2136 2601/1978/2134 2617/1993/2149
f 2617/1993/2149 2618/1994/2150 2603/1980/2136
f 2605/1982/2138 2603/1980/2136 2618/1994/2150
f 2618/1994/2150 2619/1995/2151 2605/1982/2138
f 2607/1984/2140 2605/1982/2138 2619/1995/2151
f 2619/1995/2151 2620/1996/2152 2607/1984/2140
f 2609/1986/2142 2607/1984/2140 2620/1996/2152
f 2620/1996/2152 2621/1997/2153 2609/1986/2142
f 2611/1988/2144 2609/1986/2142 2621/1997/2153
f 2621/1997/2153 2622/1998/2154 2611/1988/2144
f 2613/1990/2146 2611/1988/2144 2622/1998/2154
f 2622/1998/2154 2623/1999/2155 2613/1990/2146
f 2616/1992/2148 2615/1991/2147 2624/2000/2156
f 2624/2000/2156 2625/2001/2157 2616/1992/2148
f 2617/1993/2149 2616/1992/2148 2625/2001/2157
f 2625/2001/2157 2626/2002/2158 2617/1993/2149
f 2618/1994/2150 2617/1993/2149 2626/2002/2158
f 2626/2002/2158 2627/2003/2159 2618/1994/2150
f 2619/1995/2151 2618/1994/2150 2627/2003/2159
f 2627/2003/2159 2628/2004/2160 2619/1995/2151
f 2620/1996/2152 2619/1995/2151 2628/2004/2160
f 2628/2004/2160 2629/2005/2161 2620/1996/2152
f 2621/1997/2153 2620/1996/2152 2629/2005/2161
f 2629/2005/2161 2630/2006/2162 2621/1997/2153
f 2622/1998/2154 2621/1997/2153 2630/2006/2162
f 2630/2006/2162 2631/2007/2163 2622/1998/2154
f 2623/1999/2155 2622/1998/2154 2631/2007/2163
f 2631/2007/2163 2632/2008/2164 2623/1999/2155
f 2636/2009/2165 2633/2010/2156 2634/2011/2166
f 2634/2011/2166 2635/2012/2167 2636/2009/2165
f 2638/2013/2168 2636/2009/2165 2635/2012/2167
f 2635/2012/2167 2637/2014/2169 2638/2013/2168
f 2640/2015/2159 2638/2013/2168 2637/2014/2169
f 2637/2014/2169 2639/2016/2170 2640/2015/2159
f 2642/2017/2160 2640/2015/2159 2639/2016/2170
f 2639/2016/2170 2641/2018/2171 2642/2017/2160
f 2644/2019/2161 2642/2017/2160 2641/2018/2171
f 2641/2018/2171 2643/2020/2172 2644/2019/2161
f 2630/2006/2162 2629/2005/2161 2645/2021/2172
f 2645/2021/2172 2646/2022/2173 2630/2006/2162
f 2631/2007/2163 2630/2006/2162 2646/2022/2173
f 2646/2022/2173 2647/2023/2174 2631/2007/2163
f 2632/2008/2164 2631/2007/2163 2647/2023/2174
f 2647/2023/2174 2648/2024/2175 2632/2008/2164
f 2652/2025/2176 2649/2026/2177 2650/2027/2178
f 2650/2027/2178 2651/2028/2179 2652/2025/2176
f 2651/2028/2179 2650/2027/2178 2653/2029/2180
f 2653/2029/2180 2654/2030/2181 2651/2028/2179
f 2654/2030/2181 2653/2029/2180 2655/2031/2182
f 2655/2031/2182 2656/2032/2183 2654/2030/2181
f 2656/2032/2183 2655/2031/2182 2657/2033/2184
f 2657/2033/2184 2658/2034/2185 2656/2032/2183
f 2658/2034/2185 2657/2033/2184 2659/2035/2186
f 2659/2035/2186 2660/2036/2187 2658/2034/2185
f 2660/2036/2187 2659/2035/2186 2661/2037/2188
f 2661/2037/2188 2662/2038/2189 2660/2036/2187
f 2662/2038/2189 2661/2037/2188 2663/2039/2190
f 2663/2039/2190 2664/2040/2191 2662/2038/2189
f 2664/2040/2191 2663/2039/2190 2665/2041/2192
f 2665/2041/2192 2666/2042/2193 2664/2040/2191
f 2668/2043/2194 2652/2025/2176 2651/2028/2179
f 2651/2028/2179 2667/2044/2195 2668/2043/2194
f 2667/2044/2195 2651/2028/2179 2654/2030/2181
f 2654/2030/2181 2669/2045/2196 2667/2044/2195
f 2669/2045/2196 2654/2030/2181 2656/2032/2183
f 2656/2032/2183 2670/2046/2197 2669/2045/2196
f 2670/2046/2197 2656/2032/2183 2658/2034/2185
f 2658/2034/2185 2671/2047/2198 2670/2046/2197
f 2671/2047/2198 2658/2034/2185 2660/2036/2187
f 2660/2036/2187 2672/2048/2199 2671/2047/2198
f 2672/2048/2199 2660/2036/2187 2662/2038/2189
f 2662/2038/2189 2673/2049/2200 2672/2048/2199
f 2673/2049/2200 2662/2038/2189 2664/2040/2191
f 2664/2040/2191 2674/2050/2201 2673/2049/2200
f 2674/2050/2201 2664/2040/2191 2666/2042/2193
f 2666/2042/2193 2675/2051/2202 2674/2050/2201
f 2677/2052/2203 2668/2043/2194 2667/2044/2195
f 2667/2044/2195 2676/2053/2204 2677/2052/2203
f 2676/2053/2204 2667/2044/2195 2669/2045/2196
f 2669/2045/2196 2678/2054/2205 2676/2053/2204
f 2678/2054/2205 2669/2045/2196 2670/2046/2197
f 2670/2046/2197 2679/2055/2206 2678/2054/2205
f 2679/2055/2206 2670/2046/2197 2671/2047/2198
f 2671/2047/2198 2680/2056/2207 2679/2055/2206
f 2680/2056/2207 2671/2047/2198 2672/2048/2199
f 2672/2048/2199 2681/2057/2208 2680/2056/2207
f 2681/2057/2208 2672/2048/2199 2673/2049/2200
f 2673/2049/2200 2682/2058/2209 2681/2057/2208
f 2682/2058/2209 2673/2049/2200 2674/2050/2201
f 2674/2050/2201 2683/2059/2210 2682/2058/2209
f 2683/2059/2210 2674/2050/2201 2675/2051/2202
f 2675/2051/2202 2684/2060/2211 2683/2059/2210
f 2686/2061/2212 2677/2052/2203 2676/2053/2204
f 2676/2053/2204 2685/2062/2213 2686/2061/2212
f 2685/2062/2213 2676/2053/2204 2678/2054/2205
f 2678/2054/2205 2687/2063/2214 2685/2062/2213
f 2687/2063/2214 2678/2054/2205 2679/2055/2206
f 2679/2055/2206 2688/2064/2215 2687/2063/2214
f 2688/2064/2215 2679/2055/2206 2680/2056/2207
f 2680/2056/2207 2689/2065/2216 2688/2064/2215
f 2689/2065/2216 2680/2056/2207 2681/2057/2208
f 2681/2057/2208 2690/2066/2217 2689/2065/2216
f 2690/2066/2217 2681/2057/2208 2682/2058/2209
f 2682/2058/2209 2691/2067/2218 2690/2066/2217
f 2691/2067/2218 2682/2058/2209 2683/2059/2210
f 2683/2059/2210 2692/2068/2219 2691/2067/2218
f 2692/2068/2219 2683/2059/2210 2684/2060/2211
f 2684/2060/2211 2693/2069/2220 2692/2068/2219
f 2697/2070/2221 2694/1974/2222 2695/1973/2223
f 2695/1973/2223 2696/2071/2224 2697/2070/2221
f 2696/2071/2224 2695/1973/2223 2698/1977/2225
f 2698/1977/2225 2699/2072/2226 2696/2071/2224
f 2699/2072/2226 2698/1977/2225 2700/1979/2135
f 2700/1979/2135 2701/2073/2227 2699/2072/2226
f 2701/2073/2227 2700/1979/2135 2702/1981/2137
f 2702/1981/2137 2703/2074/2228 2701/2073/2227
f 2703/2074/2228 2702/1981/2137 2704/1983/2229
f 2704/1983/2229 2705/2075/2230 2703/2074/2228
f 2705/2075/2230 2704/1983/2229 2706/1985/2231
f 2706/1985/2231 2707/2076/2232 2705/2075/2230
f 2707/2076/2232 2706/1985/2231 2708/1987/2143
f 2708/1987/2143 2709/2077/2233 2707/2076/2232
f 2709/2077/2233 2708/1987/2143 2710/1989/2145
f 2710/1989/2145 2711/2078/2234 2709/2077/2233
f 2713/2026/2235 2697/2070/2221 2696/2071/2224
f 2696/2071/2224 2712/2027/2178 2713/2026/2235
f 2712/2027/2178 2696/2071/2224 2699/2072/2226
f 2699/2072/2226 2714/2029/2236 2712/2027/2178
f 2714/2029/2236 2699/2072/2226 2701/2073/2227
f 2701/2073/2227 2715/2031/2237 2714/2029/2236
f 2715/2031/2237 2701/2073/2227 2703/2074/2228
f 2703/2074/2228 2716/2033/2238 2715/2031/2237
f 2716/2033/2238 2703/2074/2228 2705/2075/2230
f 2705/2075/2230 2717/2035/2186 2716/2033/2238
f 2717/2035/2186 2705/2075/2230 2707/2076/2232
f 2707/2076/2232 2718/2037/2239 2717/2035/2186
f 2718/2037/2239 2707/2076/2232 2709/2077/2233
f 2709/2077/2233 2719/2039/2240 2718/2037/2239
f 2719/2039/2240 2709/2077/2233 2711/2078/2234
f 2711/2078/2234 2720/2041/2192 2719/2039/2240
f 2724/2078/2241 2721/1989/2242 2722/2079/2146
f 2722/2079/2146 2723/2080/2243 2724/2078/2241
f 2723/2080/2243 2722/2079/2146 2725/2081/2244
f 2725/2081/2244 2726/2082/2245 2723/2080/2243
f 2726/2082/2245 2725/2081/2244 2727/2083/2164
f 2727/2083/2164 2728/2084/2246 2726/2082/2245
f 2728/2084/2246 2727/2083/2164 2729/2085/2247
f 2729/2085/2247 2730/2086/2248 2728/2084/2246
f 2732/2041/2249 2724/2078/2241 2723/2080/2243
f 2723/2080/2243 2731/2042/2193 2732/2041/2249
f 2731/2042/2193 2723/2080/2243 2726/2082/2245
f 2726/2082/2245 2733/2051/2202 2731/2042/2193
f 2733/2051/2202 2726/2082/2245 2728/2084/2246
f 2728/2084/2246 2734/2060/2211 2733/2051/2202
f 2734/2060/2211 2728/2084/2246 2730/2086/2248
f 2730/2086/2248 2735/2069/2250 2734/2060/2211
f 2739/2086/2248 2736/2087/2251 2737/2088/2174
f 2737/2088/2174 2738/2089/2252 2739/2086/2248
f 2738/2089/2252 2737/2088/2174 2740/2090/2253
f 2740/2090/2253 2741/2091/2254 2738/2089/2252
f 2741/2091/2254 2740/2090/2253 2742/2020/2255
f 2742/2020/2255 2743/2092/2256 2741/2091/2254
f 2743/2092/2256 2742/2020/2255 2744/2018/2257
f 2744/2018/2257 2745/2093/2258 2743/2092/2256
f 2745/2093/2258 2744/2018/2257 2746/2016/2170
f 2746/2016/2170 2747/2094/2259 2745/2093/2258
f 2747/2094/2259 2746/2016/2170 2748/2014/2169
f 2748/2014/2169 2749/2095/2260 2747/2094/2259
f 2749/2095/2260 2748/2014/2169 2750/2012/2167
f 2750/2012/2167 2751/2096/2261 2749/2095/2260
f 2751/2096/2261 2750/2012/2167 2752/2011/2166
f 2752/2011/2166 2753/2097/2262 2751/2096/2261
f 2755/2069/2263 2739/2086/2248 2738/2089/2252
f 2738/2089/2252 2754/2068/2219 2755/2069/2263
f 2754/2068/2219 2738/2089/2252 2741/2091/2254
f 2741/2091/2254 2756/2067/2218 2754/2068/2219
f 2756/2067/2218 2741/2091/2254 2743/2092/2256
f 2743/2092/2256 2757/2066/2264 2756/2067/2218
f 2757/2066/2264 2743/2092/2256 2745/2093/2258
f 2745/2093/2258 2758/2065/2265 2757/2066/2264
f 2758/2065/2265 2745/2093/2258 2747/2094/2259
f 2747/2094/2259 2759/2064/2215 2758/2065/2265
f 2759/2064/2215 2747/2094/2259 2749/2095/2260
f 2749/2095/2260 2760/2063/2214 2759/2064/2215
f 2760/2063/2214 2749/2095/2260 2751/2096/2261
f 2751/2096/2261 2761/2062/2213 2760/2063/2214
f 2761/2062/2213 2751/2096/2261 2753/2097/2262
f 2753/2097/2262 2762/2061/2266 2761/2062/2213
f 2766/2097/2262 2763/2011/2166 2764/2010/2267
f 2764/2010/2267 2765/2098/2268 2766/2097/2262
f 2770/2099/2268 2767/2000/2267 2768/1991/2269
f 2768/1991/2269 2769/2100/2270 2770/2099/2268
f 2769/2100/2270 2768/1991/2269 2771/1975/2271
f 2771/1975/2271 2772/2101/2272 2769/2100/2270
f 2772/2101/2272 2771/1975/2271 2773/1974/2130
f 2773/1974/2130 2774/2070/2221 2772/2101/2272
f 2776/2061/2212 2766/2097/2262 2765/2098/2268
f 2765/2098/2268 2775/2052/2203 2776/2061/2212
f 2775/2052/2203 2770/2099/2268 2769/2100/2270
f 2769/2100/2270 2777/2043/2273 2775/2052/2203
f 2777/2043/2273 2769/2100/2270 2772/2101/2272
f 2772/2101/2272 2778/2025/2274 2777/2043/2273
f 2778/2025/2274 2772/2101/2272 2774/2070/2221
f 2774/2070/2221 2779/2026/2235 2778/2025/2274
f 2783/2102/2275 2780/2103/2276 2781/2104/2277
f 2781/2104/2277 2782/2105/2278 2783/2102/2275
f 2785/2106/2279 2783/2102/2275 2782/2105/2278
f 2782/2105/2278 2784/2107/2280 2785/2106/2279
f 2787/2108/2281 2785/2106/2279 2784/2107/2280
f 2784/2107/2280 2786/2109/2282 2787/2108/2281
f 2789/2110/2283 2787/2108/2281 2786/2109/2282
f 2786/2109/2282 2788/2111/2284 2789/2110/2283
f 2791/2112/2285 2789/2110/2283 2788/2111/2284
f 2788/2111/2284 2790/2113/2286 2791/2112/2285
f 2793/2114/2287 2791/2112/2285 2790/2113/2286
f 2790/2113/2286 2792/2115/2288 2793/2114/2287
f 2795/2116/2289 2793/2114/2287 2792/2115/2288
f 2792/2115/2288 2794/2117/2290 2795/2116/2289
f 2797/2118/2291 2795/2116/2289 2794/2117/2290
f 2794/2117/2290 2796/2119/2292 2797/2118/2291
f 2782/2105/2278 2781/2104/2277 2798/2120/2293
f 2798/2120/2293 2799/2121/2294 2782/2105/2278
f 2784/2107/2280 2782/2105/2278 2799/2121/2294
f 2799/2121/2294 2800/2122/2295 2784/2107/2280
f 2786/2109/2282 2784/2107/2280 2800/2122/2295
f 2800/2122/2295 2801/2123/2296 2786/2109/2282
f 2788/2111/2284 2786/2109/2282 2801/2123/2296
f 2801/2123/2296 2802/2124/2297 2788/2111/2284
f 2790/2113/2286 2788/2111/2284 2802/2124/2297
f 2802/2124/2297 2803/2125/2298 2790/2113/2286
f 2792/2115/2288 2790/2113/2286 2803/2125/2298
f 2803/2125/2298 2804/2126/2299 2792/2115/2288
f 2794/2117/2290 2792/2115/2288 2804/2126/2299
f 2804/2126/2299 2805/2127/2300 2794/2117/2290
f 2796/2119/2292 2794/2117/2290 2805/2127/2300
f 2805/2127/2300 2806/2128/2301 2796/2119/2292
f 2799/2121/2294 2798/2120/2293 2807/2129/2302
f 2807/2129/2302 2808/2130/2303 2799/2121/2294
f 2800/2122/2295 2799/2121/2294 2808/2130/2303
f 2808/2130/2303 2809/2131/2304 2800/2122/2295
f 2801/2123/2296 2800/2122/2295 2809/2131/2304
f 2809/2131/2304 2810/2132/2305 2801/2123/2296
f 2802/2124/2297 2801/2123/2296 2810/2132/2305
f 2810/2132/2305 2811/2133/2306 2802/2124/2297
f 2803/2125/2298 2802/2124/2297 2811/2133/2306
f 2811/2133/2306 2812/2134/2307 2803/2125/2298
f 2804/2126/2299 2803/2125/2298 2812/2134/2307
f 2812/2134/2307 2813/2135/2308 2804/2126/2299
f 2805/2127/2300 2804/2126/2299 2813/2135/2308
f 2813/2135/2308 2814/2136/2309 2805/2127/2300
f 2806/2128/2301 2805/2127/2300 2814/2136/2309
f 2814/2136/2309 2815/2137/2310 2806/2128/2301
f 2808/2130/2303 2807/2129/2302 2816/2138/2311
f 2816/2138/2311 2817/2139/2312 2808/2130/2303
f 2809/2131/2304 2808/2130/2303 2817/2139/2312
f 2817/2139/2312 2818/2140/2313 2809/2131/2304
f 2810/2132/2305 2809/2131/2304 2818/2140/2313
f 2818/2140/2313 2819/2141/2314 2810/2132/2305
f 2811/2133/2306 2810/2132/2305 2819/2141/2314
f 2819/2141/2314 2820/2142/2315 2811/2133/2306
f 2812/2134/2307 2811/2133/2306 2820/2142/2315
f 2820/2142/2315 2821/2143/2316 2812/2134/2307
f 2813/2135/2308 2812/2134/2307 2821/2143/2316
f 2821/2143/2316 2822/2144/2317 2813/2135/2308
f 2814/2136/2309 2813/2135/2308 2822/2144/2317
f 2822/2144/2317 2823/2145/2318 2814/2136/2309
f 2815/2137/2310 2814/2136/2309 2823/2145/2318
f 2823/2145/2318 2824/2146/2319 2815/2137/2310
f 2828/2147/2320 2825/2148/2321 2826/2149/2322
f 2826/2149/2322 2827/2150/2323 2828/2147/2320
f 2827/2150/2323 2826/2149/2322 2829/2151/2324
f 2829/2151/2324 2830/2152/2325 2827/2150/2323
f 2830/2152/2325 2829/2151/2324 2831/2153/2326
f 2831/2153/2326 2832/2154/2327 2830/2152/2325
f 2832/2154/2327 2831/2153/2326 2833/2155/2328
f 2833/2155/2328 2834/2156/2329 2832/2154/2327
f 2834/2156/2329 2833/2155/2328 2835/2157/2330
f 2835/2157/2330 2836/2158/2331 2834/2156/2329
f 2836/2158/2331 2835/2157/2330 2837/2159/2332
f 2837/2159/2332 2838/2160/2333 2836/2158/2331
f 2838/2160/2333 2837/2159/2332 2839/2161/2334
f 2839/2161/2334 2840/2162/2335 2838/2160/2333
f 2840/2162/2335 2839/2161/2334 2841/2163/2336
f 2841/2163/2336 2842/2164/2337 2840/2162/2335
f 2844/2165/2338 2828/2147/2320 2827/2150/2323
f 2827/2150/2323 2843/2166/2339 2844/2165/2338
f 2843/2166/2339 2827/2150/2323 2830/2152/2325
f 2830/2152/2325 2845/2167/2340 2843/2166/2339
f 2845/2167/2340 2830/2152/2325 2832/2154/2327
f 2832/2154/2327 2846/2168/2341 2845/2167/2340
f 2846/2168/2341 2832/2154/2327 2834/2156/2329
f 2834/2156/2329 2847/2169/2342 2846/2168/2341
f 2847/2169/2342 2834/2156/2329 2836/2158/2331
f 2836/2158/2331 2848/2170/2343 2847/2169/2342
f 2848/2170/2343 2836/2158/2331 2838/2160/2333
f 2838/2160/2333 2849/2171/2344 2848/2170/2343
f 2849/2171/2344 2838/2160/2333 2840/2162/2335
f 2840/2162/2335 2850/2172/2345 2849/2171/2344
f 2850/2172/2345 2840/2162/2335 2842/2164/2337
f 2842/2164/2337 2851/2173/2346 2850/2172/2345
f 2853/2174/2347 2844/2165/2338 2843/2166/2339
f 2843/2166/2339 2852/2175/2348 2853/2174/2347
f 2852/2175/2348 2843/2166/2339 2845/2167/2340
f 2845/2167/2340 2854/2176/2349 2852/2175/2348
f 2854/2176/2349 2845/2167/2340 2846/2168/2341
f 2846/2168/2341 2855/2177/2350 2854/2176/2349
f 2855/2177/2350 2846/2168/2341 2847/2169/2342
f 2847/2169/2342 2856/2178/2351 2855/2177/2350
f 2856/2178/2351 2847/2169/2342 2848/2170/2343
f 2848/2170/2343 2857/2179/2352 2856/2178/2351
f 2857/2179/2352 2848/2170/2343 2849/2171/2344
f 2849/2171/2344 2858/2180/2353 2857/2179/2352
f 2858/2180/2353 2849/2171/2344 2850/2172/2345
f 2850/2172/2345 2859/2181/2354 2858/2180/2353
f 2859/2181/2354 2850/2172/2345 2851/2173/2346
f 2851/2173/2346 2860/2182/2355 2859/2181/2354
f 2862/2183/2356 2853/2174/2347 2852/2175/2348
f 2852/2175/2348 2861/2184/2357 2862/2183/2356
f 2861/2184/2357 2852/2175/2348 2854/2176/2349
f 2854/2176/2349 2863/2185/2358 2861/2184/2357
f 2863/2185/2358 2854/2176/2349 2855/2177/2350
f 2855/2177/2350 2864/2186/2359 2863/2185/2358
f 2864/2186/2359 2855/2177/2350 2856/2178/2351
f 2856/2178/2351 2865/2187/2360 2864/2186/2359
f 2865/2187/2360 2856/2178/2351 2857/2179/2352
f 2857/2179/2352 2866/2188/2361 2865/2187/2360
f 2866/2188/2361 2857/2179/2352 2858/2180/2353
f 2858/2180/2353 2867/2189/2362 2866/2188/2361
f 2867/2189/2362 2858/2180/2353 2859/2181/2354
f 2859/2181/2354 2868/2190/2363 2867/2189/2362
f 2868/2190/2363 2859/2181/2354 2860/2182/2355
f 2860/2182/2355 2869/2191/2364 2868/2190/2363
f 2873/2192/2365 2870/2193/2366 2871/2194/2367
f 2871/2194/2367 2872/2195/2368 2873/2192/2365
f 2872/2195/2368 2871/2194/2367 2874/2196/2369
f 2874/2196/2369 2875/2197/2370 2872/2195/2368
f 2875/2197/2370 2874/2196/2369 2876/2198/2371
f 2876/2198/2371 2877/2199/2372 2875/2197/2370
f 2877/2199/2372 2876/2198/2371 2878/2200/2283
f 2878/2200/2283 2879/2201/2373 2877/2199/2372
f 2879/2201/2373 2878/2200/2283 2880/2202/2374
f 2880/2202/2374 2881/2203/2375 2879/2201/2373
f 2881/2203/2375 2880/2202/2374 2882/2204/2376
f 2882/2204/2376 2883/2205/2377 2881/2203/2375
f 2883/2205/2377 2882/2204/2376 2884/2206/2289
f 2884/2206/2289 2885/2207/2378 2883/2205/2377
f 2885/2207/2378 2884/2206/2289 2886/2118/2379
f 2886/2118/2379 2887/2208/2380 2885/2207/2378
f 2889/2148/2381 2873/2192/2365 2872/2195/2368
f 2872/2195/2368 2888/2149/2382 2889/2148/2381
f 2888/2149/2382 2872/2195/2368 2875/2197/2370
f 2875/2197/2370 2890/2151/2383 2888/2149/2382
f 2890/2151/2383 2875/2197/2370 2877/2199/2372
f 2877/2199/2372 2891/2153/2326 2890/2151/2383
f 2891/2153/2326 2877/2199/2372 2879/2201/2373
f 2879/2201/2373 2892/2155/2384 2891/2153/2326
f 2892/2155/2384 2879/2201/2373 2881/2203/2375
f 2881/2203/2375 2893/2157/2330 2892/2155/2384
f 2893/2157/2330 2881/2203/2375 2883/2205/2377
f 2883/2205/2377 2894/2159/2332 2893/2157/2330
f 2894/2159/2332 2883/2205/2377 2885/2207/2378
f 2885/2207/2378 2895/2161/2385 2894/2159/2332
f 2895/2161/2385 2885/2207/2378 2887/2208/2380
f 2887/2208/2380 2896/2163/2386 2895/2161/2385
f 2900/2208/2387 2897/2118/2388 2898/2119/2389
f 2898/2119/2389 2899/2209/2390 2900/2208/2387
f 2899/2209/2390 2898/2119/2389 2901/2128/2301
f 2901/2128/2301 2902/2210/2391 2899/2209/2390
f 2902/2210/2391 2901/2128/2301 2903/2137/2392
f 2903/2137/2392 2904/2211/2393 2902/2210/2391
f 2904/2211/2393 2903/2137/2392 2905/2146/2394
f 2905/2146/2394 2906/2212/2395 2904/2211/2393
f 2908/2163/2396 2900/2208/2387 2899/2209/2390
f 2899/2209/2390 2907/2164/2397 2908/2163/2396
f 2907/2164/2397 2899/2209/2390 2902/2210/2391
f 2902/2210/2391 2909/2173/2346 2907/2164/2397
f 2909/2173/2346 2902/2210/2391 2904/2211/2393
f 2904/2211/2393 2910/2182/2355 2909/2173/2346
f 2910/2182/2355 2904/2211/2393 2906/2212/2395
f 2906/2212/2395 2911/2191/2398 2910/2182/2355
f 2915/2212/2395 2912/2146/2319 2913/2145/2318
f 2913/2145/2318 2914/2213/2399 2915/2212/2395
f 2914/2213/2399 2913/2145/2318 2916/2144/2317
f 2916/2144/2317 2917/2214/2400 2914/2213/2399
f 2917/2214/2400 2916/2144/2317 2918/2143/2316
f 2918/2143/2316 2919/2215/2401 2917/2214/2400
f 2919/2215/2401 2918/2143/2316 2920/2142/2315
f 2920/2142/2315 2921/2216/2402 2919/2215/2401
f 2921/2216/2402 2920/2142/2315 2922/2141/2314
f 2922/2141/2314 2923/2217/2403 2921/2216/2402
f 2923/2217/2403 2922/2141/2314 2924/2140/2404
f 2924/2140/2404 2925/2218/2405 2923/2217/2403
f 2925/2218/2405 2924/2140/2404 2926/2139/2406
f 2926/2139/2406 2927/2219/2407 2925/2218/2405
f 2927/2219/2407 2926/2139/2406 2928/2138/2408
f 2928/2138/2408 2929/2220/2409 2927/2219/2407
f 2931/2191/2364 2915/2212/2395 2914/2213/2399
f 2914/2213/2399 2930/2190/2410 2931/2191/2364
f 2930/2190/2410 2914/2213/2399 2917/2214/2400
f 2917/2214/2400 2932/2189/2411 2930/2190/2410
f 2932/2189/2411 2917/2214/2400 2919/2215/2401
f 2919/2215/2401 2933/2188/2361 2932/2189/2411
f 2933/2188/2361 2919/2215/2401 2921/2216/2402
f 2921/2216/2402 2934/2187/2412 2933/2188/2361
f 2934/2187/2412 2921/2216/2402 2923/2217/2403
f 2923/2217/2403 2935/2186/2359 2934/2187/2412
f 2935/2186/2359 2923/2217/2403 2925/2218/2405
f 2925/2218/2405 2936/2185/2358 2935/2186/2359
f 2936/2185/2358 2925/2218/2405 2927/2219/2407
f 2927/2219/2407 2937/2184/2413 2936/2185/2358
f 2937/2184/2413 2927/2219/2407 2929/2220/2409
f 2929/2220/2409 2938/2183/2414 2937/2184/2413
f 2942/2220/2409 2939/2138/2408 2940/2129/2302
f 2940/2129/2302 2941/2221/2415 2942/2220/2409
f 2941/2221/2415 2940/2129/2302 2943/2120/2293
f 2943/2120/2293 2944/2222/2416 2941/2221/2415
f 2944/2222/2416 2943/2120/2293 2945/2104/2277
f 2945/2104/2277 2946/2223/2417 2944/2222/2416
f 2946/2223/2417 2945/2104/2277 2947/2103/2366
f 2947/2103/2366 2948/2192/2365 2946/2223/2417
f 2950/2183/2418 2942/2220/2409 2941/2221/2415
f 2941/2221/2415 2949/2174/2347 2950/2183/2418
f 2949/2174/2347 2941/2221/2415 2944/2222/2416
f 2944/2222/2416 2951/2165/2338 2949/2174/2347
f 2951/2165/2338 2944/2222/2416 2946/2223/2417
f 2946/2223/2417 2952/2147/2419 2951/2165/2338
f 2952/2147/2419 2946/2223/2417 2948/2192/2365
f 2948/2192/2365 2953/2148/2381 2952/2147/2419
f 2957/2224/2420 2954/2225/2421 2955/2226/2422
f 2955/2226/2422 2956/2227/2423 2957/2224/2420
f 2959/2228/2424 2957/2224/2420 2956/2227/2423
f 2956/2227/2423 2958/2229/2425 2959/2228/2424
f 2961/2230/2426 2959/2228/2424 2958/2229/2425
f 2958/2229/2425 2960/2231/2427 2961/2230/2426
f 2963/2232/2428 2961/2230/2426 2960/2231/2427
f 2960/2231/2427 2962/2233/2429 2963/2232/2428
f 2965/2234/2430 2963/2232/2428 2962/2233/2429
f 2962/2233/2429 2964/2235/2431 2965/2234/2430
f 2956/2227/2423 2955/2226/2422 2966/2236/2432
f 2966/2236/2432 2967/2237/2433 2956/2227/2423
f 2971/2238/2425 2968/2239/2423 2969/2240/2433
f 2969/2240/2433 2970/2241/2434 2971/2238/2425
f 2973/2242/2435 2971/2238/2425 2970/2241/2434
f 2970/2241/2434 2972/2243/2436 2973/2242/2435
f 2975/2244/2429 2973/2242/2435 2972/2243/2436
f 2972/2243/2436 2974/2245/2437 2975/2244/2429
f 2977/2246/2431 2975/2244/2429 2974/2245/2437
f 2974/2245/2437 2976/2247/2438 2977/2246/2431
f 2967/2237/2433 2966/2236/2432 2978/2248/2439
f 2978/2248/2439 2979/2249/2440 2967/2237/2433
f 2970/2241/2434 2969/2240/2433 2980/2250/2440
f 2980/2250/2440 2981/2251/2441 2970/2241/2434
f 2972/2243/2436 2970/2241/2434 2981/2251/2441
f 2981/2251/2441 2982/2252/2442 2972/2243/2436
f 2974/2245/2437 2972/2243/2436 2982/2252/2442
f 2982/2252/2442 2983/2253/2443 2974/2245/2437
f 2976/2247/2438 2974/2245/2437 2983/2253/2443
f 2983/2253/2443 2984/2254/2444 2976/2247/2438
f 2979/2249/2440 2978/2248/2439 2985/2255/2445
f 2985/2255/2445 2986/2256/2446 2979/2249/2440
f 2981/2251/2441 2980/2250/2440 2987/2257/2447
f 2987/2257/2447 2988/2258/2448 2981/2251/2441
f 2982/2252/2442 2981/2251/2441 2988/2258/2448
f 2988/2258/2448 2989/2259/2449 2982/2252/2442
f 2983/2253/2443 2982/2252/2442 2989/2259/2449
f 2989/2259/2449 2990/2260/2450 2983/2253/2443
f 2984/2254/2444 2983/2253/2443 2990/2260/2450
f 2990/2260/2450 2991/2261/2451 2984/2254/2444
f 2986/2256/2446 2985/2255/2445 2992/2262/2452
f 2992/2262/2452 2993/2263/2453 2986/2256/2446
f 2988/2258/2448 2987/2257/2447 2994/2264/2453
f 2994/2264/2453 2995/2265/2454 2988/2258/2448
f 2989/2259/2449 2988/2258/2448 2995/2265/2454
f 2995/2265/2454 2996/2266/2455 2989/2259/2449
f 2990/2260/2450 2989/2259/2449 2996/2266/2455
f 2996/2266/2455 2997/2267/2456 2990/2260/2450
f 2991/2261/2451 2990/2260/2450 2997/2267/2456
f 2997/2267/2456 2998/2268/2457 2991/2261/2451
f 2993/2263/2453 2992/2262/2452 2999/2269/2458
f 2999/2269/2458 3000/2270/2459 2993/2263/2453
f 2995/2265/2454 2994/2264/2453 3001/2271/2459
f 3001/2271/2459 3002/2272/2460 2995/2265/2454
f 2996/2266/2455 2995/2265/2454 3002/2272/2460
f 3002/2272/2460 3003/2273/2461 2996/2266/2455
f 2997/2267/2456 2996/2266/2455 3003/2273/2461
f 3003/2273/2461 3004/2274/2462 2997/2267/2456
f 2998/2268/2457 2997/2267/2456 3004/2274/2462
f 3004/2274/2462 3005/2275/2463 2998/2268/2457
f 3000/2270/2459 2999/2269/2458 3006/2276/2464
f 3006/2276/2464 3007/2277/2465 3000/2270/2459
f 3002/2272/2460 3001/2271/2459 3008/2278/2465
f 3008/2278/2465 3009/2279/2466 3002/2272/2460
f 3003/2273/2461 3002/2272/2460 3009/2279/2466
f 3009/2279/2466 3010/2280/2467 3003/2273/2461
f 3004/2274/2462 3003/2273/2461 3010/2280/2467
f 3010/2280/2467 3011/2281/2468 3004/2274/2462
f 3005/2275/2463 3004/2274/2462 3011/2281/2468
f 3011/2281/2468 3012/2282/2469 3005/2275/2463
f 3007/2277/2465 3006/2276/2464 3013/2283/2470
f 3013/2283/2470 3014/2284/2471 3007/2277/2465
f 3009/2279/2466 3008/2278/2465 3015/2285/2472
f 3015/2285/2472 3016/2286/2473 3009/2279/2466
f 3010/2280/2467 3009/2279/2466 3016/2286/2473
f 3016/2286/2473 3017/2287/2474 3010/2280/2467
f 3011/2281/2468 3010/2280/2467 3017/2287/2474
f 3017/2287/2474 3018/2288/2475 3011/2281/2468
f 3012/2282/2469 3011/2281/2468 3018/2288/2475
f 3018/2288/2475 3019/2289/2476 3012/2282/2469
f 3014/2284/2471 3013/2283/2470 3020/2290/2477
f 3020/2290/2477 3021/2291/2478 3014/2284/2471
f 3016/2286/2473 3015/2285/2472 3022/2292/2479
f 3022/2292/2479 3023/2293/2480 3016/2286/2473
f 3017/2287/2474 3016/2286/2473 3023/2293/2480
f 3023/2293/2480 3024/2294/2481 3017/2287/2474
f 3018/2288/2475 3017/2287/2474 3024/2294/2481
f 3024/2294/2481 3025/2295/2482 3018/2288/2475
f 3019/2289/2476 3018/2288/2475 3025/2295/2482
f 3025/2295/2482 3026/2296/2483 3019/2289/2476
f 3022/2292/2479 3027/2297/2477 3028/2298/2484
f 3028/2298/2484 3029/2299/2485 3022/2292/2479
f 3023/2293/2480 3022/2292/2479 3029/2299/2485
f 3029/2299/2485 3030/2300/2486 3023/2293/2480
f 3024/2294/2481 3023/2293/2480 3030/2300/2486
f 3030/2300/2486 3031/2301/2487 3024/2294/2481
f 3025/2295/2482 3024/2294/2481 3031/2301/2487
f 3031/2301/2487 3032/2302/2488 3025/2295/2482
f 3026/2296/2483 3025/2295/2482 3032/2302/2488
f 3032/2302/2488 3033/2303/2489 3026/2296/2483
f 3037/2304/2490 3034/2305/2491 3035/2306/2492
f 3035/2306/2492 3036/2307/2493 3037/2304/2490
f 3036/2307/2493 3035/2306/2492 3038/2308/2494
f 3038/2308/2494 3039/2309/2495 3036/2307/2493
f 3039/2309/2495 3038/2308/2494 3040/2310/2496
f 3040/2310/2496 3041/2311/2497 3039/2309/2495
f 3041/2311/2497 3040/2310/2496 3042/2312/2498
f 3042/2312/2498 3043/2313/2499 3041/2311/2497
f 3043/2313/2499 3042/2312/2498 3044/2314/2500
f 3044/2314/2500 3045/2315/2501 3043/2313/2499
f 3047/2316/2502 3037/2304/2490 3036/2307/2493
f 3036/2307/2493 3046/2317/2503 3047/2316/2502
f 3046/2317/2503 3036/2307/2493 3039/2309/2495
f 3039/2309/2495 3048/2318/2504 3046/2317/2503
f 3048/2318/2504 3039/2309/2495 3041/2311/2497
f 3041/2311/2497 3049/2319/2505 3048/2318/2504
f 3049/2319/2505 3041/2311/2497 3043/2313/2499
f 3043/2313/2499 3050/2320/2506 3049/2319/2505
f 3050/2320/2506 3043/2313/2499 3045/2315/2501
f 3045/2315/2501 3051/2321/2507 3050/2320/2506
f 3053/2322/2508 3047/2316/2502 3046/2317/2503
f 3046/2317/2503 3052/2323/2509 3053/2322/2508
f 3052/2323/2509 3046/2317/2503 3048/2318/2504
f 3048/2318/2504 3054/2324/2510 3052/2323/2509
f 3054/2324/2510 3048/2318/2504 3049/2319/2505
f 3049/2319/2505 3055/2325/2511 3054/2324/2510
f 3055/2325/2511 3049/2319/2505 3050/2320/2506
f 3050/2320/2506 3056/2326/2512 3055/2325/2511
f 3056/2326/2512 3050/2320/2506 3051/2321/2507
f 3051/2321/2507 3057/2327/2513 3056/2326/2512
f 3059/2328/2514 3053/2322/2508 3052/2323/2509
f 3052/2323/2509 3058/2329/2515 3059/2328/2514
f 3058/2329/2515 3052/2323/2509 3054/2324/2510
f 3054/2324/2510 3060/2330/2516 3058/2329/2515
f 3060/2330/2516 3054/2324/2510 3055/2325/2511
f 3055/2325/2511 3061/2331/2517 3060/2330/2516
f 3061/2331/2517 3055/2325/2511 3056/2326/2512
f 3056/2326/2512 3062/2332/2518 3061/2331/2517
f 3062/2332/2518 3056/2326/2512 3057/2327/2513
f 3057/2327/2513 3063/2333/2519 3062/2332/2518
f 3065/2334/2520 3059/2328/2514 3058/2329/2515
f 3058/2329/2515 3064/2335/2521 3065/2334/2520
f 3064/2335/2521 3058/2329/2515 3060/2330/2516
f 3060/2330/2516 3066/2336/2522 3064/2335/2521
f 3066/2336/2522 3060/2330/2516 3061/2331/2517
f 3061/2331/2517 3067/2337/2523 3066/2336/2522
f 3067/2337/2523 3061/2331/2517 3062/2332/2518
f 3062/2332/2518 3068/2338/2524 3067/2337/2523
f 3068/2338/2524 3062/2332/2518 3063/2333/2519
f 3063/2333/2519 3069/2339/2525 3068/2338/2524
f 3071/2340/2526 3065/2334/2520 3064/2335/2521
f 3064/2335/2521 3070/2341/2527 3071/2340/2526
f 3070/2341/2527 3064/2335/2521 3066/2336/2522
f 3066/2336/2522 3072/2342/2528 3070/2341/2527
f 3072/2342/2528 3066/2336/2522 3067/2337/2523
f 3067/2337/2523 3073/2343/2529 3072/2342/2528
f 3073/2343/2529 3067/2337/2523 3068/2338/2524
f 3068/2338/2524 3074/2344/2530 3073/2343/2529
f 3074/2344/2530 3068/2338/2524 3069/2339/2525
f 3069/2339/2525 3075/2345/2531 3074/2344/2530
f 3077/2346/2532 3071/2340/2526 3070/2341/2527
f 3070/2341/2527 3076/2347/2533 3077/2346/2532
f 3076/2347/2533 3070/2341/2527 3072/2342/2528
f 3072/2342/2528 3078/2348/2534 3076/2347/2533
f 3078/2348/2534 3072/2342/2528 3073/2343/2529
f 3073/2343/2529 3079/2349/2535 3078/2348/2534
f 3079/2349/2535 3073/2343/2529 3074/2344/2530
f 3074/2344/2530 3080/2350/2536 3079/2349/2535
f 3080/2350/2536 3074/2344/2530 3075/2345/2531
f 3075/2345/2531 3081/2351/2537 3080/2350/2536
f 3083/2352/2538 3077/2346/2532 3076/2347/2533
f 3076/2347/2533 3082/2353/2539 3083/2352/2538
f 3082/2353/2539 3076/2347/2533 3078/2348/2534
f 3078/2348/2534 3084/2354/2540 3082/2353/2539
f 3084/2354/2540 3078/2348/2534 3079/2349/2535
f 3079/2349/2535 3085/2355/2541 3084/2354/2540
f 3085/2355/2541 3079/2349/2535 3080/2350/2536
f 3080/2350/2536 3086/2356/2542 3085/2355/2541
f 3086/2356/2542 3080/2350/2536 3081/2351/2537
f 3081/2351/2537 3087/2357/2543 3086/2356/2542
f 3089/2358/2544 3083/2352/2538 3082/2353/2539
f 3082/2353/2539 3088/2359/2545 3089/2358/2544
f 3088/2359/2545 3082/2353/2539 3084/2354/2540
f 3084/2354/2540 3090/2360/2546 3088/2359/2545
f 3090/2360/2546 3084/2354/2540 3085/2355/2541
f 3085/2355/2541 3091/2361/2547 3090/2360/2546
f 3091/2361/2547 3085/2355/2541 3086/2356/2542
f 3086/2356/2542 3092/2362/2548 3091/2361/2547
f 3092/2362/2548 3086/2356/2542 3087/2357/2543
f 3087/2357/2543 3093/2363/2549 3092/2362/2548
f 3095/2364/2550 3089/2358/2544 3088/2359/2545
f 3088/2359/2545 3094/2365/2551 3095/2364/2550
f 3094/2365/2551 3088/2359/2545 3090/2360/2546
f 3090/2360/2546 3096/2366/2552 3094/2365/2551
f 3096/2366/2552 3090/2360/2546 3091/2361/2547
f 3091/2361/2547 3097/2367/2553 3096/2366/2552
f 3097/2367/2553 3091/2361/2547 3092/2362/2548
f 3092/2362/2548 3098/2368/2554 3097/2367/2553
f 3098/2368/2554 3092/2362/2548 3093/2363/2549
f 3093/2363/2549 3099/2369/2555 3098/2368/2554
f 3103/2370/2556 3100/2225/2421 3101/2224/2420
f 3101/2224/2420 3102/2371/2557 3103/2370/2556
f 3102/2371/2557 3101/2224/2420 3104/2228/2558
f 3104/2228/2558 3105/2372/2559 3102/2371/2557
f 3105/2372/2559 3104/2228/2558 3106/2230/2426
f 3106/2230/2426 3107/2373/2560 3105/2372/2559
f 3107/2373/2560 3106/2230/2426 3108/2232/2561
f 3108/2232/2561 3109/2374/2562 3107/2373/2560
f 3109/2374/2562 3108/2232/2561 3110/2234/2430
f 3110/2234/2430 3111/2375/2563 3109/2374/2562
f 3113/2305/2491 3103/2370/2556 3102/2371/2557
f 3102/2371/2557 3112/2306/2492 3113/2305/2491
f 3112/2306/2492 3102/2371/2557 3105/2372/2559
f 3105/2372/2559 3114/2308/2494 3112/2306/2492
f 3114/2308/2494 3105/2372/2559 3107/2373/2560
f 3107/2373/2560 3115/2310/2496 3114/2308/2494
f 3115/2310/2496 3107/2373/2560 3109/2374/2562
f 3109/2374/2562 3116/2312/2498 3115/2310/2496
f 3116/2312/2498 3109/2374/2562 3111/2375/2563
f 3111/2375/2563 3117/2314/2564 3116/2312/2498
f 3121/2375/2565 3118/2234/2430 3119/2246/2431
f 3119/2246/2431 3120/2376/2566 3121/2375/2565
f 3120/2376/2566 3119/2246/2431 3122/2247/2438
f 3122/2247/2438 3123/2377/2567 3120/2376/2566
f 3123/2377/2567 3122/2247/2438 3124/2254/2444
f 3124/2254/2444 3125/2378/2568 3123/2377/2567
f 3125/2378/2568 3124/2254/2444 3126/2261/2451
f 3126/2261/2451 3127/2379/2569 3125/2378/2568
f 3127/2379/2569 3126/2261/2451 3128/2268/2570
f 3128/2268/2570 3129/2380/2571 3127/2379/2569
f 3129/2380/2571 3128/2268/2570 3130/2275/2572
f 3130/2275/2572 3131/2381/2573 3129/2380/2571
f 3131/2381/2573 3130/2275/2572 3132/2282/2469
f 3132/2282/2469 3133/2382/2574 3131/2381/2573
f 3133/2382/2574 3132/2282/2469 3134/2289/2575
f 3134/2289/2575 3135/2383/2576 3133/2382/2574
f 3135/2383/2576 3134/2289/2575 3136/2296/2483
f 3136/2296/2483 3137/2384/2577 3135/2383/2576
f 3137/2384/2577 3136/2296/2483 3138/2303/2578
f 3138/2303/2578 3139/2385/2579 3137/2384/2577
f 3141/2314/2500 3121/2375/2565 3120/2376/2566
f 3120/2376/2566 3140/2315/2580 3141/2314/2500
f 3140/2315/2580 3120/2376/2566 3123/2377/2567
f 3123/2377/2567 3142/2321/2507 3140/2315/2580
f 3142/2321/2507 3123/2377/2567 3125/2378/2568
f 3125/2378/2568 3143/2327/2513 3142/2321/2507
f 3143/2327/2513 3125/2378/2568 3127/2379/2569
f 3127/2379/2569 3144/2333/2519 3143/2327/2513
f 3144/2333/2519 3127/2379/2569 3129/2380/2571
f 3129/2380/2571 3145/2339/2525 3144/2333/2519
f 3145/2339/2525 3129/2380/2571 3131/2381/2573
f 3131/2381/2573 3146/2345/2531 3145/2339/2525
f 3146/2345/2531 3131/2381/2573 3133/2382/2574
f 3133/2382/2574 3147/2351/2537 3146/2345/2531
f 3147/2351/2537 3133/2382/2574 3135/2383/2576
f 3135/2383/2576 3148/2357/2543 3147/2351/2537
f 3148/2357/2543 3135/2383/2576 3137/2384/2577
f 3137/2384/2577 3149/2363/2581 3148/2357/2543
f 3149/2363/2581 3137/2384/2577 3139/2385/2579
f 3139/2385/2579 3150/2369/2582 3149/2363/2581
f 3154/2385/2579 3151/2303/2489 3152/2302/2488
f 3152/2302/2488 3153/2386/2583 3154/2385/2579
f 3153/2386/2583 3152/2302/2488 3155/2301/2487
f 3155/2301/2487 3156/2387/2584 3153/2386/2583
f 3156/2387/2584 3155/2301/2487 3157/2300/2585
f 3157/2300/2585 3158/2388/2586 3156/2387/2584
f 3158/2388/2586 3157/2300/2585 3159/2299/2485
f 3159/2299/2485 3160/2389/2587 3158/2388/2586
f 3160/2389/2587 3159/2299/2485 3161/2298/2588
f 3161/2298/2588 3162/2390/2589 3160/2389/2587
f 3165/2369/2555 3154/2385/2579 3163/2391/2583
f 3163/2391/2583 3164/2368/2590 3165/2369/2555
f 3164/2368/2590 3163/2391/2583 3166/2392/2591
f 3166/2392/2591 3167/2367/2553 3164/2368/2590
f 3167/2367/2553 3166/2392/2591 3168/2393/2586
f 3168/2393/2586 3169/2366/2552 3167/2367/2553
f 3169/2366/2552 3168/2393/2586 3170/2394/2592
f 3170/2394/2592 3171/2365/2551 3169/2366/2552
f 3171/2365/2551 3170/2394/2592 3172/2395/2593
f 3172/2395/2593 3173/2364/2594 3171/2365/2551
f 3177/2395/2595 3174/2396/2484 3175/2290/2477
f 3175/2290/2477 3176/2397/2596 3177/2395/2595
f 3176/2397/2596 3175/2290/2477 3178/2283/2470
f 3178/2283/2470 3179/2398/2597 3176/2397/2596
f 3179/2398/2597 3178/2283/2470 3180/2276/2598
f 3180/2276/2598 3181/2399/2599 3179/2398/2597
f 3181/2399/2599 3180/2276/2598 3182/2269/2458
f 3182/2269/2458 3183/2400/2600 3181/2399/2599
f 3183/2400/2600 3182/2269/2458 3184/2262/2452
f 3184/2262/2452 3185/2401/2601 3183/2400/2600
f 3185/2401/2601 3184/2262/2452 3186/2255/2445
f 3186/2255/2445 3187/2402/2602 3185/2401/2601
f 3187/2402/2602 3186/2255/2445 3188/2248/2439
f 3188/2248/2439 3189/2403/2603 3187/2402/2602
f 3189/2403/2603 3188/2248/2439 3190/2236/2432
f 3190/2236/2432 3191/2404/2604 3189/2403/2603
f 3191/2404/2604 3190/2236/2432 3192/2226/2422
f 3192/2226/2422 3193/2405/2605 3191/2404/2604
f 3193/2405/2605 3192/2226/2422 3194/2225/2421
f 3194/2225/2421 3195/2370/2606 3193/2405/2605
f 3197/2364/2550 3177/2395/2595 3176/2397/2596
f 3176/2397/2596 3196/2358/2607 3197/2364/2550
f 3196/2358/2607 3176/2397/2596 3179/2398/2597
f 3179/2398/2597 3198/2352/2608 3196/2358/2607
f 3198/2352/2608 3179/2398/2597 3181/2399/2599
f 3181/2399/2599 3199/2346/2532 3198/2352/2608
f 3199/2346/2532 3181/2399/2599 3183/2400/2600
f 3183/2400/2600 3200/2340/2526 3199/2346/2532
f 3200/2340/2526 3183/2400/2600 3185/2401/2601
f 3185/2401/2601 3201/2334/2609 3200/2340/2526
f 3201/2334/2609 3185/2401/2601 3187/2402/2602
f 3187/2402/2602 3202/2328/2514 3201/2334/2609
f 3202/2328/2514 3187/2402/2602 3189/2403/2603
f 3189/2403/2603 3203/2322/2508 3202/2328/2514
f 3203/2322/2508 3189/2403/2603 3191/2404/2604
f 3191/2404/2604 3204/2316/2502 3203/2322/2508
f 3204/2316/2502 3191/2404/2604 3193/2405/2605
f 3193/2405/2605 3205/2304/2490 3204/2316/2502
f 3205/2304/2490 3193/2405/2605 3195/2370/2606
f 3195/2370/2606 3206/2305/2610 3205/2304/2490
f 3210/2406/2611 3207/2407/2612 3208/2408/2613
f 3208/2408/2613 3209/2409/2614 3210/2406/2611
f 3212/2410/2615 3210/2406/2611 3209/2409/2614
f 3209/2409/2614 3211/2411/2616 3212/2410/2615
f 3214/2412/2617 3212/2410/2615 3211/2411/2616
f 3211/2411/2616 3213/2413/2618 3214/2412/2617
f 3216/2414/2619 3214/2412/2617 3213/2413/2618
f 3213/2413/2618 3215/2415/2620 3216/2414/2619
f 3218/2416/2621 3216/2414/2619 3215/2415/2620
f 3215/2415/2620 3217/2417/2622 3218/2416/2621
f 3209/2409/2614 3208/2408/2613 3219/2418/2623
f 3219/2418/2623 3220/2419/2624 3209/2409/2614
f 3211/2411/2616 3209/2409/2614 3220/2419/2624
f 3220/2419/2624 3221/2420/2625 3211/2411/2616
f 3213/2413/2618 3211/2411/2616 3221/2420/2625
f 3221/2420/2625 3222/2421/2626 3213/2413/2618
f 3215/2415/2620 3213/2413/2618 3222/2421/2626
f 3222/2421/2626 3223/2422/2627 3215/2415/2620
f 3217/2417/2622 3215/2415/2620 3223/2422/2627
f 3223/2422/2627 3224/2423/2628 3217/2417/2622
f 3220/2419/2624 3219/2418/2623 3225/2424/2629
f 3225/2424/2629 3226/2425/2630 3220/2419/2624
f 3221/2420/2625 3220/2419/2624 3226/2425/2630
f 3226/2425/2630 3227/2426/2631 3221/2420/2625
f 3222/2421/2626 3221/2420/2625 3227/2426/2631
f 3227/2426/2631 3228/2427/2632 3222/2421/2626
f 3223/2422/2627 3222/2421/2626 3228/2427/2632
f 3228/2427/2632 3229/2428/2633 3223/2422/2627
f 3224/2423/2628 3223/2422/2627 3229/2428/2633
f 3229/2428/2633 3230/2429/2634 3224/2423/2628
f 3226/2425/2630 3225/2424/2629 3231/2430/2635
f 3231/2430/2635 3232/2431/2636 3226/2425/2630
f 3227/2426/2631 3226/2425/2630 3232/2431/2636
f 3232/2431/2636 3233/2432/2637 3227/2426/2631
f 3228/2427/2632 3227/2426/2631 3233/2432/2637
f 3233/2432/2637 3234/2433/2638 3228/2427/2632
f 3229/2428/2633 3228/2427/2632 3234/2433/2638
f 3234/2433/2638 3235/2434/2639 3229/2428/2633
f 3230/2429/2634 3229/2428/2633 3235/2434/2639
f 3235/2434/2639 3236/2435/2640 3230/2429/2634
f 3232/2431/2636 3231/2430/2635 3237/2436/2641
f 3237/2436/2641 3238/2437/2642 3232/2431/2636
f 3233/2432/2637 3232/2431/2636 3238/2437/2642
f 3238/2437/2642 3239/2438/2643 3233/2432/2637
f 3234/2433/2638 3233/2432/2637 3239/2438/2643
f 3239/2438/2643 3240/2439/2644 3234/2433/2638
f 3235/2434/2639 3234/2433/2638 3240/2439/2644
f 3240/2439/2644 3241/2440/2645 3235/2434/2639
f 3236/2435/2640 3235/2434/2639 3241/2440/2645
f 3241/2440/2645 3242/2441/2646 3236/2435/2640
f 3238/2437/2642 3237/2436/2641 3243/2442/2647
f 3243/2442/2647 3244/2443/2648 3238/2437/2642
f 3239/2438/2643 3238/2437/2642 3244/2443/2648
f 3244/2443/2648 3245/2444/2649 3239/2438/2643
f 3240/2439/2644 3239/2438/2643 3245/2444/2649
f 3245/2444/2649 3246/2445/2650 3240/2439/2644
f 3241/2440/2645 3240/2439/2644 3246/2445/2650
f 3246/2445/2650 3247/2446/2651 3241/2440/2645
f 3242/2441/2646 3241/2440/2645 3247/2446/2651
f 3247/2446/2651 3248/2447/2652 3242/2441/2646
f 3244/2443/2648 3243/2442/2647 3249/2448/2653
f 3249/2448/2653 3250/2449/2654 3244/2443/2648
f 3245/2444/2649 3244/2443/2648 3250/2449/2654
f 3250/2449/2654 3251/2450/2655 3245/2444/2649
f 3246/2445/2650 3245/2444/2649 3251/2450/2655
f 3251/2450/2655 3252/2451/2656 3246/2445/2650
f 3247/2446/2651 3246/2445/2650 3252/2451/2656
f 3252/2451/2656 3253/2452/2657 3247/2446/2651
f 3248/2447/2652 3247/2446/2651 3253/2452/2657
f 3253/2452/2657 3254/2453/2658 3248/2447/2652
f 3250/2449/2654 3249/2448/2653 3255/2454/2659
f 3255/2454/2659 3256/2455/2660 3250/2449/2654
f 3251/2450/2655 3250/2449/2654 3256/2455/2660
f 3256/2455/2660 3257/2456/2661 3251/2450/2655
f 3252/2451/2656 3251/2450/2655 3257/2456/2661
f 3257/2456/2661 3258/2457/2662 3252/2451/2656
f 3253/2452/2657 3252/2451/2656 3258/2457/2662
f 3258/2457/2662 3259/2458/2663 3253/2452/2657
f 3254/2453/2658 3253/2452/2657 3259/2458/2663
f 3259/2458/2663 3260/2459/2664 3254/2453/2658
f 3256/2455/2660 3255/2454/2659 3261/2460/2665
f 3261/2460/2665 3262/2461/2666 3256/2455/2660
f 3257/2456/2661 3256/2455/2660 3262/2461/2666
f 3262/2461/2666 3263/2462/2667 3257/2456/2661
f 3258/2457/2662 3257/2456/2661 3263/2462/2667
f 3263/2462/2667 3264/2463/2668 3258/2457/2662
f 3259/2458/2663 3258/2457/2662 3264/2463/2668
f 3264/2463/2668 3265/2464/2669 3259/2458/2663
f 3260/2459/2664 3259/2458/2663 3265/2464/2669
f 3265/2464/2669 3266/2465/2670 3260/2459/2664
f 3262/2461/2666 3261/2460/2665 3267/2466/2671
f 3267/2466/2671 3268/2467/2672 3262/2461/2666
f 3263/2462/2667 3262/2461/2666 3268/2467/2672
f 3268/2467/2672 3269/2468/2673 3263/2462/2667
f 3264/2463/2668 3263/2462/2667 3269/2468/2673
f 3269/2468/2673 3270/2469/2674 3264/2463/2668
f 3265/2464/2669 3264/2463/2668 3270/2469/2674
f 3270/2469/2674 3271/2470/2675 3265/2464/2669
f 3266/2465/2670 3265/2464/2669 3271/2470/2675
f 3271/2470/2675 3272/2471/2676 3266/2465/2670
f 3276/2472/2677 3273/2473/2678 3274/2474/2679
f 3274/2474/2679 3275/2475/2680 3276/2472/2677
f 3275/2475/2680 3274/2474/2679 3277/2476/2681
f 3277/2476/2681 3278/2477/2682 3275/2475/2680
f 3278/2477/2682 3277/2476/2681 3279/2478/2683
f 3279/2478/2683 3280/2479/2684 3278/2477/2682
f 3280/2479/2684 3279/2478/2683 3281/2480/2685
f 3281/2480/2685 3282/2481/2686 3280/2479/2684
f 3282/2481/2686 3281/2480/2685 3283/2482/2687
f 3283/2482/2687 3284/2483/2688 3282/2481/2686
f 3286/2484/2689 3276/2472/2677 3275/2475/2680
f 3275/2475/2680 3285/2485/2690 3286/2484/2689
f 3285/2485/2690 3275/2475/2680 3278/2477/2682
f 3278/2477/2682 3287/2486/2691 3285/2485/2690
f 3287/2486/2691 3278/2477/2682 3280/2479/2684
f 3280/2479/2684 3288/2487/2692 3287/2486/2691
f 3288/2487/2692 3280/2479/2684 3282/2481/2686
f 3282/2481/2686 3289/2488/2693 3288/2487/2692
f 3289/2488/2693 3282/2481/2686 3284/2483/2688
f 3284/2483/2688 3290/2489/2694 3289/2488/2693
f 3292/2490/2695 3286/2484/2689 3285/2485/2690
f 3285/2485/2690 3291/2491/2696 3292/2490/2695
f 3291/2491/2696 3285/2485/2690 3287/2486/2691
f 3287/2486/2691 3293/2492/2697 3291/2491/2696
f 3293/2492/2697 3287/2486/2691 3288/2487/2692
f 3288/2487/2692 3294/2493/2698 3293/2492/2697
f 3294/2493/2698 3288/2487/2692 3289/2488/2693
f 3289/2488/2693 3295/2494/2699 3294/2493/2698
f 3295/2494/2699 3289/2488/2693 3290/2489/2694
f 3290/2489/2694 3296/2495/2700 3295/2494/2699
f 3298/2496/2701 3292/2490/2695 3291/2491/2696
f 3291/2491/2696 3297/2497/2702 3298/2496/2701
f 3297/2497/2702 3291/2491/2696 3293/2492/2697
f 3293/2492/2697 3299/2498/2703 3297/2497/2702
f 3299/2498/2703 3293/2492/2697 3294/2493/2698
f 3294/2493/2698 3300/2499/2704 3299/2498/2703
f 3300/2499/2704 3294/2493/2698 3295/2494/2699
f 3295/2494/2699 3301/2500/2705 3300/2499/2704
f 3301/2500/2705 3295/2494/2699 3296/2495/2700
f 3296/2495/2700 3302/2501/2706 3301/2500/2705
f 3304/2502/2707 3298/2496/2701 3297/2497/2702
f 3297/2497/2702 3303/2503/2708 3304/2502/2707
f 3303/2503/2708 3297/2497/2702 3299/2498/2703
f 3299/2498/2703 3305/2504/2709 3303/2503/2708
f 3305/2504/2709 3299/2498/2703 3300/2499/2704
f 3300/2499/2704 3306/2505/2710 3305/2504/2709
f 3306/2505/2710 3300/2499/2704 3301/2500/2705
f 3301/2500/2705 3307/2506/2711 3306/2505/2710
f 3307/2506/2711 3301/2500/2705 3302/2501/2706
f 3302/2501/2706 3308/2507/2712 3307/2506/2711
f 3310/2508/2713 3304/2502/2707 3303/2503/2708
f 3303/2503/2708 3309/2509/2714 3310/2508/2713
f 3309/2509/2714 3303/2503/2708 3305/2504/2709
f 3305/2504/2709 3311/2510/2715 3309/2509/2714
f 3311/2510/2715 3305/2504/2709 3306/2505/2710
f 3306/2505/2710 3312/2511/2716 3311/2510/2715
f 3312/2511/2716 3306/2505/2710 3307/2506/2711
f 3307/2506/2711 3313/2512/2717 3312/2511/2716
f 3313/2512/2717 3307/2506/2711 3308/2507/2712
f 3308/2507/2712 3314/2513/2718 3313/2512/2717
f 3316/2514/2719 3310/2508/2713 3309/2509/2714
f 3309/2509/2714 3315/2515/2720 3316/2514/2719
f 3315/2515/2720 3309/2509/2714 3311/2510/2715
f 3311/2510/2715 3317/2516/2721 3315/2515/2720
f 3317/2516/2721 3311/2510/2715 3312/2511/2716
f 3312/2511/2716 3318/2517/2722 3317/2516/2721
f 3318/2517/2722 3312/2511/2716 3313/2512/2717
f 3313/2512/2717 3319/2518/2723 3318/2517/2722
f 3319/2518/2723 3313/2512/2717 3314/2513/2718
f 3314/2513/2718 3320/2519/2724 3319/2518/2723
f 3322/2520/2725 3316/2514/2719 3315/2515/2720
f 3315/2515/2720 3321/2521/2726 3322/2520/2725
f 3321/2521/2726 3315/2515/2720 3317/2516/2721
f 3317/2516/2721 3323/2522/2727 3321/2521/2726
f 3323/2522/2727 3317/2516/2721 3318/2517/2722
f 3318/2517/2722 3324/2523/2728 3323/2522/2727
f 3324/2523/2728 3318/2517/2722 3319/2518/2723
f 3319/2518/2723 3325/2524/2729 3324/2523/2728
f 3325/2524/2729 3319/2518/2723 3320/2519/2724
f 3320/2519/2724 3326/2525/2730 3325/2524/2729
f 3328/2526/2731 3322/2520/2725 3321/2521/2726
f 3321/2521/2726 3327/2527/2732 3328/2526/2731
f 3327/2527/2732 3321/2521/2726 3323/2522/2727
f 3323/2522/2727 3329/2528/2733 3327/2527/2732
f 3329/2528/2733 3323/2522/2727 3324/2523/2728
f 3324/2523/2728 3330/2529/2734 3329/2528/2733
f 3330/2529/2734 3324/2523/2728 3325/2524/2729
f 3325/2524/2729 3331/2530/2735 3330/2529/2734
f 3331/2530/2735 3325/2524/2729 3326/2525/2730
f 3326/2525/2730 3332/2531/2736 3331/2530/2735
f 3334/2532/2737 3328/2526/2731 3327/2527/2732
f 3327/2527/2732 3333/2533/2738 3334/2532/2737
f 3333/2533/2738 3327/2527/2732 3329/2528/2733
f 3329/2528/2733 3335/2534/2739 3333/2533/2738
f 3335/2534/2739 3329/2528/2733 3330/2529/2734
f 3330/2529/2734 3336/2535/2740 3335/2534/2739
f 3336/2535/2740 3330/2529/2734 3331/2530/2735
f 3331/2530/2735 3337/2536/2741 3336/2535/2740
f 3337/2536/2741 3331/2530/2735 3332/2531/2736
f 3332/2531/2736 3338/2537/2742 3337/2536/2741
f 3342/2538/2743 3339/2407/2744 3340/2406/2745
f 3340/2406/2745 3341/2539/2746 3342/2538/2743
f 3341/2539/2746 3340/2406/2745 3343/2410/2747
f 3343/2410/2747 3344/2540/2748 3341/2539/2746
f 3344/2540/2748 3343/2410/2747 3345/2412/2617
f 3345/2412/2617 3346/2541/2749 3344/2540/2748
f 3346/2541/2749 3345/2412/2617 3347/2414/2750
f 3347/2414/2750 3348/2542/2751 3346/2541/2749
f 3348/2542/2751 3347/2414/2750 3349/2416/2752
f 3349/2416/2752 3350/2543/2753 3348/2542/2751
f 3352/2544/2754 3342/2538/2743 3341/2539/2746
f 3341/2539/2746 3351/2545/2679 3352/2544/2754
f 3351/2545/2679 3341/2539/2746 3344/2540/2748
f 3344/2540/2748 3353/2546/2681 3351/2545/2679
f 3353/2546/2681 3344/2540/2748 3346/2541/2749
f 3346/2541/2749 3354/2547/2683 3353/2546/2681
f 3354/2547/2683 3346/2541/2749 3348/2542/2751
f 3348/2542/2751 3355/2548/2685 3354/2547/2683
f 3355/2548/2685 3348/2542/2751 3350/2543/2753
f 3350/2543/2753 3356/2482/2687 3355/2548/2685
f 3360/2543/2753 3357/2416/2755 3358/2417/2622
f 3358/2417/2622 3359/2549/2756 3360/2543/2753
f 3359/2549/2756 3358/2417/2622 3361/2423/2628
f 3361/2423/2628 3362/2550/2757 3359/2549/2756
f 3362/2550/2757 3361/2423/2628 3363/2429/2634
f 3363/2429/2634 3364/2551/2758 3362/2550/2757
f 3364/2551/2758 3363/2429/2634 3365/2435/2640
f 3365/2435/2640 3366/2552/2759 3364/2551/2758
f 3366/2552/2759 3365/2435/2640 3367/2441/2646
f 3367/2441/2646 3368/2553/2760 3366/2552/2759
f 3368/2553/2760 3367/2441/2646 3369/2447/2761
f 3369/2447/2761 3370/2554/2762 3368/2553/2760
f 3370/2554/2762 3369/2447/2761 3371/2453/2763
f 3371/2453/2763 3372/2555/2764 3370/2554/2762
f 3372/2555/2764 3371/2453/2763 3373/2459/2664
f 3373/2459/2664 3374/2556/2765 3372/2555/2764
f 3374/2556/2765 3373/2459/2664 3375/2465/2670
f 3375/2465/2670 3376/2557/2766 3374/2556/2765
f 3376/2557/2766 3375/2465/2670 3377/2471/2676
f 3377/2471/2676 3378/2558/2767 3376/2557/2766
f 3380/2482/2768 3360/2543/2753 3359/2549/2756
f 3359/2549/2756 3379/2483/2769 3380/2482/2768
f 3379/2483/2769 3359/2549/2756 3362/2550/2757
f 3362/2550/2757 3381/2489/2694 3379/2483/2769
f 3381/2489/2694 3362/2550/2757 3364/2551/2758
f 3364/2551/2758 3382/2495/2770 3381/2489/2694
f 3382/2495/2770 3364/2551/2758 3366/2552/2759
f 3366/2552/2759 3383/2501/2771 3382/2495/2770
f 3383/2501/2771 3366/2552/2759 3368/2553/2760
f 3368/2553/2760 3384/2507/2712 3383/2501/2771
f 3384/2507/2712 3368/2553/2760 3370/2554/2762
f 3370/2554/2762 3385/2513/2772 3384/2507/2712
f 3385/2513/2772 3370/2554/2762 3372/2555/2764
f 3372/2555/2764 3386/2519/2724 3385/2513/2772
f 3386/2519/2724 3372/2555/2764 3374/2556/2765
f 3374/2556/2765 3387/2525/2730 3386/2519/2724
f 3387/2525/2730 3374/2556/2765 3376/2557/2766
f 3376/2557/2766 3388/2531/2736 3387/2525/2730
f 3388/2531/2736 3376/2557/2766 3378/2558/2767
f 3378/2558/2767 3389/2537/2773 3388/2531/2736
f 3393/2558/2767 3390/2471/2676 3391/2470/2675
f 3391/2470/2675 3392/2559/2774 3393/2558/2767
f 3392/2559/2774 3391/2470/2675 3394/2469/2674
f 3394/2469/2674 3395/2560/2775 3392/2559/2774
f 3395/2560/2775 3394/2469/2674 3396/2468/2673
f 3396/2468/2673 3397/2561/2776 3395/2560/2775
f 3397/2561/2776 3396/2468/2673 3398/2467/2672
f 3398/2467/2672 3399/2562/2777 3397/2561/2776
f 3399/2562/2777 3398/2467/2672 3400/2466/2778
f 3400/2466/2778 3401/2563/2779 3399/2562/2777
f 3403/2564/2742 3393/2558/2767 3392/2559/2774
f 3392/2559/2774 3402/2565/2741 3403/2564/2742
f 3402/2565/2741 3392/2559/2774 3395/2560/2775
f 3395/2560/2775 3404/2566/2740 3402/2565/2741
f 3404/2566/2740 3395/2560/2775 3397/2561/2776
f 3397/2561/2776 3405/2567/2739 3404/2566/2740
f 3405/2567/2739 3397/2561/2776 3399/2562/2777
f 3399/2562/2777 3406/2568/2780 3405/2567/2739
f 3406/2568/2780 3399/2562/2777 3401/2563/2779
f 3401/2563/2779 3407/2569/2781 3406/2568/2780
f 3411/2563/2782 3408/2466/2783 3409/2460/2784
f 3409/2460/2784 3410/2570/2785 3411/2563/2782
f 3410/2570/2785 3409/2460/2784 3412/2454/2659
f 3412/2454/2659 3413/2571/2786 3410/2570/2785
f 3413/2571/2786 3412/2454/2659 3414/2448/2787
f 3414/2448/2787 3415/2572/2788 3413/2571/2786
f 3415/2572/2788 3414/2448/2787 3416/2442/2789
f 3416/2442/2789 3417/2573/2790 3415/2572/2788
f 3417/2573/2790 3416/2442/2789 3418/2436/2791
f 3418/2436/2791 3419/2574/2792 3417/2573/2790
f 3419/2574/2792 3418/2436/2791 3420/2430/2635
f 3420/2430/2635 3421/2575/2793 3419/2574/2792
f 3421/2575/2793 3420/2430/2635 3422/2424/2629
f 3422/2424/2629 3423/2576/2794 3421/2575/2793
f 3423/2576/2794 3422/2424/2629 3424/2418/2795
f 3424/2418/2795 3425/2577/2796 3423/2576/2794
f 3425/2577/2796 3424/2418/2795 3426/2408/2613
f 3426/2408/2613 3427/2578/2797 3425/2577/2796
f 3427/2578/2797 3426/2408/2613 3428/2407/2798
f 3428/2407/2798 3429/2538/2799 3427/2578/2797
f 3433/2532/2800 3430/2579/2782 3431/2580/2785
f 3431/2580/2785 3432/2526/2731 3433/2532/2800
f 3432/2526/2731 3431/2580/2785 3434/2581/2801
f 3434/2581/2801 3435/2520/2725 3432/2526/2731
f 3435/2520/2725 3434/2581/2801 3436/2582/2802
f 3436/2582/2802 3437/2514/2719 3435/2520/2725
f 3437/2514/2719 3436/2582/2802 3438/2583/2790
f 3438/2583/2790 3439/2508/2713 3437/2514/2719
f 3439/2508/2713 3438/2583/2790 3440/2584/2803
f 3440/2584/2803 3441/2502/2804 3439/2508/2713
f 3441/2502/2804 3440/2584/2803 3442/2585/2805
f 3442/2585/2805 3443/2496/2701 3441/2502/2804
f 3443/2496/2701 3442/2585/2805 3444/2586/2806
f 3444/2586/2806 3445/2490/2807 3443/2496/2701
f 3445/2490/2807 3444/2586/2806 3446/2587/2808
f 3446/2587/2808 3447/2484/2689 3445/2490/2807
f 3447/2484/2689 3446/2587/2808 3448/2588/2809
f 3448/2588/2809 3449/2472/2810 3447/2484/2689
f 3449/2472/2810 3448/2588/2809 3450/2589/2743
f 3450/2589/2743 3451/2473/2811 3449/2472/2810
f 3455/2590/2812 3452/2591/2813 3453/2592/2814
f 3453/2592/2814 3454/2593/2815 3455/2590/2812
f 3457/2594/2816 3455/2590/2812 3454/2593/2815
f 3454/2593/2815 3456/2595/2817 3457/2594/2816
f 3459/2596/2818 3457/2594/2816 3456/2595/2817
f 3456/2595/2817 3458/2597/2819 3459/2596/2818
f 3461/2598/2820 3459/2596/2818 3458/2597/2819
f 3458/2597/2819 3460/2599/2821 3461/2598/2820
f 3463/2600/2822 3461/2598/2820 3460/2599/2821
f 3460/2599/2821 3462/2601/2823 3463/2600/2822
f 3454/2593/2815 3453/2592/2814 3464/2602/2824
f 3464/2602/2824 3465/2603/2825 3454/2593/2815
f 3456/2595/2817 3454/2593/2815 3465/2603/2825
f 3465/2603/2825 3466/2604/2826 3456/2595/2817
f 3458/2597/2819 3456/2595/2817 3466/2604/2826
f 3466/2604/2826 3467/2605/2827 3458/2597/2819
f 3460/2599/2821 3458/2597/2819 3467/2605/2827
f 3467/2605/2827 3468/2606/2828 3460/2599/2821
f 3462/2601/2823 3460/2599/2821 3468/2606/2828
f 3468/2606/2828 3469/2607/2829 3462/2601/2823
f 3465/2603/2825 3464/2602/2824 3470/2608/2830
f 3470/2608/2830 3471/2609/2831 3465/2603/2825
f 3466/2604/2826 3465/2603/2825 3471/2609/2831
f 3471/2609/2831 3472/2610/2832 3466/2604/2826
f 3467/2605/2827 3466/2604/2826 3472/2610/2832
f 3472/2610/2832 3473/2611/2833 3467/2605/2827
f 3468/2606/2828 3467/2605/2827 3473/2611/2833
f 3473/2611/2833 3474/2612/2834 3468/2606/2828
f 3469/2607/2829 3468/2606/2828 3474/2612/2834
f 3474/2612/2834 3475/2613/2835 3469/2607/2829
f 3471/2609/2831 3470/2608/2830 3476/2614/2836
f 3476/2614/2836 3477/2615/2837 3471/2609/2831
f 3472/2610/2832 3471/2609/2831 3477/2615/2837
f 3477/2615/2837 3478/2616/2838 3472/2610/2832
f 3473/2611/2833 3472/2610/2832 3478/2616/2838
f 3478/2616/2838 3479/2617/2839 3473/2611/2833
f 3474/2612/2834 3473/2611/2833 3479/2617/2839
f 3479/2617/2839 3480/2618/2840 3474/2612/2834
f 3475/2613/2835 3474/2612/2834 3480/2618/2840
f 3480/2618/2840 3481/2619/2841 3475/2613/2835
f 3477/2615/2837 3476/2614/2836 3482/2620/2842
f 3482/2620/2842 3483/2621/2843 3477/2615/2837
f 3478/2616/2838 3477/2615/2837 3483/2621/2843
f 3483/2621/2843 3484/2622/2844 3478/2616/2838
f 3479/2617/2839 3478/2616/2838 3484/2622/2844
f 3484/2622/2844 3485/2623/2845 3479/2617/2839
f 3480/2618/2840 3479/2617/2839 3485/2623/2845
f 3485/2623/2845 3486/2624/2846 3480/2618/2840
f 3481/2619/2841 3480/2618/2840 3486/2624/2846
f 3486/2624/2846 3487/2625/2847 3481/2619/2841
f 3483/2621/2843 3482/2620/2842 3488/2626/2848
f 3488/2626/2848 3489/2627/2849 3483/2621/2843
f 3484/2622/2844 3483/2621/2843 3489/2627/2849
f 3489/2627/2849 3490/2628/2850 3484/2622/2844
f 3485/2623/2845 3484/2622/2844 3490/2628/2850
f 3490/2628/2850 3491/2629/2851 3485/2623/2845
f 3486/2624/2846 3485/2623/2845 3491/2629/2851
f 3491/2629/2851 3492/2630/2852 3486/2624/2846
f 3487/2625/2847 3486/2624/2846 3492/2630/2852
f 3492/2630/2852 3493/2631/2853 3487/2625/2847
f 3489/2627/2849 3488/2626/2848 3494/2632/2854
f 3494/2632/2854 3495/2633/2855 3489/2627/2849
f 3490/2628/2850 3489/2627/2849 3495/2633/2855
f 3495/2633/2855 3496/2634/2856 3490/2628/2850
f 3491/2629/2851 3490/2628/2850 3496/2634/2856
f 3496/2634/2856 3497/2635/2857 3491/2629/2851
f 3492/2630/2852 3491/2629/2851 3497/2635/2857
f 3497/2635/2857 3498/2636/2858 3492/2630/2852
f 3493/2631/2853 3492/2630/2852 3498/2636/2858
f 3498/2636/2858 3499/2637/2859 3493/2631/2853
f 3495/2633/2855 3494/2632/2854 3500/2638/2860
f 3500/2638/2860 3501/2639/2861 3495/2633/2855
f 3496/2634/2856 3495/2633/2855 3501/2639/2861
f 3501/2639/2861 3502/2640/2862 3496/2634/2856
f 3497/2635/2857 3496/2634/2856 3502/2640/2862
f 3502/2640/2862 3503/2641/2863 3497/2635/2857
f 3498/2636/2858 3497/2635/2857 3503/2641/2863
f 3503/2641/2863 3504/2642/2864 3498/2636/2858
f 3499/2637/2859 3498/2636/2858 3504/2642/2864
f 3504/2642/2864 3505/2643/2865 3499/2637/2859
f 3501/2639/2861 3500/2638/2860 3506/2644/2866
f 3506/2644/2866 3507/2645/2867 3501/2639/2861
f 3502/2640/2862 3501/2639/2861 3507/2645/2867
f 3507/2645/2867 3508/2646/2868 3502/2640/2862
f 3503/2641/2863 3502/2640/2862 3508/2646/2868
f 3508/2646/2868 3509/2647/2869 3503/2641/2863
f 3504/2642/2864 3503/2641/2863 3509/2647/2869
f 3509/2647/2869 3510/2648/2870 3504/2642/2864
f 3505/2643/2865 3504/2642/2864 3510/2648/2870
f 3510/2648/2870 3511/2649/2871 3505/2643/2865
f 3507/2645/2867 3506/2644/2866 3512/2650/2872
f 3512/2650/2872 3513/2651/2873 3507/2645/2867
f 3508/2646/2868 3507/2645/2867 3513/2651/2873
f 3513/2651/2873 3514/2652/2874 3508/2646/2868
f 3509/2647/2869 3508/2646/2868 3514/2652/2874
f 3514/2652/2874 3515/2653/2875 3509/2647/2869
f 3510/2648/2870 3509/2647/2869 3515/2653/2875
f 3515/2653/2875 3516/2654/2876 3510/2648/2870
f 3511/2649/2871 3510/2648/2870 3516/2654/2876
f 3516/2654/2876 3517/2655/2877 3511/2649/2871
f 3521/2656/2878 3518/2657/2879 3519/2658/2880
f 3519/2658/2880 3520/2659/2881 3521/2656/2878
f 3520/2659/2881 3519/2658/2880 3522/2660/2882
f 3522/2660/2882 3523/2661/2883 3520/2659/2881
f 3523/2661/2883 3522/2660/2882 3524/2662/2884
f 3524/2662/2884 3525/2663/2885 3523/2661/2883
f 3525/2663/2885 3524/2662/2884 3526/2664/2886
f 3526/2664/2886 3527/2665/2887 3525/2663/2885
f 3527/2665/2887 3526/2664/2886 3528/2666/2888
f 3528/2666/2888 3529/2667/2889 3527/2665/2887
f 3531/2668/2890 3521/2656/2878 3520/2659/2881
f 3520/2659/2881 3530/2669/2891 3531/2668/2890
f 3530/2669/2891 3520/2659/2881 3523/2661/2883
f 3523/2661/2883 3532/2670/2892 3530/2669/2891
f 3532/2670/2892 3523/2661/2883 3525/2663/2885
f 3525/2663/2885 3533/2671/2893 3532/2670/2892
f 3533/2671/2893 3525/2663/2885 3527/2665/2887
f 3527/2665/2887 3534/2672/2894 3533/2671/2893
f 3534/2672/2894 3527/2665/2887 3529/2667/2889
f 3529/2667/2889 3535/2673/2895 3534/2672/2894
f 3537/2674/2896 3531/2668/2890 3530/2669/2891
f 3530/2669/2891 3536/2675/2897 3537/2674/2896
f 3536/2675/2897 3530/2669/2891 3532/2670/2892
f 3532/2670/2892 3538/2676/2898 3536/2675/2897
f 3538/2676/2898 3532/2670/2892 3533/2671/2893
f 3533/2671/2893 3539/2677/2899 3538/2676/2898
f 3539/2677/2899 3533/2671/2893 3534/2672/2894
f 3534/2672/2894 3540/2678/2900 3539/2677/2899
f 3540/2678/2900 3534/2672/2894 3535/2673/2895
f 3535/2673/2895 3541/2679/2901 3540/2678/2900
f 3543/2680/2902 3537/2674/2896 3536/2675/2897
f 3536/2675/2897 3542/2681/2903 3543/2680/2902
f 3542/2681/2903 3536/2675/2897 3538/2676/2898
f 3538/2676/2898 3544/2682/2904 3542/2681/2903
f 3544/2682/2904 3538/2676/2898 3539/2677/2899
f 3539/2677/2899 3545/2683/2905 3544/2682/2904
f 3545/2683/2905 3539/2677/2899 3540/2678/2900
f 3540/2678/2900 3546/2684/2906 3545/2683/2905
f 3546/2684/2906 3540/2678/2900 3541/2679/2901
f 3541/2679/2901 3547/2685/2907 3546/2684/2906
f 3549/2686/2908 3543/2680/2902 3542/2681/2903
f 3542/2681/2903 3548/2687/2909 3549/2686/2908
f 3548/2687/2909 3542/2681/2903 3544/2682/2904
f 3544/2682/2904 3550/2688/2910 3548/2687/2909
f 3550/2688/2910 3544/2682/2904 3545/2683/2905
f 3545/2683/2905 3551/2689/2911 3550/2688/2910
f 3551/2689/2911 3545/2683/2905 3546/2684/2906
f 3546/2684/2906 3552/2690/2912 3551/2689/2911
f 3552/2690/2912 3546/2684/2906 3547/2685/2907
f 3547/2685/2907 3553/2691/2913 3552/2690/2912
f 3555/2692/2914 3549/2686/2908 3548/2687/2909
f 3548/2687/2909 3554/2693/2915 3555/2692/2914
f 3554/2693/2915 3548/2687/2909 3550/2688/2910
f 3550/2688/2910 3556/2694/2916 3554/2693/2915
f 3556/2694/2916 3550/2688/2910 3551/2689/2911
f 3551/2689/2911 3557/2695/2917 3556/2694/2916
f 3557/2695/2917 3551/2689/2911 3552/2690/2912
f 3552/2690/2912 3558/2696/2918 3557/2695/2917
f 3558/2696/2918 3552/2690/2912 3553/2691/2913
f 3553/2691/2913 3559/2697/2919 3558/2696/2918
f 3561/2698/2920 3555/2692/2914 3554/2693/2915
f 3554/2693/2915 3560/2699/2921 3561/2698/2920
f 3560/2699/2921 3554/2693/2915 3556/2694/2916
f 3556/2694/2916 3562/2700/2922 3560/2699/2921
f 3562/2700/2922 3556/2694/2916 3557/2695/2917
f 3557/2695/2917 3563/2701/2923 3562/2700/2922
f 3563/2701/2923 3557/2695/2917 3558/2696/2918
f 3558/2696/2918 3564/2702/2924 3563/2701/2923
f 3564/2702/2924 3558/2696/2918 3559/2697/2919
f 3559/2697/2919 3565/2703/2925 3564/2702/2924
f 3567/2704/2926 3561/2698/2920 3560/2699/2921
f 3560/2699/2921 3566/2705/2927 3567/2704/2926
f 3566/2705/2927 3560/2699/2921 3562/2700/2922
f 3562/2700/2922 3568/2706/2928 3566/2705/2927
f 3568/2706/2928 3562/2700/2922 3563/2701/2923
f 3563/2701/2923 3569/2707/2929 3568/2706/2928
f 3569/2707/2929 3563/2701/2923 3564/2702/2924
f 3564/2702/2924 3570/2708/2930 3569/2707/2929
f 3570/2708/2930 3564/2702/2924 3565/2703/2925
f 3565/2703/2925 3571/2709/2931 3570/2708/2930
f 3573/2710/2932 3567/2704/2926 3566/2705/2927
f 3566/2705/2927 3572/2711/2933 3573/2710/2932
f 3572/2711/2933 3566/2705/2927 3568/2706/2928
f 3568/2706/2928 3574/2712/2934 3572/2711/2933
f 3574/2712/2934 3568/2706/2928 3569/2707/2929
f 3569/2707/2929 3575/2713/2935 3574/2712/2934
f 3575/2713/2935 3569/2707/2929 3570/2708/2930
f 3570/2708/2930 3576/2714/2936 3575/2713/2935
f 3576/2714/2936 3570/2708/2930 3571/2709/2931
f 3571/2709/2931 3577/2715/2937 3576/2714/2936
f 3579/2716/2938 3573/2710/2932 3572/2711/2933
f 3572/2711/2933 3578/2717/2939 3579/2716/2938
f 3578/2717/2939 3572/2711/2933 3574/2712/2934
f 3574/2712/2934 3580/2718/2940 3578/2717/2939
f 3580/2718/2940 3574/2712/2934 3575/2713/2935
f 3575/2713/2935 3581/2719/2941 3580/2718/2940
f 3581/2719/2941 3575/2713/2935 3576/2714/2936
f 3576/2714/2936 3582/2720/2942 3581/2719/2941
f 3582/2720/2942 3576/2714/2936 3577/2715/2937
f 3577/2715/2937 3583/2721/2943 3582/2720/2942
f 3587/2722/2944 3584/2591/2813 3585/2590/2812
f 3585/2590/2812 3586/2723/2945 3587/2722/2944
f 3586/2723/2945 3585/2590/2812 3588/2594/2946
f 3588/2594/2946 3589/2724/2947 3586/2723/2945
f 3589/2724/2947 3588/2594/2946 3590/2596/2948
f 3590/2596/2948 3591/2725/2949 3589/2724/2947
f 3591/2725/2949 3590/2596/2948 3592/2598/2820
f 3592/2598/2820 3593/2726/2950 3591/2725/2949
f 3593/2726/2950 3592/2598/2820 3594/2600/2822
f 3594/2600/2822 3595/2727/2951 3593/2726/2950
f 3599/2657/2879 3596/2728/2952 3597/2729/2953
f 3597/2729/2953 3598/2658/2880 3599/2657/2879
f 3598/2658/2880 3597/2729/2953 3600/2730/2954
f 3600/2730/2954 3601/2660/2955 3598/2658/2880
f 3601/2660/2955 3600/2730/2954 3602/2731/2956
f 3602/2731/2956 3603/2662/2884 3601/2660/2955
f 3603/2662/2884 3602/2731/2956 3604/2732/2957
f 3604/2732/2957 3605/2664/2886 3603/2662/2884
f 3605/2664/2886 3604/2732/2957 3595/2727/2958
f 3595/2727/2958 3606/2666/2959 3605/2664/2886
f 3610/2727/2960 3607/2600/2961 3608/2601/2823
f 3608/2601/2823 3609/2733/2962 3610/2727/2960
f 3609/2733/2962 3608/2601/2823 3611/2607/2829
f 3611/2607/2829 3612/2734/2963 3609/2733/2962
f 3612/2734/2963 3611/2607/2829 3613/2613/2835
f 3613/2613/2835 3614/2735/2964 3612/2734/2963
f 3614/2735/2964 3613/2613/2835 3615/2619/2965
f 3615/2619/2965 3616/2736/2966 3614/2735/2964
f 3616/2736/2966 3615/2619/2965 3617/2625/2967
f 3617/2625/2967 3618/2737/2968 3616/2736/2966
f 3618/2737/2968 3617/2625/2967 3619/2631/2853
f 3619/2631/2853 3620/2738/2969 3618/2737/2968
f 3620/2738/2969 3619/2631/2853 3621/2637/2859
f 3621/2637/2859 3622/2739/2970 3620/2738/2969
f 3622/2739/2970 3621/2637/2859 3623/2643/2865
f 3623/2643/2865 3624/2740/2971 3622/2739/2970
f 3624/2740/2971 3623/2643/2865 3625/2649/2871
f 3625/2649/2871 3626/2741/2972 3624/2740/2971
f 3626/2741/2972 3625/2649/2871 3627/2655/2877
f 3627/2655/2877 3628/2742/2973 3626/2741/2972
f 3630/2666/2888 3610/2727/2960 3609/2733/2962
f 3609/2733/2962 3629/2667/2889 3630/2666/2888
f 3629/2667/2889 3609/2733/2962 3612/2734/2963
f 3612/2734/2963 3631/2673/2895 3629/2667/2889
f 3631/2673/2895 3612/2734/2963 3614/2735/2964
f 3614/2735/2964 3632/2679/2901 3631/2673/2895
f 3632/2679/2901 3614/2735/2964 3616/2736/2966
f 3616/2736/2966 3633/2685/2907 3632/2679/2901
f 3633/2685/2907 3616/2736/2966 3618/2737/2968
f 3618/2737/2968 3634/2691/2913 3633/2685/2907
f 3634/2691/2913 3618/2737/2968 3620/2738/2969
f 3620/2738/2969 3635/2697/2919 3634/2691/2913
f 3635/2697/2919 3620/2738/2969 3622/2739/2970
f 3622/2739/2970 3636/2703/2925 3635/2697/2919
f 3636/2703/2925 3622/2739/2970 3624/2740/2971
f 3624/2740/2971 3637/2709/2974 3636/2703/2925
f 3637/2709/2974 3624/2740/2971 3626/2741/2972
f 3626/2741/2972 3638/2715/2937 3637/2709/2974
f 3638/2715/2937 3626/2741/2972 3628/2742/2973
f 3628/2742/2973 3639/2721/2975 3638/2715/2937
f 3643/2742/2976 3640/2655/2977 3641/2654/2876
f 3641/2654/2876 3642/2743/2978 3643/2742/2976
f 3642/2743/2978 3641/2654/2876 3644/2653/2875
f 3644/2653/2875 3645/2744/2979 3642/2743/2978
f 3645/2744/2979 3644/2653/2875 3646/2652/2980
f 3646/2652/2980 3647/2745/2981 3645/2744/2979
f 3647/2745/2981 3646/2652/2980 3648/2651/2982
f 3648/2651/2982 3649/2746/2983 3647/2745/2981
f 3649/2746/2983 3648/2651/2982 3650/2650/2872
f 3650/2650/2872 3651/2747/2984 3649/2746/2983
f 3653/2721/2985 3643/2742/2976 3642/2743/2978
f 3642/2743/2978 3652/2748/2986 3653/2721/2985
f 3652/2748/2986 3642/2743/2978 3645/2744/2979
f 3645/2744/2979 3654/2749/2987 3652/2748/2986
f 3654/2749/2987 3645/2744/2979 3647/2745/2981
f 3647/2745/2981 3655/2750/2988 3654/2749/2987
f 3655/2750/2988 3647/2745/2981 3649/2746/2983
f 3649/2746/2983 3656/2751/2939 3655/2750/2988
f 3656/2751/2939 3649/2746/2983 3651/2747/2984
f 3651/2747/2984 3657/2752/2989 3656/2751/2939
f 3661/2747/2990 3658/2650/2991 3659/2644/2866
f 3659/2644/2866 3660/2753/2992 3661/2747/2990
f 3663/2753/2992 3506/2644/2866 3500/2638/2860
f 3500/2638/2860 3662/2754/2993 3663/2753/2992
f 3662/2754/2993 3500/2638/2860 3494/2632/2854
f 3494/2632/2854 3664/2755/2994 3662/2754/2993
f 3664/2755/2994 3494/2632/2854 3488/2626/2848
f 3488/2626/2848 3665/2756/2995 3664/2755/2994
f 3665/2756/2995 3488/2626/2848 3482/2620/2842
f 3482/2620/2842 3666/2757/2996 3665/2756/2995
f 3666/2757/2996 3482/2620/2842 3476/2614/2836
f 3476/2614/2836 3667/2758/2997 3666/2757/2996
f 3667/2758/2997 3476/2614/2836 3470/2608/2830
f 3470/2608/2830 3668/2759/2998 3667/2758/2997
f 3668/2759/2998 3470/2608/2830 3464/2602/2824
f 3464/2602/2824 3669/2760/2999 3668/2759/2998
f 3669/2760/2999 3464/2602/2824 3453/2592/2814
f 3453/2592/2814 3670/2761/3000 3669/2760/2999
f 3674/2761/3000 3671/2592/2814 3672/2591/3001
f 3672/2591/3001 3673/2722/2944 3674/2761/3000
f 3678/2752/2938 3675/2747/3002 3676/2753/3003
f 3676/2753/3003 3677/2762/3004 3678/2752/2938
f 3677/2762/3004 3676/2753/3003 3679/2754/3005
f 3679/2754/3005 3680/2763/2926 3677/2762/3004
f 3680/2763/2926 3679/2754/3005 3681/2755/3006
f 3681/2755/3006 3682/2764/2920 3680/2763/2926
f 3682/2764/2920 3681/2755/3006 3683/2756/2995
f 3683/2756/2995 3684/2765/2914 3682/2764/2920
f 3684/2765/2914 3683/2756/2995 3685/2757/2996
f 3685/2757/2996 3686/2766/3007 3684/2765/2914
f 3686/2766/3007 3685/2757/2996 3687/2758/3008
f 3687/2758/3008 3688/2767/2902 3686/2766/3007
f 3688/2767/2902 3687/2758/3008 3689/2759/2998
f 3689/2759/2998 3690/2768/2896 3688/2767/2902
f 3690/2768/2896 3689/2759/2998 3691/2760/3009
f 3691/2760/3009 3692/2769/3010 3690/2768/2896
f 3692/2769/3010 3691/2760/3009 3693/2761/3011
f 3693/2761/3011 3694/2770/2878 3692/2769/3010
f 3698/2770/2878 3695/2761/3012 3696/2722/3013
f 3696/2722/3013 3697/2771/3014 3698/2770/2878
