# Blender 4.3.2
# www.blender.org
mtllib inglesia.mtl
o Object_2
v -1300.000000 622.008118 -445.487457
v -1300.000000 622.008118 -354.605499
v -1300.000000 709.523499 -354.605469
v 1300.000000 527.964539 -289.685669
v 1269.536255 527.964539 -309.169342
v 1300.000000 539.674927 -307.967621
v -1300.000000 527.964172 -417.020172
v -1269.599731 527.964172 -401.255463
v -1300.000000 539.674561 -402.119812
v 1300.000000 527.964661 439.426514
v 1269.536255 527.964661 419.728546
v 1300.000000 539.675110 422.300964
v 1300.000000 539.674927 -402.119812
v 1269.536255 527.964539 -401.255463
v 1300.000000 527.964539 -417.020172
v 1300.000000 539.675110 325.685333
v 1269.536255 527.964661 330.475403
v 1300.000000 527.964661 311.307404
v -1300.000000 527.964294 311.307404
v -1269.599731 527.964294 330.475403
v -1300.000000 539.674744 325.685333
v -1300.000000 539.674561 -307.967621
v -1269.599731 527.964172 -309.169312
v -1300.000000 527.964172 -289.685669
v 1300.000000 797.038879 -263.723663
v 1300.000000 622.008118 -263.723633
v 1300.000000 622.008118 -445.487457
v 1300.000000 622.008240 286.200836
v 1300.000000 822.446838 286.200867
v 1300.000000 622.008240 465.251984
v 1300.000000 742.428711 74.428696
v 1269.536255 742.428711 62.063568
v 1300.000000 756.366272 24.676359
v 1300.000000 756.366272 24.676359
v 1300.000000 766.937561 24.676363
v 1300.000000 766.937561 40.182980
v -1300.000000 1372.380005 24.676434
v -1300.000000 1121.160278 -196.430573
v -1300.000000 1121.160156 -15.137369
v -1300.000000 756.366272 24.676359
v -1269.599731 742.428711 62.063568
v -1300.000000 742.428711 74.428696
v -1300.000000 742.428711 -19.111057
v -1269.599731 742.428711 -6.208753
v -1300.000000 756.366272 24.676359
v -1300.000000 756.366272 24.676359
v -1300.000000 766.937195 24.676363
v -1300.000000 766.937195 7.847617
v 1300.000000 1121.160522 59.379910
v 1300.000000 1121.160645 -15.137266
v 1300.000000 1372.380005 24.676434
v 1300.000000 1121.160400 245.783401
v 1300.000000 742.428711 -19.111057
v 1300.000000 756.366272 24.676359
v 1269.536255 742.428711 -5.896054
v 1269.536255 742.428711 -5.896054
v 1300.000000 756.366272 24.676359
v 1269.536255 742.428711 62.063568
v -1269.599731 742.428711 62.063568
v -1300.000000 756.366272 24.676359
v -1269.599731 742.428711 -6.208753
v -1300.000000 539.674744 422.300964
v -1269.599731 527.964294 419.728546
v -1300.000000 527.964294 439.426514
v 1300.000000 766.937500 7.847199
v -1300.000000 766.937317 40.182579
v -1300.000000 1121.160156 59.380009
v -1300.000000 1121.160034 245.783737
v 1300.000000 1121.160645 -196.430206
v 1300.000000 1372.380005 24.676434
v 1300.000000 1121.160645 -15.137266
v -470.163910 622.008362 1416.961182
v -288.400116 622.008362 1416.961182
v -288.400116 797.039124 1416.961182
v -441.696655 527.964417 1416.961182
v -425.931946 527.964417 1395.093018
v -426.796295 539.674805 1416.961182
v 286.630798 527.964417 1416.961182
v 305.798828 527.964417 1395.093018
v 301.008728 539.674866 1416.961182
v -332.644104 539.674805 1416.961182
v -333.845795 527.964417 1395.093018
v -314.362183 527.964417 1416.961182
v 261.524353 822.446899 1416.961182
v 261.524261 622.008362 1416.961182
v 440.575409 622.008362 1416.961182
v -0.000011 1372.380249 1416.961060
v -221.107010 1121.160522 1416.961182
v -39.813843 1121.160400 1416.961182
v -0.000169 694.739258 1416.961182
v -0.000164 766.937378 1416.961182
v -16.828905 766.937378 1416.961182
v 34.703445 1121.160400 -660.899231
v -39.813717 1121.160522 -660.899231
v 0.000011 1372.379883 -660.899292
v 221.106934 1121.160278 -660.899231
v 397.624359 539.674866 1416.961182
v 395.051910 527.964417 1395.093018
v 414.749847 527.964417 1416.961182
v 15.506050 766.937500 1416.961182
v 34.703522 1121.160400 1416.961182
v 221.107193 1121.160278 1416.961182
v -0.000011 1372.380249 1416.961060
v -221.106628 1121.160522 -660.899231
v -58.930367 1305.423706 -660.899292
v -53.739571 1121.160522 -660.899231
v 34.703522 1121.160400 1416.961182
v -8.381951 493.033783 1489.167480
v 13.885305 500.506927 1499.189331
v -9.803837 507.143158 1499.189331
v -8.381951 493.033783 1489.167480
v -9.803837 507.143158 1499.189331
v -30.614639 500.519012 1499.189331
v -104.795517 56.963638 1499.189453
v -108.650543 56.963634 1489.288330
v -131.351074 56.963642 1499.189453
v 95.250504 56.963638 1499.189453
v 99.447983 56.963634 1489.288330
v 95.250504 56.963634 1488.644531
v -104.795517 56.963634 1488.644531
v 122.148491 56.963642 1499.189453
v -61.250431 458.667694 1489.167480
v 49.150379 458.711395 1489.167480
v -8.381951 493.033783 1489.167480
v 212.187500 416.375336 1477.808472
v 217.003708 416.375336 1477.808472
v 212.187500 389.517487 1477.808472
v -214.760040 416.375336 1499.189453
v -221.185715 416.375336 1499.189453
v -214.760040 389.517487 1499.189453
v -221.185715 416.375336 1477.808228
v -214.760040 416.375336 1477.808228
v -214.760040 389.517487 1477.808228
v 217.003708 416.375336 1499.189453
v 212.187500 416.375336 1499.189453
v 212.187500 389.517487 1499.189453
v -1067.017944 1067.456665 1147.550903
v -1136.063354 1010.019775 1163.900635
v -1109.715576 1010.019775 1190.248413
v -1059.478882 1592.774414 1137.738647
v -1020.004639 1632.562744 1137.756226
v -1059.478882 1632.562744 1137.738647
v -833.205688 1592.774414 1137.840088
v -794.271301 1632.562744 1137.857544
v -833.205688 1632.562744 1137.840088
v -664.757812 1592.774414 1081.482178
v -664.757812 1632.562744 1041.515015
v -664.757812 1632.562744 1081.482178
v -664.757812 1592.774414 855.748657
v -664.757812 1632.562744 815.885498
v -664.757812 1632.562744 855.748657
v -946.924805 1592.774414 686.448486
v -986.714661 1632.562744 686.448486
v -946.924805 1632.562744 686.448486
v -719.991699 1592.774414 686.448486
v -759.780029 1632.562744 686.448486
v -719.991699 1632.562744 686.448486
v -1116.201172 1592.774414 968.488953
v -1116.197632 1632.562744 1008.278442
v -1116.201172 1632.562744 968.488953
v -1116.220215 1592.774414 742.856506
v -1116.216797 1632.562744 782.645020
v -1116.220215 1632.562744 742.856506
v -664.757812 1632.562744 782.645020
v -664.757812 1592.774414 742.881836
v -664.757812 1632.562744 742.881836
v -1116.213989 1632.562744 815.885498
v -1116.210693 1592.774414 855.672729
v -1116.210693 1632.562744 855.672729
v -664.757812 1632.562744 1008.278442
v -664.757812 1592.774414 968.615356
v -664.757812 1632.562744 968.615356
v -1116.194946 1632.562744 1041.515015
v -1116.191528 1592.774414 1081.305176
v -1116.191528 1632.562744 1081.305176
v -759.780029 1632.562744 1137.872925
v -720.907166 1592.774414 1137.890381
v -720.907166 1632.562744 1137.890381
v -794.271301 1632.562744 686.448486
v -834.057983 1592.774414 686.448486
v -834.057983 1632.562744 686.448486
v -986.714661 1632.562744 1137.771240
v -946.062927 1592.774414 1137.789551
v -946.062927 1632.562744 1137.789551
v -1020.004639 1632.562744 686.448486
v -1059.791504 1592.774414 686.448486
v -1059.791504 1632.562744 686.448486
v -1300.000000 722.227478 375.726440
v -1300.000000 622.008240 375.726379
v -1300.000000 622.008240 465.251984
v 660.427856 622.008118 -660.899170
v 660.427856 0.010272 -660.899109
v 440.575409 0.010272 -660.899109
v -28.961802 241.616913 -660.899170
v -22.151825 0.010272 -660.899109
v -466.829834 0.010272 -660.899109
v -43.233723 748.227478 -660.899231
v -51.574898 1044.317139 -660.899231
v -52.312531 1070.502441 -660.899231
v -0.000067 1070.502441 -660.899231
v -49.410717 967.497009 -660.899231
v -43.233723 748.227478 -660.899231
v -480.331421 826.631958 -660.899231
v -51.574898 1044.317139 -660.899231
v -1125.860107 1067.456665 1088.708740
v -1168.557739 1010.019714 1131.406250
v -1136.063354 1010.019775 1163.900635
v -1067.017944 1067.456665 1147.550903
v -1125.814453 1067.456665 1147.309082
v -1125.860107 1067.456665 1088.708740
v -1136.063354 1010.019775 1163.900635
v -1125.814453 1067.456665 1147.309082
v -1300.000000 622.008118 -635.751343
v -1300.000000 941.443298 -354.605621
v 0.000011 1372.379883 -638.233398
v 221.106934 1121.160278 -638.233704
v 221.106934 1151.731079 -638.233765
v 0.000011 1402.950684 -638.233398
v -1300.000000 1121.160278 -196.430573
v -1300.000000 1372.380005 24.676434
v -1300.000000 1402.950806 24.676430
v -1300.000000 1151.731079 -196.430573
v 1300.000000 766.937561 40.182980
v 1300.000000 766.937561 24.676363
v 1289.772217 766.937561 24.676363
v 1289.772217 766.937561 40.182980
v -0.000011 1372.380249 1392.877441
v 221.107193 1121.160278 1392.877563
v 221.106934 1121.160278 -638.233704
v 0.000011 1372.379883 -638.233398
v -1300.000000 953.198914 -41.756214
v -1300.000000 900.855286 -70.287445
v -1289.772217 900.855286 -70.287445
v -1289.772217 953.198914 -41.756214
v 1300.000000 640.216492 151.495239
v 1269.536255 640.216492 139.130112
v 1269.536255 700.530884 98.965660
v 1300.000000 700.530884 110.540047
v -1266.882446 1121.684204 289.978912
v 1275.524292 1120.998657 289.677765
v 1275.524292 1121.160400 245.783401
v -1266.882446 1121.160034 245.783737
v -1300.000000 903.397644 190.886627
v -1300.000000 997.194153 354.890442
v -1300.000000 1070.501953 290.369598
v -1300.000000 1070.502197 190.231506
v 660.427856 622.008362 1416.961182
v 660.427856 622.008362 1402.347168
v 660.427856 652.579163 1402.347168
v 660.427856 652.579163 1416.961182
v 1269.536255 563.217468 375.726410
v 1269.536255 527.964661 330.475403
v 1300.000000 539.675110 325.685333
v 1300.000000 574.927856 375.726379
v 1292.384033 177.653992 291.531372
v 1284.768066 177.653992 296.861847
v 1300.000000 172.902069 296.862000
v 1300.000000 172.902069 291.531464
v -1300.000000 172.901596 -432.682983
v -1284.799805 177.653519 -432.683136
v -1292.400024 177.653519 -439.085480
v -1300.000000 172.901596 -439.085571
v -1300.000000 953.198914 -41.756214
v -1300.000000 996.487244 24.676388
v -1300.000000 1070.502319 24.676397
v -1300.000000 1070.502319 -23.165739
v 1275.524292 1120.998657 289.677765
v 1300.000000 1120.985474 289.671997
v 1300.000000 1151.556274 289.671997
v 1275.524292 1151.569458 289.677765
v 1300.000000 953.199219 -41.756107
v 1300.000000 996.487549 24.676388
v 1289.772217 996.487549 24.676388
v 1289.772217 953.199219 -41.756107
v -1300.000000 539.674744 422.300964
v -1300.000000 574.927490 375.726379
v -1269.599731 563.217041 375.726410
v -1269.599731 527.964294 419.728546
v 1300.000000 953.199219 82.582115
v 1300.000000 996.487549 24.676388
v 1300.000000 1070.502563 24.676397
v 1300.000000 1070.502563 66.377815
v -1300.000000 640.216125 -110.525070
v -1269.599731 640.216125 -97.622765
v -1269.599731 700.530457 -52.940571
v -1300.000000 700.530457 -65.842888
v -1300.000000 177.653549 -263.723450
v -1300.000000 182.405472 -263.723572
v -1284.799805 182.405472 -270.372742
v -1292.400024 177.653549 -270.372681
v -1300.000000 812.183777 106.552917
v -1300.000000 845.760925 124.020889
v -1289.772217 845.760925 124.020889
v -1289.772217 812.183777 106.552917
v -1300.000000 177.653595 286.200928
v -1300.000000 172.901733 286.200958
v -1300.000000 172.901733 291.531464
v -1292.400024 177.653595 291.531372
v 1300.000000 549.546936 171.581741
v 1269.536255 549.546936 159.216614
v 1269.536255 640.216492 139.130112
v 1300.000000 640.216492 151.495239
v -1300.000000 182.405472 286.200897
v -1300.000000 177.653595 286.200928
v -1292.400024 177.653595 291.531372
v -1284.799805 182.405472 291.531281
v -1300.000000 766.937195 7.847617
v -1300.000000 766.937195 24.676363
v -1289.772217 766.937195 24.676363
v -1289.772217 766.937195 7.847617
v -1292.400024 177.653595 291.531372
v -1300.000000 172.901733 291.531464
v -1300.000000 172.901733 296.862000
v -1284.799805 177.653595 296.861847
v 1269.536255 561.021179 -354.605499
v 1269.536255 527.964539 -401.255463
v 1300.000000 539.674927 -402.119812
v 1300.000000 572.731506 -354.605530
v -1300.000000 539.674561 -307.967621
v -1300.000000 700.530457 -65.842888
v -1300.000000 742.428711 -19.111057
v -1300.000000 622.008118 -263.723633
v -1300.000000 700.530457 -65.842888
v -1269.599731 700.530457 -52.940571
v -1269.599731 742.428711 -6.208753
v -1300.000000 742.428711 -19.111057
v -1300.000000 539.674561 -402.119812
v -1300.000000 572.731140 -354.605530
v -1300.000000 700.530579 110.912338
v -1300.000000 539.674744 325.685333
v -1300.000000 622.008240 286.200836
v -1300.000000 742.428711 74.428696
v -1300.000000 574.927490 375.726379
v -1300.000000 622.008240 375.726379
v 1300.000000 539.675110 325.685333
v 1300.000000 700.530884 110.540047
v 1300.000000 742.428711 74.428696
v 1300.000000 622.008240 286.200836
v 1300.000000 700.530884 110.540047
v 1269.536255 700.530884 98.965660
v 1269.536255 742.428711 62.063568
v 1300.000000 742.428711 74.428696
v 1300.000000 700.530884 -65.889069
v 1300.000000 539.674927 -307.967621
v 1300.000000 622.008118 -263.723633
v 1300.000000 742.428711 -19.111057
v -1300.000000 539.674561 -307.967621
v -1300.000000 572.731140 -354.605530
v -1269.599731 561.020752 -354.605499
v -1269.599731 527.964172 -309.169312
v 1300.000000 182.405930 286.200897
v 1300.000000 182.405914 171.581802
v 1300.000000 549.546936 171.581741
v 1300.000000 475.169586 286.200867
v -1300.000000 182.405472 -263.723572
v -1300.000000 182.405487 -131.431335
v -1300.000000 549.546570 -131.431381
v -1300.000000 475.169159 -263.723602
v 1300.000000 182.405869 -131.431335
v 1300.000000 182.405869 -263.723541
v 1300.000000 475.169464 -263.723602
v 1300.000000 549.546936 -131.431381
v -1269.599731 495.711548 447.603607
v -1300.000000 495.711548 460.469513
v -1300.000000 516.253906 449.538086
v -1269.599731 516.253906 434.075958
v -1284.799805 177.653595 296.861847
v -1269.599731 182.405472 296.861633
v -1284.799805 182.405472 291.531281
v -1292.400024 177.653595 291.531372
v 1300.000000 516.254150 -278.896606
v 1269.536255 516.254150 -294.138641
v 1269.536255 527.964539 -309.169342
v 1300.000000 527.964539 -289.685669
v 1300.000000 495.711823 -267.139648
v 1269.536255 495.711884 -281.804443
v 1269.536255 516.254150 -294.138641
v 1300.000000 516.254150 -278.896606
v 1300.000000 475.169464 -263.723602
v 1269.536255 475.169525 -277.021912
v 1269.536255 495.711884 -281.804443
v 1300.000000 495.711823 -267.139648
v -1300.000000 516.253906 449.538086
v -1300.000000 527.964294 439.426514
v -1269.599731 527.964294 419.728546
v -1269.599731 516.253906 434.075958
v 1300.000000 495.711914 460.469513
v 1269.536255 495.711914 447.603607
v 1269.536255 516.254211 434.075958
v 1300.000000 516.254272 449.538086
v 1300.000000 475.169556 465.252014
v 1269.536255 475.169556 454.572388
v 1269.536255 495.711914 447.603607
v 1300.000000 495.711914 460.469513
v -1269.599731 495.711517 -281.804382
v -1300.000000 495.711456 -267.139648
v -1300.000000 516.253784 -278.896606
v -1269.599731 516.253784 -294.138641
v 1300.000000 516.254272 449.538086
v 1269.536255 516.254211 434.075958
v 1269.536255 527.964661 419.728546
v 1300.000000 527.964661 439.426514
v -1300.000000 172.901642 -124.917145
v -1292.400024 177.653564 -124.932907
v -1300.000000 177.653564 -131.431107
v -1300.000000 172.901642 -131.430893
v -1284.799805 177.653519 -432.683136
v -1269.599731 182.405441 -432.683319
v -1284.799805 182.405441 -439.085327
v -1292.400024 177.653519 -439.085480
v -1300.000000 495.711487 -441.731354
v -1269.599731 495.711487 -429.267212
v -1269.599731 516.253784 -416.627777
v -1300.000000 516.253784 -431.056152
v -1300.000000 177.653580 171.581406
v -1300.000000 182.405457 171.581787
v -1284.799805 182.405441 165.399231
v -1292.400024 177.653564 165.399292
v 1269.536255 495.711853 -429.267212
v 1269.536255 475.169556 -432.683258
v 1300.000000 475.169556 -445.487427
v 1300.000000 495.711853 -441.731354
v 1269.536255 527.964539 -401.255463
v 1269.536255 516.254150 -416.627777
v 1300.000000 516.254150 -431.056152
v 1300.000000 527.964539 -417.020172
v 1269.536255 516.254150 -416.627777
v 1269.536255 495.711853 -429.267212
v 1300.000000 495.711853 -441.731354
v 1300.000000 516.254150 -431.056152
v -1269.599731 516.253784 -416.627777
v -1269.599731 527.964172 -401.255463
v -1300.000000 527.964172 -417.020172
v -1300.000000 516.253784 -431.056152
v -1269.599731 475.169189 -432.683258
v -1269.599731 495.711487 -429.267212
v -1300.000000 495.711487 -441.731354
v -1300.000000 475.169189 -445.487427
v -1300.000000 539.674561 -402.119812
v -1269.599731 527.964172 -401.255463
v -1269.599731 561.020752 -354.605499
v -1300.000000 572.731140 -354.605530
v -1300.000000 549.546570 171.581741
v -1300.000000 640.216125 151.495239
v -1269.599731 640.216125 139.130112
v -1269.599731 549.546570 159.216614
v 1300.000000 539.674927 -307.967621
v 1269.536255 527.964539 -309.169342
v 1269.536255 561.021179 -354.605499
v 1300.000000 572.731506 -354.605530
v 1269.536255 516.254211 316.537842
v 1269.536255 495.711884 303.010406
v 1300.000000 495.711884 290.747742
v 1300.000000 516.254211 301.818298
v -1269.599731 475.169220 296.861603
v -1269.599731 495.711517 303.010406
v -1300.000000 495.711517 290.747742
v -1300.000000 475.169220 286.200867
v 1269.536255 495.711884 303.010406
v 1269.536255 475.169525 296.861603
v 1300.000000 475.169586 286.200867
v 1300.000000 495.711884 290.747742
v 1269.536255 527.964661 330.475403
v 1269.536255 516.254211 316.537842
v 1300.000000 516.254211 301.818298
v 1300.000000 527.964661 311.307404
v -1269.599731 516.253906 316.537842
v -1269.599731 527.964294 330.475403
v -1300.000000 527.964294 311.307404
v -1300.000000 516.253906 301.818298
v 1300.000000 539.675110 422.300964
v 1269.536255 527.964661 419.728546
v 1269.536255 563.217468 375.726410
v 1300.000000 574.927856 375.726379
v -1300.000000 172.901642 -118.403412
v -1284.799805 177.653564 -118.434708
v -1292.400024 177.653564 -124.932907
v -1300.000000 172.901642 -124.917145
v -1300.000000 495.711517 290.747742
v -1269.599731 495.711517 303.010406
v -1269.599731 516.253906 316.537842
v -1300.000000 516.253906 301.818298
v -1284.799805 177.653610 454.572418
v -1292.400024 177.653610 459.911987
v -1284.799805 182.405472 459.912231
v -1269.599731 182.405472 454.572479
v -1269.599731 549.546570 -118.529091
v -1269.599731 640.216125 -97.622765
v -1300.000000 640.216125 -110.525070
v -1300.000000 549.546570 -131.431381
v -1300.000000 539.674744 325.685333
v -1269.599731 527.964294 330.475403
v -1269.599731 563.217041 375.726410
v -1300.000000 574.927490 375.726379
v 1300.000000 897.938904 -131.431427
v 1300.000000 997.194031 -305.537476
v 1300.000000 1070.502686 -241.015991
v 1300.000000 1070.502686 -136.845139
v -1300.000000 822.446777 286.200867
v -1300.000000 722.227478 375.726440
v 1300.000000 903.397644 190.886627
v 1300.000000 1070.502441 190.231506
v -1300.000000 475.169159 -263.723602
v -1300.000000 495.711456 -267.139648
v -1269.599731 495.711517 -281.804382
v -1269.599731 475.169159 -277.021912
v -1284.799805 182.405472 -270.372742
v -1269.599731 182.405472 -277.021942
v -1284.799805 177.653549 -277.021912
v -1292.400024 177.653549 -270.372681
v -1300.000000 900.855286 -70.287445
v -1300.000000 851.171814 -88.405251
v -1289.772217 851.171814 -88.405251
v -1289.772217 900.855286 -70.287445
v -1300.000000 475.169250 465.252014
v -1300.000000 495.711548 460.469513
v -1269.599731 495.711548 447.603607
v -1269.599731 475.169250 454.572388
v 1269.536255 700.530884 -53.069431
v 1269.536255 640.216553 -97.507751
v 1300.000000 640.216553 -110.525070
v 1300.000000 700.530884 -65.889069
v -1284.799805 177.653610 454.572418
v -1300.000000 172.901764 454.572418
v -1300.000000 172.901764 459.911713
v -1292.400024 177.653610 459.911987
v 1269.536255 742.428711 -5.896054
v 1269.536255 700.530884 -53.069431
v 1300.000000 700.530884 -65.889069
v 1300.000000 742.428711 -19.111057
v 1269.536255 640.216553 -97.507751
v 1269.536255 549.546936 -118.403099
v 1300.000000 549.546936 -131.431381
v 1300.000000 640.216553 -110.525070
v -1269.599731 742.428711 62.063568
v -1269.599731 700.530579 98.547195
v -1300.000000 700.530579 110.912338
v -1300.000000 742.428711 74.428696
v -1269.599731 700.530579 98.547195
v -1269.599731 640.216125 139.130112
v -1300.000000 640.216125 151.495239
v -1300.000000 700.530579 110.912338
v -1284.799805 177.653564 -118.434708
v -1269.599731 182.405487 -118.466019
v -1284.799805 182.405487 -124.948685
v -1292.400024 177.653564 -124.932907
v -1284.799805 182.405441 165.399231
v -1269.599731 182.405457 159.216660
v -1284.799805 177.653564 159.217178
v -1292.400024 177.653564 165.399292
v 1300.000000 845.761047 124.021072
v 1300.000000 901.347473 110.129463
v 1300.000000 996.487549 24.676388
v 1300.000000 953.199219 82.582115
v 1289.772217 953.199219 82.582115
v 1289.772217 996.487549 24.676388
v 1300.000000 766.937500 7.847199
v 1300.000000 809.724548 -60.268932
v 1289.772217 809.724548 -60.268932
v 1289.772217 766.937500 7.847199
v -1300.000000 851.171814 -88.405251
v -1300.000000 900.855286 -70.287445
v -1300.000000 897.938843 -131.431458
v 1300.000000 851.172241 -88.405586
v 1300.000000 900.855652 -70.287445
v 1289.772217 900.855652 -70.287445
v 1289.772217 851.172241 -88.405586
v 1300.000000 900.855652 -70.287445
v 1300.000000 851.172241 -88.405586
v 1300.000000 953.199219 -41.756107
v -1300.000000 901.347290 110.129463
v -1300.000000 845.760925 124.020889
v -1300.000000 953.198853 82.582245
v -1300.000000 809.724121 -60.268543
v -1300.000000 766.937195 7.847617
v -1289.772217 766.937195 7.847617
v -1289.772217 809.724121 -60.268543
v -1269.599731 549.546570 -118.529091
v -1269.599731 182.405487 -118.466019
v -1269.599731 182.405457 159.216660
v -1269.599731 549.546570 159.216614
v 1269.536255 549.546936 159.216614
v 1269.536255 182.405899 159.216675
v 1269.536255 182.405869 -118.403046
v 1269.536255 549.546936 -118.403099
v -1269.599731 742.428711 -6.208753
v -1269.599731 700.530457 -52.940571
v -1269.599731 700.530579 98.547195
v -1269.599731 742.428711 62.063568
v -1269.599731 640.216125 -97.622765
v -1269.599731 640.216125 139.130112
v 1269.536255 700.530884 98.965660
v 1269.536255 640.216492 139.130112
v 1269.536255 640.216553 -97.507751
v 1269.536255 700.530884 -53.069431
v 1269.536255 742.428711 62.063568
v 1269.536255 742.428711 -5.896054
v -1300.000000 172.901596 -439.085571
v -1292.400024 177.653519 -439.085480
v -1300.000000 177.653519 -445.487793
v -1300.000000 172.901596 -445.488159
v -1300.000000 172.901627 -263.723358
v -1300.000000 177.653549 -263.723450
v -1292.400024 177.653549 -270.372681
v -1300.000000 172.901627 -270.372620
v -1300.000000 172.901703 165.399338
v -1292.400024 177.653564 165.399292
v -1284.799805 177.653564 159.217178
v -1300.000000 172.901703 159.217682
v -1300.000000 172.901718 171.581009
v -1300.000000 177.653580 171.581406
v -1292.400024 177.653564 165.399292
v -1300.000000 172.901703 165.399338
v -1300.000000 172.901627 -270.372620
v -1292.400024 177.653549 -270.372681
v -1284.799805 177.653549 -277.021912
v -1300.000000 172.901627 -277.021912
v -1284.799805 182.405472 459.912231
v -1292.400024 177.653610 459.911987
v -1300.000000 177.653610 465.251526
v -1300.000000 182.405472 465.252045
v 1300.000000 172.901871 -635.751282
v 1300.000000 172.901917 -445.488159
v 1300.000000 0.010301 -445.488190
v 1300.000000 0.010276 -635.751282
v -1300.000000 172.901810 685.104553
v -1300.000000 172.901764 465.251007
v -1300.000000 0.010424 465.250885
v -1300.000000 0.010453 685.104553
v 1292.384033 177.653976 459.911987
v 1284.768066 182.405869 459.912231
v 1300.000000 182.405869 465.252045
v 1300.000000 177.653976 465.251526
v -1292.400024 177.653610 459.911987
v -1300.000000 172.901764 459.911713
v -1300.000000 172.901764 465.251007
v -1300.000000 177.653610 465.251526
v 1292.384033 177.653961 165.399292
v 1300.000000 172.902039 165.399338
v 1300.000000 172.902039 159.217682
v 1284.768066 177.653961 159.217178
v -1292.400024 177.653564 -124.932907
v -1284.799805 182.405487 -124.948685
v -1300.000000 182.405487 -131.431335
v -1300.000000 177.653564 -131.431107
v 1292.384033 177.653931 -124.917175
v 1300.000000 172.901978 -124.917145
v 1300.000000 172.901978 -131.430893
v 1300.000000 177.653931 -131.431107
v 1292.384033 177.653915 -270.372681
v 1300.000000 172.901962 -270.372620
v 1300.000000 172.901962 -277.021912
v 1284.768066 177.653915 -277.021912
v -1300.000000 516.253784 -278.896606
v -1300.000000 527.964172 -289.685669
v -1269.599731 527.964172 -309.169312
v -1269.599731 516.253784 -294.138641
v -1292.400024 177.653519 -439.085480
v -1284.799805 182.405441 -439.085327
v -1300.000000 182.405441 -445.487396
v -1300.000000 177.653519 -445.487793
v 1292.384033 177.653885 -439.085480
v 1300.000000 172.901917 -439.085571
v 1300.000000 172.901917 -445.488159
v 1300.000000 177.653885 -445.487793
v 1284.768066 182.405838 -439.085327
v 1292.384033 177.653885 -439.085480
v 1300.000000 177.653885 -445.487793
v 1300.000000 182.405838 -445.487396
v 1269.536255 182.405838 -432.683319
v 1284.768066 177.653885 -432.683136
v 1292.384033 177.653885 -439.085480
v 1284.768066 182.405838 -439.085327
v 1284.768066 177.653885 -432.683136
v 1300.000000 172.901917 -432.682983
v 1300.000000 172.901917 -439.085571
v 1292.384033 177.653885 -439.085480
v 1284.768066 182.405869 -270.372742
v 1292.384033 177.653915 -270.372681
v 1284.768066 177.653915 -277.021912
v 1269.536255 182.405869 -277.021973
v 1300.000000 182.405869 -263.723541
v 1300.000000 177.653915 -263.723450
v 1292.384033 177.653915 -270.372681
v 1284.768066 182.405869 -270.372742
v 1300.000000 177.653915 -263.723450
v 1300.000000 172.901962 -263.723358
v 1300.000000 172.901962 -270.372620
v 1292.384033 177.653915 -270.372681
v 1284.768066 182.405869 -124.917191
v 1292.384033 177.653931 -124.917175
v 1300.000000 177.653931 -131.431107
v 1300.000000 182.405869 -131.431335
v 1269.536255 182.405869 -118.403046
v 1284.768066 177.653931 -118.403214
v 1292.384033 177.653931 -124.917175
v 1284.768066 182.405869 -124.917191
v 1284.768066 177.653931 -118.403214
v 1300.000000 172.901978 -118.403412
v 1300.000000 172.901978 -124.917145
v 1292.384033 177.653931 -124.917175
v 1284.768066 182.405899 165.399231
v 1292.384033 177.653961 165.399292
v 1284.768066 177.653961 159.217178
v 1269.536255 182.405899 159.216675
v 1300.000000 182.405914 171.581802
v 1300.000000 177.653976 171.581406
v 1292.384033 177.653961 165.399292
v 1284.768066 182.405899 165.399231
v 1300.000000 177.653976 171.581406
v 1300.000000 172.902054 171.581009
v 1300.000000 172.902039 165.399338
v 1292.384033 177.653961 165.399292
v 1300.000000 172.902084 459.911713
v 1292.384033 177.653976 459.911987
v 1300.000000 177.653976 465.251526
v 1300.000000 172.902084 465.251007
v 1300.000000 172.902084 454.572418
v 1284.768066 177.653976 454.572418
v 1292.384033 177.653976 459.911987
v 1300.000000 172.902084 459.911713
v 1284.768066 177.653976 454.572418
v 1269.536255 182.405869 454.572479
v 1284.768066 182.405869 459.912231
v 1292.384033 177.653976 459.911987
v 1300.000000 177.653992 286.200928
v 1292.384033 177.653992 291.531372
v 1300.000000 172.902069 291.531464
v 1300.000000 172.902069 286.200958
v 1300.000000 182.405930 286.200897
v 1284.768066 182.405930 291.531281
v 1292.384033 177.653992 291.531372
v 1300.000000 177.653992 286.200928
v 1284.768066 182.405930 291.531281
v 1269.536255 182.405914 296.861633
v 1284.768066 177.653992 296.861847
v 1292.384033 177.653992 291.531372
v 1300.000000 953.199219 82.582115
v 1300.000000 901.347473 110.129463
v 1289.772217 901.347473 110.129463
v 1289.772217 953.199219 82.582115
v -1300.000000 851.171814 -88.405251
v -1300.000000 809.724121 -60.268543
v -1289.772217 809.724121 -60.268543
v -1289.772217 851.171814 -88.405251
v 1289.772217 809.724548 -60.268932
v 1289.772217 783.946777 24.676369
v 1289.772217 766.937561 24.676363
v 1289.772217 766.937500 7.847199
v 1289.772217 953.199219 -41.756107
v 1289.772217 996.487549 24.676388
v 1289.772217 881.670959 24.676374
v 1289.772217 900.855652 -70.287445
v -1289.772217 953.198853 82.582245
v -1289.772217 996.487244 24.676388
v -1289.772217 881.670654 24.676374
v -1289.772217 901.347290 110.129463
v -1289.772217 812.183777 106.552917
v -1289.772217 783.946472 24.676369
v -1289.772217 766.937195 24.676363
v -1289.772217 766.937317 40.182579
v -1289.772217 953.198914 -41.756214
v -1289.772217 900.855286 -70.287445
v 1289.772217 953.199219 82.582115
v 1289.772217 901.347473 110.129463
v -1289.772217 766.937195 7.847617
v -1289.772217 809.724121 -60.268543
v 1289.772217 766.937561 40.182980
v 1289.772217 812.184082 106.553291
v 1300.000000 809.724548 -60.268932
v 1300.000000 851.172241 -88.405586
v 1289.772217 851.172241 -88.405586
v 1289.772217 809.724548 -60.268932
v -1300.000000 996.487244 24.676388
v -1300.000000 953.198914 -41.756214
v -1289.772217 953.198914 -41.756214
v -1289.772217 996.487244 24.676388
v 1300.000000 900.855652 -70.287445
v 1300.000000 953.199219 -41.756107
v 1289.772217 953.199219 -41.756107
v 1289.772217 900.855652 -70.287445
v 1300.000000 766.937500 7.847199
v 1289.772217 766.937500 7.847199
v 1300.000000 901.347473 110.129463
v 1300.000000 845.761047 124.021072
v 1289.772217 845.761047 124.021072
v 1289.772217 901.347473 110.129463
v -1300.000000 766.937317 40.182579
v -1300.000000 812.183777 106.552917
v -1289.772217 812.183777 106.552917
v -1289.772217 766.937317 40.182579
v -1300.000000 953.198853 82.582245
v -1300.000000 996.487244 24.676388
v -1289.772217 996.487244 24.676388
v -1289.772217 953.198853 82.582245
v -1300.000000 766.937317 40.182579
v -1289.772217 766.937317 40.182579
v 1300.000000 812.184082 106.553291
v 1300.000000 766.937561 40.182980
v 1289.772217 766.937561 40.182980
v 1289.772217 812.184082 106.553291
v 1300.000000 845.761047 124.021072
v 1300.000000 812.184082 106.553291
v 1289.772217 812.184082 106.553291
v 1289.772217 845.761047 124.021072
v -1300.000000 845.760925 124.020889
v -1300.000000 901.347290 110.129463
v -1289.772217 901.347290 110.129463
v -1289.772217 845.760925 124.020889
v -1300.000000 901.347290 110.129463
v -1300.000000 953.198853 82.582245
v -1289.772217 953.198853 82.582245
v -1289.772217 901.347290 110.129463
v -1279.683960 622.008301 685.104492
v -1300.000000 622.008301 685.104492
v -1300.000000 622.008301 707.263184
v -1279.683960 622.008301 707.263184
v -1300.000000 580.841553 718.086914
v -1279.684082 580.841553 718.086914
v -1279.683960 622.008301 707.263184
v -1300.000000 622.008301 707.263184
v -1300.000000 622.008118 -635.751343
v -1279.684082 622.008118 -635.751343
v -1279.684082 622.008118 -657.636902
v -1300.000000 622.008118 -657.636902
v -1279.684204 361.039978 -668.733765
v -1279.684082 0.010271 -668.733704
v -1300.000000 0.010271 -668.733704
v -1300.000000 361.039978 -668.733765
v -1279.684204 0.010457 718.086975
v -1279.684204 361.040161 718.086914
v -1300.000000 361.040161 718.086914
v -1300.000000 0.010457 718.086975
v -1279.684082 580.841309 -668.733765
v -1279.684082 539.674561 -648.184937
v -1300.000000 539.674561 -648.184937
v -1300.000000 580.841309 -668.733765
v -1279.684082 539.674805 692.705200
v -1279.684082 580.841553 718.086914
v -1300.000000 580.841553 718.086914
v -1300.000000 539.674805 692.705200
v -1279.684082 622.008118 -657.636902
v -1279.684082 580.841309 -668.733765
v -1300.000000 580.841309 -668.733765
v -1300.000000 622.008118 -657.636902
v -1300.000000 393.880035 692.705200
v -1279.684082 393.880035 692.705200
v -1279.684082 539.674805 692.705200
v -1300.000000 539.674805 692.705200
v -1279.684082 393.879852 -648.184937
v -1279.684204 361.039978 -668.733765
v -1300.000000 361.039978 -668.733765
v -1300.000000 393.879852 -648.184937
v -1300.000000 361.040161 718.086914
v -1279.684204 361.040161 718.086914
v -1279.684082 393.880035 692.705200
v -1300.000000 393.880035 692.705200
v -1279.684082 539.674561 -648.184937
v -1279.684082 393.879852 -648.184937
v -1300.000000 393.879852 -648.184937
v -1300.000000 539.674561 -648.184937
v -1300.000000 1070.501953 290.369598
v -1266.882446 1070.501953 290.369598
v -1266.882446 1121.684204 289.978912
v -1300.000000 1121.684204 289.978912
v -1300.000000 1070.502319 -136.845154
v -1300.000000 1070.502319 66.377907
v 1300.000000 1070.502563 -23.165644
v -1266.882446 1070.502441 -241.016266
v -1266.882446 622.008118 -635.751343
v -1266.882446 652.578918 -635.751343
v -1266.882446 1101.073242 -241.016281
v -1266.882446 1121.684204 -239.401871
v -1266.882446 1121.160278 -196.430573
v 1275.524292 1121.160645 -196.430206
v 1275.524170 1120.998657 -239.497360
v 1300.000000 1070.502441 190.231506
v 1300.000000 1070.502319 290.369354
v 1300.000000 997.194153 354.890442
v 1300.000000 903.397644 190.886627
v -1300.000000 1070.502319 66.377907
v -1300.000000 953.198853 82.582245
v -1300.000000 1070.502441 -241.016266
v -1300.000000 997.194031 -305.537476
v 1300.000000 1070.502563 -23.165644
v 1300.000000 953.199219 -41.756107
v -1266.882446 1121.684204 -239.401871
v 1275.524170 1120.998657 -239.497360
v 1275.524292 1070.502686 -241.015991
v -1266.882446 1070.502441 -241.016266
v -1266.882446 1372.380005 24.676434
v -1266.882446 1121.160034 245.783737
v 1275.524292 1121.160400 245.783401
v 1275.524292 1372.380005 24.676434
v -1300.000000 1121.160034 245.783737
v -1300.000000 1121.684204 289.978912
v -1300.000000 1152.255005 289.978912
v -1300.000000 1151.730835 245.783737
v -221.107010 1121.160522 1392.877197
v -264.079590 1121.675537 1392.877197
v -264.079590 1152.246338 1392.877197
v -221.107010 1151.731323 1392.877197
v -1300.000000 1121.684204 -239.401871
v -1266.882446 1121.684204 -239.401871
v -1266.882446 1070.502441 -241.016266
v -1300.000000 1070.502441 -241.016266
v -1300.000000 182.405457 171.581787
v -1300.000000 182.405472 286.200897
v -1300.000000 475.169220 286.200867
v -1300.000000 549.546570 171.581741
v -660.427856 622.008362 1392.877197
v -660.427856 622.008362 1402.347168
v -660.427856 652.579163 1402.347168
v -660.427856 652.579163 1392.877197
v -660.427856 622.008118 -638.233154
v -265.692413 1070.502563 -638.233459
v -265.692413 1101.073364 -638.233459
v -660.427856 652.578918 -638.233154
v -66.432693 953.199097 1416.961182
v -94.963928 900.855469 1416.961182
v -94.963928 900.855469 1409.604004
v -66.432693 953.199097 1409.604004
v 166.210098 903.397827 1416.961182
v 330.213928 997.194275 1416.961182
v 265.693085 1070.502197 1416.961182
v 165.554993 1070.502441 1416.961182
v -264.174438 1120.993652 -638.233215
v -221.106628 1121.160522 -638.233459
v -221.106628 1151.731323 -638.233521
v -264.174438 1151.564453 -638.233276
v -457.359497 172.901840 1416.961304
v -457.359680 177.653763 1406.027222
v -463.761993 177.653763 1411.494263
v -463.762085 172.901840 1416.961304
v -1300.000000 1070.502441 -241.016266
v -1266.882446 1070.502441 -241.016266
v -1266.882446 1101.073242 -241.016281
v -1300.000000 1101.073242 -241.016281
v -264.079590 1121.675537 1392.877197
v -221.107010 1121.160522 1392.877197
v -221.106628 1121.160522 -638.233459
v -264.174438 1120.993652 -638.233215
v -66.432693 953.199097 1416.961182
v -0.000109 996.487427 1416.961182
v -0.000089 1070.502563 1416.961182
v -47.842220 1070.502563 1416.961182
v 660.427856 622.008362 1392.877686
v 265.693085 1070.502197 1392.877563
v 265.693085 1101.072998 1392.877563
v 660.427856 652.579163 1392.877686
v 397.624359 539.674866 1416.961182
v 351.049835 574.927612 1416.961182
v 351.049835 563.217163 1395.093018
v 395.051910 527.964417 1395.093018
v -288.399994 177.653763 1416.961304
v -288.400116 182.405685 1416.961304
v -295.049316 182.405685 1406.027222
v -295.049255 177.653763 1411.494263
v 81.876389 812.183960 1416.961182
v 99.344368 845.761108 1416.961182
v 99.344368 845.761108 1409.604004
v 81.876389 812.183960 1409.604004
v -1279.683960 622.008301 685.104492
v -1266.882324 622.008301 685.104492
v -1266.882324 652.579102 685.104492
v -1279.683960 652.579102 685.104492
v 261.524292 177.653732 1416.961304
v 261.524323 172.901871 1416.961304
v 266.854828 172.901871 1416.961304
v 266.854736 177.653732 1411.494263
v 261.524261 182.405609 1416.961304
v 261.524292 177.653732 1416.961304
v 266.854736 177.653732 1411.494263
v 266.854645 182.405609 1406.027222
v 221.107193 1121.160278 1392.877563
v 265.298431 1121.675415 1392.877563
v 264.999115 1120.993652 -638.233337
v 221.106934 1121.160278 -638.233704
v -16.828905 766.937378 1416.961182
v -0.000164 766.937378 1416.961182
v -0.000164 766.937378 1409.604004
v -16.828905 766.937378 1409.604004
v 266.854736 177.653732 1411.494263
v 266.854828 172.901871 1416.961304
v 272.185364 172.901871 1416.961304
v 272.185181 177.653732 1406.027222
v -214.760040 182.405685 1416.961304
v -214.759583 172.901840 1416.961304
v -214.759583 172.901855 1499.189453
v -214.760040 182.405701 1499.189453
v -332.644104 539.674805 1416.961182
v -379.281982 572.731384 1416.961182
v -379.281982 561.020996 1395.093018
v -333.845795 527.964417 1395.093018
v 422.927002 495.711670 1395.093018
v 435.792908 495.711670 1416.961182
v 424.861420 516.254028 1416.961182
v 409.399353 516.254028 1395.093018
v 272.185181 177.653732 1406.027222
v 272.185028 182.405609 1395.093140
v 266.854645 182.405609 1406.027222
v 266.854736 177.653732 1411.494263
v 424.861420 516.254028 1416.961182
v 414.749847 527.964417 1416.961182
v 395.051910 527.964417 1395.093018
v 409.399353 516.254028 1395.093018
v -306.480896 495.711731 1395.093018
v -291.816162 495.711670 1416.961182
v -303.573120 516.254028 1416.961182
v -318.815186 516.254028 1395.093018
v -457.359680 177.653763 1406.027222
v -457.359833 182.405685 1395.093140
v -463.761841 182.405685 1406.027222
v -463.761993 177.653763 1411.494263
v -466.407776 495.711731 1416.961182
v -453.943695 495.711731 1395.093018
v -441.304199 516.254028 1395.093018
v -455.732635 516.254028 1416.961182
v -441.304199 516.254028 1395.093018
v -425.931946 527.964417 1395.093018
v -441.696655 527.964417 1416.961182
v -455.732635 516.254028 1416.961182
v -457.359741 475.169434 1395.093018
v -453.943695 495.711731 1395.093018
v -466.407776 495.711731 1416.961182
v -470.163910 475.169434 1416.961182
v -426.796295 539.674805 1416.961182
v -425.931946 527.964417 1395.093018
v -379.281982 561.020996 1395.093018
v -379.281982 572.731384 1416.961182
v 272.185028 475.169373 1395.093018
v 278.333801 495.711670 1395.093018
v 266.071136 495.711670 1416.961182
v 261.524261 475.169373 1416.961182
v 291.861237 516.254028 1395.093018
v 305.798828 527.964417 1395.093018
v 286.630798 527.964417 1416.961182
v 277.141693 516.254028 1416.961182
v 266.071136 495.711670 1416.961182
v 278.333801 495.711670 1395.093018
v 291.861237 516.254028 1395.093018
v 277.141693 516.254028 1416.961182
v 429.895782 177.653732 1406.027222
v 435.235352 177.653732 1411.494263
v 435.235596 182.405594 1406.027222
v 429.895844 182.405594 1395.093140
v 301.008728 539.674866 1416.961182
v 305.798828 527.964417 1395.093018
v 351.049835 563.217163 1395.093018
v 351.049835 574.927612 1416.961182
v -288.400116 475.169373 1416.961182
v -291.816162 495.711670 1416.961182
v -306.480896 495.711731 1395.093018
v -301.698456 475.169373 1395.093018
v -295.049316 182.405685 1406.027222
v -301.698486 182.405685 1395.093140
v -301.698456 177.653763 1406.027222
v -295.049255 177.653763 1411.494263
v -94.963928 900.855469 1416.961182
v -113.081757 851.171997 1416.961182
v -113.081757 851.171997 1409.604004
v -94.963928 900.855469 1409.604004
v 440.575409 475.169373 1416.961182
v 435.792908 495.711670 1416.961182
v 422.927002 495.711670 1395.093018
v 429.895782 475.169373 1395.093018
v 429.895782 177.653732 1406.027222
v 429.895721 172.901886 1416.961304
v 435.235016 172.901886 1416.961304
v 435.235352 177.653732 1411.494263
v -113.081757 851.171997 1416.961182
v -94.963928 900.855469 1416.961182
v -156.107956 897.939026 1416.961182
v 85.452950 901.347473 1416.961182
v 99.344368 845.761108 1416.961182
v 57.905746 953.199036 1416.961182
v -84.945045 809.724304 1416.961182
v -16.828905 766.937378 1416.961182
v -16.828905 766.937378 1409.604004
v -84.945045 809.724304 1409.604004
v -463.762085 172.901840 1416.961304
v -463.761993 177.653763 1411.494263
v -470.164307 177.653763 1416.961304
v -470.164673 172.901840 1416.961304
v -288.399902 172.901840 1416.961304
v -288.399994 177.653763 1416.961304
v -295.049255 177.653763 1411.494263
v -295.049194 172.901840 1416.961304
v -295.049194 172.901840 1416.961304
v -295.049255 177.653763 1411.494263
v -301.698456 177.653763 1406.027222
v -301.698456 172.901840 1416.961304
v 435.235596 182.405594 1406.027222
v 435.235352 177.653732 1411.494263
v 440.574890 177.653732 1416.961304
v 440.575409 182.405594 1416.961304
v 265.692902 1070.502197 -660.899231
v 265.692902 1101.072876 -660.899231
v 660.427856 652.578918 -660.899170
v 660.427856 622.008118 -660.899170
v 435.235352 177.653732 1411.494263
v 435.235016 172.901886 1416.961304
v 440.574371 172.901886 1416.961304
v 440.574890 177.653732 1416.961304
v 212.187500 182.405609 1416.961304
v 261.524261 182.405609 1416.961304
v 261.524261 475.169373 1416.961182
v 212.187500 416.375305 1416.961304
v 0.919880 634.732910 1477.808350
v 212.187500 416.375336 1477.808472
v 212.187500 416.375305 1397.015381
v 0.919880 634.732910 1397.015259
v -303.573120 516.254028 1416.961182
v -314.362183 527.964417 1416.961182
v -333.845795 527.964417 1395.093018
v -318.815186 516.254028 1395.093018
v -463.761993 177.653763 1411.494263
v -463.761841 182.405685 1406.027222
v -470.163910 182.405685 1416.961304
v -470.164307 177.653763 1416.961304
v -113.081757 851.171997 1416.961182
v -84.945045 809.724304 1416.961182
v -84.945045 809.724304 1409.604004
v -113.081757 851.171997 1409.604004
v 57.905746 953.199036 1409.604004
v -0.000109 996.487427 1409.604004
v -0.000136 881.670837 1409.604004
v 85.452950 901.347473 1409.604004
v 81.876389 812.183960 1409.604004
v -0.000156 783.946655 1409.604004
v -0.000164 766.937378 1409.604004
v 15.506050 766.937500 1409.604004
v -66.432693 953.199097 1409.604004
v -94.963928 900.855469 1409.604004
v -16.828905 766.937378 1409.604004
v -84.945045 809.724304 1409.604004
v -0.000109 996.487427 1416.961182
v -66.432693 953.199097 1416.961182
v -66.432693 953.199097 1409.604004
v -0.000109 996.487427 1409.604004
v 15.506050 766.937500 1416.961182
v 81.876389 812.183960 1416.961182
v 81.876389 812.183960 1409.604004
v 15.506050 766.937500 1409.604004
v 57.905746 953.199036 1416.961182
v -0.000109 996.487427 1416.961182
v -0.000109 996.487427 1409.604004
v 57.905746 953.199036 1409.604004
v 15.506050 766.937500 1416.961182
v 15.506050 766.937500 1409.604004
v 99.344368 845.761108 1416.961182
v 85.452950 901.347473 1416.961182
v 85.452950 901.347473 1409.604004
v 99.344368 845.761108 1409.604004
v 85.452950 901.347473 1416.961182
v 57.905746 953.199036 1416.961182
v 57.905746 953.199036 1409.604004
v 85.452950 901.347473 1409.604004
v 660.427856 622.008362 1402.347168
v 660.427856 622.008362 1416.961182
v 682.586548 622.008362 1416.961182
v 682.586548 622.008362 1402.347168
v 693.410278 580.841614 1416.961182
v 693.410278 580.841614 1402.347168
v 682.586548 622.008362 1402.347168
v 682.586548 622.008362 1416.961182
v -660.427856 622.008362 1416.961182
v -660.427856 622.008362 1402.347168
v -682.313416 622.008362 1402.347168
v -682.313416 622.008362 1416.961182
v -693.410278 361.040253 1402.347290
v -693.410278 0.010549 1402.347290
v -693.410278 0.010551 1416.961304
v -693.410278 361.040253 1416.961304
v 693.410278 0.010549 1402.347290
v 693.410278 361.040253 1402.347290
v 693.410278 361.040253 1416.961304
v 693.410278 0.010551 1416.961304
v -693.410278 580.841553 1402.347168
v -672.861450 539.674805 1402.347168
v -672.861450 539.674805 1416.961182
v -693.410278 580.841553 1416.961182
v 668.028564 539.674866 1402.347168
v 693.410278 580.841614 1402.347168
v 693.410278 580.841614 1416.961182
v 668.028564 539.674866 1416.961182
v -682.313416 622.008362 1402.347168
v -693.410278 580.841553 1402.347168
v -693.410278 580.841553 1416.961182
v -682.313416 622.008362 1416.961182
v 668.028564 393.880127 1416.961304
v 668.028564 393.880127 1402.347290
v 668.028564 539.674866 1402.347168
v 668.028564 539.674866 1416.961182
v -672.861450 393.880127 1402.347290
v -693.410278 361.040253 1402.347290
v -693.410278 361.040253 1416.961304
v -672.861450 393.880127 1416.961304
v 693.410278 361.040253 1416.961304
v 693.410278 361.040253 1402.347290
v 668.028564 393.880127 1402.347290
v 668.028564 393.880127 1416.961304
v -672.861450 539.674805 1402.347168
v -672.861450 393.880127 1402.347290
v -672.861450 393.880127 1416.961304
v -672.861450 539.674805 1416.961182
v -265.692719 1070.502686 1416.961182
v -265.692719 1070.502686 1392.877197
v -265.692719 1101.073486 1392.877197
v -265.692719 1101.073486 1416.961182
v -161.521622 1070.502563 1416.961182
v 41.701420 1070.502563 1416.961182
v 265.693085 1070.502197 1416.961182
v 265.693085 1070.502197 1392.877563
v 265.298431 1121.675415 1392.877563
v 265.302399 1121.684448 1416.961182
v 265.298431 1121.675415 1392.877563
v 265.693085 1070.502197 1392.877563
v 265.692902 1070.502197 -638.233704
v 264.999115 1120.993652 -638.233337
v 221.106934 1121.160278 -638.233704
v 264.999115 1120.993652 -638.233337
v 264.999115 1151.564453 -638.233398
v 221.106934 1151.731079 -638.233765
v 41.701420 1070.502563 1416.961182
v 57.905746 953.199036 1416.961182
v -265.692719 1070.502686 1416.961182
v -330.213928 997.194275 1416.961182
v -265.692719 1070.502686 1392.877197
v -264.079590 1121.675537 1392.877197
v -264.174438 1120.993652 -638.233215
v -265.692413 1070.502563 -638.233459
v -264.078339 1121.684448 1416.961182
v -264.079590 1121.675537 1392.877197
v -265.692719 1070.502686 1392.877197
v -265.692719 1070.502686 1416.961182
v -288.400116 182.405685 1416.961304
v -214.760040 182.405685 1416.961304
v -214.760040 416.375305 1416.961304
v -288.400116 475.169373 1416.961182
v 1300.000000 1372.380005 24.676434
v 1300.000000 1121.160645 -196.430206
v 1300.000000 1151.731445 -196.430206
v 1300.000000 1402.950806 24.676430
v 1275.524292 622.008301 685.104492
v 1300.000000 622.008301 685.104492
v 1300.000000 652.579102 685.104492
v 1275.524292 652.579102 685.104492
v 660.427856 622.008362 1392.877686
v 660.427856 652.579163 1392.877686
v 1275.524292 1070.502686 -241.015991
v 1275.524170 1120.998657 -239.497360
v 1300.000000 1120.985474 -239.499161
v 1300.000000 1070.502686 -241.015991
v 1275.524292 1372.380005 24.676434
v 1275.524292 1121.160645 -196.430206
v -1266.882446 1121.160278 -196.430573
v -1266.882446 1372.380005 24.676434
v 1275.524292 1120.998657 289.677765
v 1275.524292 1070.502319 290.369354
v 1300.000000 1070.502319 290.369354
v 1300.000000 1120.985474 289.671997
v 1275.524292 1101.073486 -241.016006
v 1300.000000 1101.073486 -241.016006
v 1300.000000 652.578918 -635.751343
v 1275.524292 652.578918 -635.751343
v 1300.000000 1121.160400 245.783401
v 1300.000000 1372.380005 24.676434
v 1300.000000 1402.950806 24.676430
v 1300.000000 1151.731201 245.783401
v 1300.000000 1120.985474 -239.499161
v 1275.524170 1120.998657 -239.497360
v 1275.524170 1151.569458 -239.497360
v 1300.000000 1151.556274 -239.499161
v -1266.882446 1070.501953 290.369598
v -1266.882446 1101.072754 290.369598
v -1266.882324 652.579102 685.104492
v -1266.882324 622.008301 685.104492
v -265.692413 1070.502563 -638.233459
v -264.174438 1120.993652 -638.233215
v -264.175568 1120.985352 -660.899231
v -265.692413 1070.502563 -660.899231
v -1266.882446 1121.160278 -196.430573
v -1266.882446 1121.684204 -239.401871
v -1266.882446 1152.255127 -239.401871
v -1266.882446 1151.731079 -196.430573
v -221.107010 1121.160522 1416.961182
v -0.000011 1372.380249 1416.961060
v -0.000011 1402.951050 1416.961060
v -221.107010 1151.731323 1416.961182
v 0.000011 1372.379883 -638.233398
v -221.106628 1121.160522 -638.233459
v -221.107010 1121.160522 1392.877197
v -0.000011 1372.380249 1392.877441
v 264.999115 1120.993652 -638.233337
v 265.692902 1070.502197 -638.233704
v 265.692902 1070.502197 -660.899231
v 264.995514 1120.985352 -660.899231
v 1300.000000 1402.950806 24.676430
v 1300.000000 1151.731445 -196.430206
v 1275.524292 1151.731445 -196.430206
v 1275.524292 1402.950806 24.676430
v 1275.524292 1070.502319 290.369354
v 1275.524292 622.008301 685.104492
v 1275.524292 652.579102 685.104492
v 1275.524292 1101.072998 290.369354
v 1300.000000 1101.072998 290.369354
v 1275.524292 1101.072998 290.369354
v 1275.524292 652.579102 685.104492
v 1300.000000 652.579102 685.104492
v -1300.000000 1151.731079 -196.430573
v -1266.882446 1151.731079 -196.430573
v -1266.882446 1152.255127 -239.401871
v -1300.000000 1152.255127 -239.401871
v -1300.000000 1152.255005 289.978912
v -1266.882446 1152.255005 289.978912
v -1266.882446 1151.730835 245.783737
v -1300.000000 1151.730835 245.783737
v 265.692902 1070.502197 -638.233704
v 660.427856 622.008118 -638.233398
v 660.427856 652.578918 -638.233398
v 265.692902 1101.072876 -638.233704
v 265.302399 1152.255249 1416.961182
v 265.298431 1152.246216 1392.877563
v 221.107193 1151.731079 1392.877563
v 221.107193 1151.731079 1416.961182
v 265.692902 1101.072876 -638.233704
v 660.427856 652.578918 -638.233398
v 660.427856 652.578918 -660.899170
v 265.692902 1101.072876 -660.899231
v -221.106628 1151.731323 -660.899292
v -221.106628 1151.731323 -638.233521
v 0.000011 1402.950684 -638.233398
v 0.000011 1402.950684 -660.899292
v -221.107010 1151.731323 1416.961182
v -221.107010 1151.731323 1392.877197
v -264.079590 1152.246338 1392.877197
v -264.078339 1152.255371 1416.961182
v -0.000011 1402.951050 1392.877441
v -221.107010 1151.731323 1392.877197
v -221.107010 1151.731323 1416.961182
v -0.000011 1402.951050 1416.961060
v 221.107193 1151.731079 1416.961182
v 221.107193 1151.731079 1392.877563
v -0.000011 1402.951050 1392.877441
v -0.000011 1402.951050 1416.961060
v -1300.000000 1151.730835 245.783737
v -1266.882446 1151.730835 245.783737
v -1266.882446 1402.950806 24.676430
v -1300.000000 1402.950806 24.676430
v -1266.882446 1402.950806 24.676430
v -1266.882446 1151.731079 -196.430573
v -1300.000000 1151.731079 -196.430573
v -1300.000000 1402.950806 24.676430
v 1275.524170 1151.569458 -239.497360
v 1275.524292 1151.731445 -196.430206
v 1300.000000 1151.731445 -196.430206
v 1300.000000 1151.556274 -239.499161
v 1275.524292 1402.950806 24.676430
v 1275.524292 1151.731201 245.783401
v 1300.000000 1151.731201 245.783401
v 1300.000000 1402.950806 24.676430
v 1275.524292 1151.731201 245.783401
v 1275.524292 1151.569458 289.677765
v 1300.000000 1151.556274 289.671997
v 1300.000000 1151.731201 245.783401
v 221.106934 1151.731079 -638.233765
v 264.999115 1151.564453 -638.233398
v 264.995514 1151.556152 -660.899292
v 221.106934 1151.731079 -660.899292
v -264.174438 1151.564453 -638.233276
v -221.106628 1151.731323 -638.233521
v -221.106628 1151.731323 -660.899292
v -264.175568 1151.556152 -660.899292
v 0.000011 1402.950684 -638.233398
v 221.106934 1151.731079 -638.233765
v 221.106934 1151.731079 -660.899292
v 0.000011 1402.950684 -660.899292
v -0.000011 1372.380249 1416.961060
v 221.107193 1121.160278 1416.961182
v 221.107193 1151.731079 1416.961182
v -0.000011 1402.951050 1416.961060
v -660.427856 622.008118 -660.899170
v -660.427856 622.008118 -638.233154
v -660.427856 652.578918 -638.233154
v -660.427856 652.578918 -660.899170
v -1300.000000 622.008301 685.104492
v -1279.683960 622.008301 685.104492
v -1279.683960 652.579102 685.104492
v -1300.000000 652.579102 685.104492
v -1266.882446 622.008118 -635.751343
v -1279.684082 622.008118 -635.751343
v -1279.684082 652.578918 -635.751343
v -1266.882446 652.578918 -635.751343
v -264.079590 1121.675537 1392.877197
v -264.078339 1121.684448 1416.961182
v -264.078339 1152.255371 1416.961182
v -264.079590 1152.246338 1392.877197
v 1300.000000 622.008118 -635.751343
v 1275.524292 622.008118 -635.751343
v 1275.524292 652.578918 -635.751343
v 1300.000000 652.578918 -635.751343
v -1266.882446 1070.501953 290.369598
v -1300.000000 1070.501953 290.369598
v -1300.000000 1101.072754 290.369598
v -1266.882446 1101.072754 290.369598
v 1275.524292 622.008118 -635.751343
v 1275.524292 1070.502686 -241.015991
v 1275.524292 1101.073486 -241.016006
v 1275.524292 652.578918 -635.751343
v -1266.882446 1121.684204 289.978912
v -1266.882446 1121.160034 245.783737
v -1266.882446 1151.730835 245.783737
v -1266.882446 1152.255005 289.978912
v -265.692413 1070.502563 -638.233459
v -265.692413 1070.502563 -660.899231
v -265.692413 1101.073364 -660.899231
v -265.692413 1101.073364 -638.233459
v -1300.000000 1121.684204 289.978912
v -1266.882446 1121.684204 289.978912
v -1266.882446 1152.255005 289.978912
v -1300.000000 1152.255005 289.978912
v 1275.524170 1120.998657 -239.497360
v 1275.524292 1121.160645 -196.430206
v 1275.524292 1151.731445 -196.430206
v 1275.524170 1151.569458 -239.497360
v 264.995514 1120.985352 -660.899231
v 221.106934 1121.160278 -660.899231
v 221.106934 1151.731079 -660.899292
v 264.995514 1151.556152 -660.899292
v 265.692902 1070.502197 -660.899231
v 265.692902 1070.502197 -638.233704
v 265.692902 1101.072876 -638.233704
v 265.692902 1101.072876 -660.899231
v -221.106628 1121.160522 -638.233459
v 0.000011 1372.379883 -638.233398
v 0.000011 1402.950684 -638.233398
v -221.106628 1151.731323 -638.233521
v -265.692719 1070.502686 1392.877197
v -660.427856 622.008362 1392.877197
v -660.427856 652.579163 1392.877197
v -265.692719 1101.073486 1392.877197
v 265.693085 1070.502197 1392.877563
v 265.693085 1070.502197 1416.961182
v 265.693085 1101.072998 1416.961182
v 265.693085 1101.072998 1392.877563
v 1275.524292 1121.160645 -196.430206
v 1275.524292 1372.380005 24.676434
v 1275.524292 1402.950806 24.676430
v 1275.524292 1151.731445 -196.430206
v 1275.524292 1070.502686 -241.015991
v 1300.000000 1070.502686 -241.015991
v 1300.000000 1101.073486 -241.016006
v 1275.524292 1101.073486 -241.016006
v 1275.524292 1372.380005 24.676434
v 1275.524292 1121.160400 245.783401
v 1275.524292 1151.731201 245.783401
v 1275.524292 1402.950806 24.676430
v -264.078339 1121.684448 1416.961182
v -221.107010 1121.160522 1416.961182
v -221.107010 1151.731323 1416.961182
v -264.078339 1152.255371 1416.961182
v 221.107193 1121.160278 1392.877563
v -0.000011 1372.380249 1392.877441
v -0.000011 1402.951050 1392.877441
v 221.107193 1151.731079 1392.877563
v -1266.882446 1121.684204 -239.401871
v -1300.000000 1121.684204 -239.401871
v -1300.000000 1152.255127 -239.401871
v -1266.882446 1152.255127 -239.401871
v -221.106628 1121.160522 -660.899231
v -264.175568 1120.985352 -660.899231
v -264.175568 1151.556152 -660.899292
v -221.106628 1151.731323 -660.899292
v 1300.000000 1070.502319 290.369354
v 1275.524292 1070.502319 290.369354
v 1275.524292 1101.072998 290.369354
v 1300.000000 1101.072998 290.369354
v 1275.524292 1121.160400 245.783401
v 1275.524292 1120.998657 289.677765
v 1275.524292 1151.569458 289.677765
v 1275.524292 1151.731201 245.783401
v 265.302399 1121.684448 1416.961182
v 265.298431 1121.675415 1392.877563
v 265.298431 1152.246216 1392.877563
v 265.302399 1152.255249 1416.961182
v 265.298431 1121.675415 1392.877563
v 221.107193 1121.160278 1392.877563
v 221.107193 1151.731079 1392.877563
v 265.298431 1152.246216 1392.877563
v -1300.000000 1372.380005 24.676434
v -1300.000000 1121.160034 245.783737
v -1300.000000 1151.730835 245.783737
v -1300.000000 1402.950806 24.676430
v 1300.000000 1120.985474 289.671997
v 1300.000000 1121.160400 245.783401
v 1300.000000 1151.731201 245.783401
v 1300.000000 1151.556274 289.671997
v 221.106934 1121.160278 -660.899231
v 0.000011 1372.379883 -660.899292
v 0.000011 1402.950684 -660.899292
v 221.106934 1151.731079 -660.899292
v -0.000011 1372.380249 1392.877441
v -221.107010 1121.160522 1392.877197
v -221.107010 1151.731323 1392.877197
v -0.000011 1402.951050 1392.877441
v -264.175568 1120.985352 -660.899231
v -264.174438 1120.993652 -638.233215
v -264.174438 1151.564453 -638.233276
v -264.175568 1151.556152 -660.899292
v -660.427856 622.008362 1416.961182
v -660.427856 652.579163 1416.961182
v 264.999115 1120.993652 -638.233337
v 264.995514 1120.985352 -660.899231
v 264.995514 1151.556152 -660.899292
v 264.999115 1151.564453 -638.233398
v -1266.882446 1372.380005 24.676434
v -1266.882446 1121.160278 -196.430573
v -1266.882446 1151.731079 -196.430573
v -1266.882446 1402.950806 24.676430
v -1266.882446 1121.160034 245.783737
v -1266.882446 1372.380005 24.676434
v -1266.882446 1402.950806 24.676430
v -1266.882446 1151.730835 245.783737
v -1300.000000 1121.684204 -239.401871
v -1300.000000 1121.160278 -196.430573
v -1300.000000 1151.731079 -196.430573
v -1300.000000 1152.255127 -239.401871
v 660.427856 622.008118 -638.233398
v 660.427856 622.008118 -660.899170
v 660.427856 652.578918 -660.899170
v 660.427856 652.578918 -638.233398
v -265.692413 1101.073364 -638.233459
v -265.692413 1101.073364 -660.899231
v -660.427856 652.578918 -660.899170
v -660.427856 652.578918 -638.233154
v -1300.000000 622.008118 -635.751343
v -1300.000000 652.578918 -635.751343
v 1300.000000 1121.160645 -196.430206
v 1300.000000 1120.985474 -239.499161
v 1300.000000 1151.556274 -239.499161
v 1300.000000 1151.731445 -196.430206
v 221.107193 1121.160278 1416.961182
v 265.302399 1121.684448 1416.961182
v 265.302399 1152.255249 1416.961182
v 221.107193 1151.731079 1416.961182
v 212.186768 0.010551 1416.961304
v 212.186768 172.901871 1416.961304
v 212.186768 172.901886 1499.189453
v 212.186768 0.010562 1499.189453
v 0.919880 634.732910 1416.961182
v 49.653820 581.841309 1416.961182
v 57.544102 609.257446 1416.961182
v -0.000169 694.739258 1416.961182
v -50.181110 581.468811 1416.961182
v 0.919880 634.732910 1416.961182
v -0.000169 694.739258 1416.961182
v -60.788185 609.257446 1416.961182
v -83.895668 458.792023 1499.189331
v -30.614639 500.519012 1499.189331
v -50.181110 581.468811 1499.189331
v -147.564621 483.570770 1499.189331
v 107.638184 398.547882 1499.189453
v 122.148499 307.927490 1499.189453
v 212.187500 416.375336 1499.189453
v 186.369354 442.193451 1499.189453
v -120.950951 398.542267 1499.189453
v -186.339752 444.795563 1499.189453
v 71.811646 458.814911 1499.189331
v 147.322174 481.240692 1499.189331
v 13.885305 500.506927 1499.189331
v 49.653820 581.841309 1499.189331
v -9.803837 507.143158 1499.189331
v 0.919880 634.732910 1499.189331
v -131.351257 307.926819 1499.189453
v -214.760040 416.375336 1499.189453
v -214.759583 0.010551 1416.961304
v -214.759583 0.010562 1499.189453
v 212.186768 172.901871 1416.961304
v 212.187500 182.405609 1416.961304
v 212.187500 182.405624 1499.189453
v 212.186768 172.901886 1499.189453
v -108.650742 307.911377 1489.167603
v -98.261894 398.477081 1489.167603
v -120.950951 398.542267 1499.189453
v -131.351257 307.926819 1499.189453
v -98.261894 398.477081 1489.167603
v -61.250431 458.667694 1489.167480
v -83.895668 458.792023 1499.189331
v -120.950951 398.542267 1499.189453
v 49.150379 458.711395 1489.167480
v 84.947670 398.487823 1489.167603
v 107.638184 398.547882 1499.189453
v 71.811646 458.814911 1499.189331
v 84.947670 398.487823 1489.167603
v 99.447983 307.912628 1489.167603
v 122.148499 307.927490 1499.189453
v 107.638184 398.547882 1499.189453
v -61.250431 458.667694 1489.167480
v -8.381951 493.033783 1489.167480
v -30.614639 500.519012 1499.189331
v -83.895668 458.792023 1499.189331
v -8.381951 493.033783 1489.167480
v 49.150379 458.711395 1489.167480
v 71.811646 458.814911 1499.189331
v 13.885305 500.506927 1499.189331
v 99.447983 307.912628 1489.167603
v 99.447983 56.963634 1489.288330
v 122.148491 56.963642 1499.189453
v 122.148499 307.927490 1499.189453
v 99.447983 307.912628 1489.167603
v 95.250504 307.912598 1488.644531
v 95.250504 56.963634 1488.644531
v 99.447983 56.963634 1489.288330
v 95.250504 56.963634 1488.644531
v 95.250504 307.912598 1488.644531
v 95.250504 307.912598 1480.601318
v 95.250504 56.963634 1480.601318
v -104.795517 56.963634 1488.644531
v -104.795433 307.911377 1488.644531
v -108.650742 307.911377 1489.167603
v -108.650543 56.963634 1489.288330
v -131.351074 56.963642 1499.189453
v -108.650543 56.963634 1489.288330
v -108.650742 307.911377 1489.167603
v -131.351257 307.926819 1499.189453
v 95.250504 56.963634 1480.601318
v 95.250504 307.912598 1480.601318
v -104.795433 307.911377 1480.601318
v -104.795517 56.963634 1480.601318
v -104.795433 307.911377 1488.644531
v -104.795517 56.963634 1488.644531
v -104.795517 56.963634 1480.601318
v -104.795433 307.911377 1480.601318
v 95.250504 307.912598 1488.644531
v -104.795433 307.911377 1488.644531
v -104.795433 307.911377 1480.601318
v 95.250504 307.912598 1480.601318
v -98.261894 398.477081 1489.167603
v 84.947670 398.487823 1489.167603
v 0.919880 634.732910 1477.808350
v -214.760040 441.643829 1477.808228
v 0.919880 660.001465 1477.808350
v 212.187500 441.643829 1499.189453
v 217.003708 441.643829 1499.189453
v 0.919880 660.001465 1477.808350
v -214.760040 441.643829 1477.808228
v -214.760040 441.643829 1499.189453
v 0.919880 660.001465 1499.189331
v 212.187500 441.643829 1477.808472
v 0.919880 660.001465 1477.808350
v 0.919880 660.001465 1499.189331
v 212.187500 441.643829 1499.189453
v 217.003708 416.375336 1477.808472
v 217.003708 416.375336 1499.189453
v 212.187500 389.517487 1499.189453
v 212.187500 389.517487 1477.808472
v 212.187500 416.375336 1477.808472
v 0.919880 634.732910 1477.808350
v 0.919880 660.001465 1477.808350
v 212.187500 441.643829 1477.808472
v -221.185715 416.375336 1477.808228
v -221.185715 416.375336 1499.189453
v -221.185715 441.643829 1499.189453
v -221.185715 441.643829 1477.808228
v -214.760040 441.643829 1499.189453
v -221.185715 441.643829 1499.189453
v -214.760040 441.643829 1499.189453
v -214.760040 441.643829 1477.808228
v -221.185715 441.643829 1477.808228
v -221.185715 441.643829 1499.189453
v -221.185715 441.643829 1477.808228
v 217.003708 416.375336 1499.189453
v 217.003708 416.375336 1477.808472
v 217.003708 441.643829 1477.808472
v 217.003708 441.643829 1499.189453
v 212.187500 441.643829 1477.808472
v 212.187500 441.643829 1499.189453
v 217.003708 441.643829 1499.189453
v 217.003708 441.643829 1477.808472
v -214.760040 416.375336 1477.808228
v -214.760040 416.375336 1499.189453
v -214.760040 389.517487 1499.189453
v -214.760040 389.517487 1477.808228
v 212.187500 441.643829 1477.808472
v 217.003708 441.643829 1477.808472
v -221.185715 416.375336 1499.189453
v -221.185715 416.375336 1477.808228
v -214.760040 389.517487 1477.808228
v -214.760040 389.517487 1499.189453
v 212.187500 416.375336 1499.189453
v 212.187500 416.375336 1477.808472
v 212.187500 389.517487 1477.808472
v 212.187500 389.517487 1499.189453
v -214.760040 416.375336 1477.808228
v 0.919880 634.732910 1477.808350
v 0.919880 634.732910 1397.015259
v -214.760040 416.375305 1397.015137
v 122.148491 42.725388 1608.910034
v 122.148491 56.963657 1608.910034
v -131.351074 56.963657 1608.910034
v -131.351059 42.725388 1608.910034
v 122.148491 42.725372 1499.189453
v 122.148491 42.725388 1608.910034
v 143.372650 42.725388 1608.910034
v 143.372650 42.725372 1499.189453
v -152.575226 28.487120 1608.910034
v -152.575226 28.487106 1499.189453
v -180.202393 28.487106 1499.189453
v -180.202393 28.487120 1608.910034
v 170.999817 28.487106 1499.189453
v 170.999817 28.487120 1608.910034
v 170.999817 14.248845 1608.910034
v 170.999817 14.248830 1499.189453
v -180.202393 14.248830 1499.189453
v -180.202393 14.248845 1608.910034
v -180.202393 28.487120 1608.910034
v -180.202393 28.487106 1499.189453
v -131.351059 42.725372 1499.189453
v -131.351059 42.725388 1608.910034
v -131.351074 56.963657 1608.910034
v -131.351074 56.963642 1499.189453
v -152.575226 28.487106 1499.189453
v -152.575226 28.487120 1608.910034
v -152.575241 42.725388 1608.910034
v -152.575241 42.725372 1499.189453
v -131.351059 42.725388 1608.910034
v -131.351059 42.725372 1499.189453
v -152.575241 42.725372 1499.189453
v -152.575241 42.725388 1608.910034
v 143.372650 42.725388 1608.910034
v 143.372650 28.487120 1608.910034
v 143.372650 28.487106 1499.189453
v 143.372650 42.725372 1499.189453
v 122.148491 56.963657 1608.910034
v 122.148491 42.725388 1608.910034
v 122.148491 42.725372 1499.189453
v 122.148491 56.963642 1499.189453
v -180.202393 14.248845 1608.910034
v -180.202393 14.248830 1499.189453
v -213.762421 14.248830 1499.189453
v -213.762421 14.248845 1608.910034
v 143.372650 28.487106 1499.189453
v 143.372650 28.487120 1608.910034
v 170.999817 28.487120 1608.910034
v 170.999817 28.487106 1499.189453
v 170.999817 14.248830 1499.189453
v 170.999817 14.248845 1608.910034
v 204.559845 14.248845 1608.910034
v 204.559845 14.248830 1499.189453
v -265.692413 1070.502563 -660.899231
v -52.312531 1070.502441 -660.899231
v -1067.017944 1020.632080 1147.550903
v -1125.814453 1020.632080 1147.309082
v -1106.918213 1020.632019 1128.475708
v -1066.908203 1020.632019 1120.872192
v -1168.557739 802.164124 1131.406250
v -1168.557739 647.418640 1131.406250
v -1206.258545 647.418701 1169.107056
v -1206.258545 684.922607 1169.107056
v -1109.715576 802.164185 1190.248413
v -1168.557739 802.164124 1131.406250
v -1206.258545 684.922607 1169.107056
v -1147.416260 684.922607 1227.949219
v -1206.258545 419.603363 1169.107178
v -1206.258545 0.470059 1169.107178
v -1240.521973 0.470064 1203.370728
v -1240.521973 302.361816 1203.370728
v -1181.679932 302.361847 1262.213013
v -1240.521973 302.361816 1203.370728
v -1240.521973 0.470064 1203.370728
v -1181.679932 0.470072 1262.213013
v -1147.416260 0.470067 1227.949341
v -1147.416260 419.603363 1227.949341
v -1181.679932 302.361847 1262.213013
v -1181.679932 0.470072 1262.213013
v -1147.416260 419.603363 1227.949341
v -1206.258545 419.603363 1169.107178
v -1240.521973 302.361816 1203.370728
v -1181.679932 302.361847 1262.213013
v -1067.017944 1067.456665 1147.550903
v -1067.017944 1020.632080 1147.550903
v -1066.908203 1020.632019 1120.872192
v -1066.908203 1067.456665 1120.872192
v -1106.918213 1020.632019 1128.475708
v -1099.181152 1020.632019 1088.687866
v -1099.181152 1067.456665 1088.687866
v -1106.918213 1067.456665 1128.475708
v -1066.908203 1020.632019 1120.872192
v -1106.918213 1020.632019 1128.475708
v -1106.918213 1067.456665 1128.475708
v -1066.908203 1067.456665 1120.872192
v -1125.860107 1020.632019 1088.708740
v -1125.860107 1067.456665 1088.708740
v -1099.181152 1067.456665 1088.687866
v -1099.181152 1020.632019 1088.687866
v -1125.860107 1020.632019 1088.708740
v -1099.181152 1020.632019 1088.687866
v -1125.860107 1067.456665 1088.708740
v -1125.814453 1067.456665 1147.309082
v -1106.918213 1067.456665 1128.475708
v -1099.181152 1067.456665 1088.687866
v -1125.814453 1067.456665 1147.309082
v -1067.017944 1067.456665 1147.550903
v -1066.908203 1067.456665 1120.872192
v -1106.918213 1067.456665 1128.475708
v -1104.817139 1912.833984 1149.231567
v -1104.817261 1912.833984 1126.345825
v -1127.703125 1912.833984 1126.346680
v -1127.701050 1912.833984 1149.221313
v -836.900208 1839.567383 674.935181
v -944.081787 1839.567383 674.935181
v -944.081787 1912.833984 674.935181
v -836.900208 1912.833984 674.935181
v -676.127808 1912.833984 674.935181
v -676.128296 1912.833984 697.820923
v -653.242493 1912.833984 697.820312
v -653.242493 1912.833984 674.935181
v -1127.739380 1839.567383 697.820862
v -1104.853638 1839.567383 697.820923
v -1104.853638 1912.833984 697.820923
v -1127.739380 1912.833984 697.820862
v -997.672241 1839.567383 697.820923
v -997.672546 1839.567383 674.935181
v -997.672546 1912.833984 674.935181
v -997.672241 1912.833984 697.820923
v -1127.734863 1839.567383 751.386597
v -1127.730225 1839.567383 804.952393
v -1127.730225 1912.833984 804.952393
v -1127.734863 1912.833984 751.386597
v -1127.703125 1839.567383 1126.346680
v -1127.701050 1839.567383 1149.221313
v -1127.701050 1912.833984 1149.221313
v -1127.703125 1912.833984 1126.346680
v -836.886597 1839.567383 1149.351685
v -836.886597 1839.567383 1126.465942
v -836.886597 1912.833984 1126.465942
v -836.886597 1912.833984 1149.351685
v -836.886597 1839.567383 1126.465942
v -944.058899 1839.567383 1126.417847
v -944.058899 1912.833984 1126.417847
v -836.886597 1912.833984 1126.465942
v -1104.844482 1839.567383 804.952148
v -1104.848999 1839.567383 751.386536
v -1104.848999 1912.833984 751.386536
v -1104.844482 1912.833984 804.952148
v -997.672546 1839.567383 674.935181
v -1051.263428 1839.567383 674.935181
v -1051.263428 1912.833984 674.935181
v -997.672546 1912.833984 674.935181
v -1104.835449 1839.567383 912.083313
v -1104.839844 1839.567383 858.517822
v -1104.839844 1912.833984 858.517822
v -1104.835449 1912.833984 912.083313
v -653.242493 1839.567383 1126.538208
v -676.128296 1839.567383 1126.537964
v -676.128296 1912.833984 1126.537964
v -653.242493 1912.833984 1126.538208
v -1127.701050 1839.567383 1149.221313
v -1104.817139 1839.567383 1149.231567
v -1104.817139 1912.833984 1149.231567
v -1127.701050 1912.833984 1149.221313
v -997.645081 1839.567383 1126.393921
v -1051.231201 1839.567383 1126.369873
v -1051.231201 1912.833984 1126.369873
v -997.645081 1912.833984 1126.393921
v -676.128296 1839.567383 965.769104
v -653.242493 1839.567383 965.768982
v -653.242493 1912.833984 965.768982
v -676.128296 1912.833984 965.769104
v -653.242493 1839.567383 1019.358643
v -676.128296 1839.567383 1019.358704
v -676.128296 1912.833984 1019.358704
v -653.242493 1912.833984 1019.358643
v -1127.741211 1839.567383 674.935181
v -1127.739380 1839.567383 697.820862
v -1127.739380 1912.833984 697.820862
v -1127.741211 1912.833984 674.935181
v -997.645081 1912.833984 1126.393921
v -1051.231201 1912.833984 1126.369873
v -1051.231079 1912.833984 1149.255615
v -997.644897 1912.833984 1149.279541
v -1127.716675 1839.567383 965.649536
v -1127.716675 1912.833984 965.649536
v -1127.725830 1912.833984 858.518005
v -1127.725830 1839.567383 858.518005
v -997.644897 1839.567383 1149.279541
v -997.645081 1839.567383 1126.393921
v -997.645081 1912.833984 1126.393921
v -997.644897 1912.833984 1149.279541
v -1127.730225 1912.833984 804.952393
v -1104.844482 1912.833984 804.952148
v -1104.848999 1912.833984 751.386536
v -1127.734863 1912.833984 751.386597
v -1104.817261 1839.567383 1126.345825
v -1127.703125 1839.567383 1126.346680
v -1127.703125 1912.833984 1126.346680
v -1104.817261 1912.833984 1126.345825
v -1051.231079 1839.567383 1149.255615
v -997.644897 1839.567383 1149.279541
v -997.644897 1912.833984 1149.279541
v -1051.231079 1912.833984 1149.255615
v -1104.839844 1839.567383 858.517822
v -1104.844482 1839.567383 804.952148
v -1127.730225 1839.567383 804.952393
v -1127.725830 1839.567383 858.518005
v -653.242493 1839.567383 1149.433960
v -653.242493 1839.567383 1126.538208
v -653.242493 1912.833984 1126.538208
v -653.242493 1912.833984 1149.433960
v -1104.854126 1912.833984 674.935181
v -1127.741211 1912.833984 674.935181
v -1127.739380 1912.833984 697.820862
v -1104.853638 1912.833984 697.820923
v -1127.716675 1839.567383 965.649536
v -1104.830933 1839.567383 965.649048
v -1104.830933 1912.833984 965.649048
v -1127.716675 1912.833984 965.649536
v -944.058899 1839.567383 1126.417847
v -944.058777 1839.567383 1149.303589
v -944.058777 1912.833984 1149.303589
v -944.058899 1912.833984 1126.417847
v -944.081604 1839.567383 697.820923
v -836.900208 1839.567383 697.820923
v -836.900208 1912.833984 697.820923
v -944.081604 1912.833984 697.820923
v -729.718872 1839.567383 697.820923
v -729.718628 1839.567383 674.935181
v -729.718628 1912.833984 674.935181
v -729.718872 1912.833984 697.820923
v -653.242493 1839.567383 751.410095
v -676.128296 1839.567383 751.410522
v -676.128296 1912.833984 751.410522
v -653.242493 1912.833984 751.410095
v -676.128296 1839.567383 858.589844
v -653.242493 1839.567383 858.589539
v -653.242493 1839.567383 804.999878
v -676.128296 1839.567383 805.000183
v -1104.854126 1839.567383 674.935181
v -1127.741211 1839.567383 674.935181
v -1127.741211 1912.833984 674.935181
v -1104.854126 1912.833984 674.935181
v -997.672241 1912.833984 697.820923
v -997.672546 1912.833984 674.935181
v -1051.263428 1912.833984 674.935181
v -1051.262939 1912.833984 697.820923
v -676.128296 1912.833984 805.000183
v -653.242493 1912.833984 804.999878
v -653.242493 1912.833984 751.410095
v -676.128296 1912.833984 751.410522
v -676.128296 1839.567383 1126.537964
v -676.128296 1839.567383 1149.423706
v -676.128296 1912.833984 1149.423706
v -676.128296 1912.833984 1126.537964
v -944.081604 1839.567383 697.820923
v -944.081787 1839.567383 674.935181
v -997.672546 1839.567383 674.935181
v -997.672241 1839.567383 697.820923
v -653.242493 1912.833984 1126.538208
v -676.128296 1912.833984 1126.537964
v -676.128296 1912.833984 1149.423706
v -653.242493 1912.833984 1149.433960
v -653.242493 1839.567383 674.935181
v -676.127808 1839.567383 674.935181
v -676.127808 1912.833984 674.935181
v -653.242493 1912.833984 674.935181
v -676.128296 1839.567383 1126.537964
v -729.714417 1839.567383 1126.513916
v -729.714417 1839.567383 1149.399658
v -676.128296 1839.567383 1149.423706
v -783.309631 1839.567383 697.820923
v -729.718872 1839.567383 697.820923
v -729.718872 1912.833984 697.820923
v -783.309631 1912.833984 697.820923
v -944.058899 1839.567383 1126.417847
v -997.645081 1839.567383 1126.393921
v -997.644897 1839.567383 1149.279541
v -944.058777 1839.567383 1149.303589
v -783.300537 1839.567383 1126.489990
v -836.886597 1839.567383 1126.465942
v -836.886597 1839.567383 1149.351685
v -783.300476 1839.567383 1149.375610
v -729.714417 1839.567383 1149.399658
v -729.714417 1839.567383 1126.513916
v -729.714417 1912.833984 1126.513916
v -729.714417 1912.833984 1149.399658
v -783.300537 1839.567383 1126.489990
v -783.300476 1839.567383 1149.375610
v -783.300476 1912.833984 1149.375610
v -783.300537 1912.833984 1126.489990
v -653.242493 1839.567383 965.768982
v -653.242493 1839.567383 858.589539
v -653.242493 1912.833984 858.589539
v -653.242493 1912.833984 965.768982
v -1104.817139 1839.567383 1149.231567
v -1104.817261 1839.567383 1126.345825
v -1104.817261 1912.833984 1126.345825
v -1104.817139 1912.833984 1149.231567
v -836.900208 1839.567383 697.820923
v -836.900208 1839.567383 674.935181
v -836.900208 1912.833984 674.935181
v -836.900208 1912.833984 697.820923
v -676.128296 1839.567383 1149.423706
v -653.242493 1839.567383 1149.433960
v -653.242493 1912.833984 1149.433960
v -676.128296 1912.833984 1149.423706
v -783.309631 1839.567383 697.820923
v -783.309448 1839.567383 674.935181
v -836.900208 1839.567383 674.935181
v -836.900208 1839.567383 697.820923
v -836.886597 1912.833984 1126.465942
v -944.058899 1912.833984 1126.417847
v -944.058777 1912.833984 1149.303589
v -836.886597 1912.833984 1149.351685
v -783.309448 1839.567383 674.935181
v -783.309631 1839.567383 697.820923
v -783.309631 1912.833984 697.820923
v -783.309448 1912.833984 674.935181
v -1127.707642 1839.567383 1072.781006
v -1104.821777 1839.567383 1072.780151
v -1104.821777 1912.833984 1072.780151
v -1127.707642 1912.833984 1072.781006
v -1104.853638 1839.567383 697.820923
v -1104.854126 1839.567383 674.935181
v -1104.854126 1912.833984 674.935181
v -1104.853638 1912.833984 697.820923
v -1104.821777 1912.833984 1072.780151
v -1104.826416 1912.833984 1019.214600
v -1127.712158 1912.833984 1019.215210
v -1127.707642 1912.833984 1072.781006
v -1051.262939 1839.567383 697.820923
v -1051.263428 1839.567383 674.935181
v -1104.854126 1839.567383 674.935181
v -1104.853638 1839.567383 697.820923
v -729.714417 1839.567383 1126.513916
v -783.300537 1839.567383 1126.489990
v -783.300537 1912.833984 1126.489990
v -729.714417 1912.833984 1126.513916
v -1104.826416 1839.567383 1019.214600
v -1127.712158 1839.567383 1019.215210
v -1127.712158 1912.833984 1019.215210
v -1104.826416 1912.833984 1019.214600
v -1051.231201 1839.567383 1126.369873
v -1051.231079 1839.567383 1149.255615
v -1051.231079 1912.833984 1149.255615
v -1051.231201 1912.833984 1126.369873
v -944.081787 1912.833984 674.935181
v -944.081604 1912.833984 697.820923
v -836.900208 1912.833984 697.820923
v -836.900208 1912.833984 674.935181
v -676.128296 1912.833984 1072.948364
v -653.242493 1912.833984 1072.948486
v -653.242493 1912.833984 1019.358643
v -676.128296 1912.833984 1019.358704
v -729.714417 1912.833984 1126.513916
v -783.300537 1912.833984 1126.489990
v -783.300476 1912.833984 1149.375610
v -729.714417 1912.833984 1149.399658
v -729.718872 1912.833984 697.820923
v -729.718628 1912.833984 674.935181
v -783.309448 1912.833984 674.935181
v -783.309631 1912.833984 697.820923
v -836.886597 1839.567383 1149.351685
v -836.886597 1912.833984 1149.351685
v -944.058777 1912.833984 1149.303589
v -944.058777 1839.567383 1149.303589
v -1104.848999 1839.567383 751.386536
v -1127.734863 1839.567383 751.386597
v -1127.734863 1912.833984 751.386597
v -1104.848999 1912.833984 751.386536
v -944.081787 1839.567383 674.935181
v -944.081604 1839.567383 697.820923
v -944.081604 1912.833984 697.820923
v -944.081787 1912.833984 674.935181
v -1104.821777 1839.567383 1072.780151
v -1104.826416 1839.567383 1019.214600
v -1104.826416 1912.833984 1019.214600
v -1104.821777 1912.833984 1072.780151
v -676.128296 1839.567383 1019.358704
v -653.242493 1839.567383 1019.358643
v -653.242493 1839.567383 965.768982
v -676.128296 1839.567383 965.769104
v -1127.712158 1839.567383 1019.215210
v -1127.707642 1839.567383 1072.781006
v -1127.707642 1912.833984 1072.781006
v -1127.712158 1912.833984 1019.215210
v -1104.830933 1839.567383 965.649048
v -1104.830933 1912.833984 965.649048
v -676.128296 1839.567383 858.589844
v -676.128296 1839.567383 965.769104
v -676.128296 1912.833984 965.769104
v -676.128296 1912.833984 858.589844
v -676.128296 1839.567383 751.410522
v -653.242493 1839.567383 751.410095
v -653.242493 1839.567383 697.820312
v -676.128296 1839.567383 697.820923
v -1127.730225 1839.567383 804.952393
v -1104.844482 1839.567383 804.952148
v -1104.844482 1912.833984 804.952148
v -1127.730225 1912.833984 804.952393
v -783.300476 1839.567383 1149.375610
v -729.714417 1839.567383 1149.399658
v -729.714417 1912.833984 1149.399658
v -783.300476 1912.833984 1149.375610
v -676.128296 1839.567383 805.000183
v -653.242493 1839.567383 804.999878
v -653.242493 1912.833984 804.999878
v -676.128296 1912.833984 805.000183
v -676.128296 1839.567383 1019.358704
v -676.128296 1839.567383 1072.948364
v -676.128296 1912.833984 1072.948364
v -676.128296 1912.833984 1019.358704
v -653.242493 1839.567383 804.999878
v -653.242493 1839.567383 751.410095
v -653.242493 1912.833984 751.410095
v -653.242493 1912.833984 804.999878
v -676.128296 1839.567383 751.410522
v -676.128296 1839.567383 805.000183
v -676.128296 1912.833984 805.000183
v -676.128296 1912.833984 751.410522
v -653.242493 1839.567383 697.820312
v -653.242493 1839.567383 674.935181
v -653.242493 1912.833984 674.935181
v -653.242493 1912.833984 697.820312
v -1051.262939 1839.567383 697.820923
v -997.672241 1839.567383 697.820923
v -997.672241 1912.833984 697.820923
v -1051.262939 1912.833984 697.820923
v -676.127808 1839.567383 674.935181
v -676.128296 1839.567383 697.820923
v -676.128296 1912.833984 697.820923
v -676.127808 1912.833984 674.935181
v -653.242493 1839.567383 1072.948486
v -653.242493 1839.567383 1019.358643
v -653.242493 1912.833984 1019.358643
v -653.242493 1912.833984 1072.948486
v -653.242493 1912.833984 858.589539
v -676.128296 1912.833984 858.589844
v -676.128296 1912.833984 965.769104
v -653.242493 1912.833984 965.768982
v -729.718628 1839.567383 674.935181
v -783.309448 1839.567383 674.935181
v -783.309448 1912.833984 674.935181
v -729.718628 1912.833984 674.935181
v -1104.826416 1839.567383 1019.214600
v -1104.830933 1839.567383 965.649048
v -1127.716675 1839.567383 965.649536
v -1127.712158 1839.567383 1019.215210
v -1104.817261 1839.567383 1126.345825
v -1104.821777 1839.567383 1072.780151
v -1127.707642 1839.567383 1072.781006
v -1127.703125 1839.567383 1126.346680
v -653.242493 1839.567383 858.589539
v -676.128296 1839.567383 858.589844
v -676.128296 1912.833984 858.589844
v -653.242493 1912.833984 858.589539
v -676.128296 1839.567383 1072.948364
v -653.242493 1839.567383 1072.948486
v -653.242493 1912.833984 1072.948486
v -676.128296 1912.833984 1072.948364
v -1051.231079 1839.567383 1149.255615
v -1051.231201 1839.567383 1126.369873
v -1104.817261 1839.567383 1126.345825
v -1104.817139 1839.567383 1149.231567
v -1127.734863 1839.567383 751.386597
v -1104.848999 1839.567383 751.386536
v -1104.853638 1839.567383 697.820923
v -1127.739380 1839.567383 697.820862
v -1104.839844 1839.567383 858.517822
v -1127.725830 1839.567383 858.518005
v -1127.725830 1912.833984 858.518005
v -1104.839844 1912.833984 858.517822
v -676.128296 1839.567383 697.820923
v -676.127808 1839.567383 674.935181
v -729.718628 1839.567383 674.935181
v -729.718872 1839.567383 697.820923
v -676.128296 1839.567383 697.820923
v -653.242493 1839.567383 697.820312
v -653.242493 1912.833984 697.820312
v -676.128296 1912.833984 697.820923
v -1051.263428 1839.567383 674.935181
v -1051.262939 1839.567383 697.820923
v -1051.262939 1912.833984 697.820923
v -1051.263428 1912.833984 674.935181
v -676.128296 1839.567383 1126.537964
v -653.242493 1839.567383 1126.538208
v -653.242493 1839.567383 1072.948486
v -676.128296 1839.567383 1072.948364
v -719.991699 1194.890381 686.448547
v -834.057983 1194.890381 686.448547
v -834.057983 1194.890381 732.010925
v -719.991699 1194.890381 732.010925
v -759.780029 1632.562744 1137.872925
v -794.271301 1632.562744 1137.857544
v -794.250854 1632.562744 1092.294922
v -759.759644 1632.562744 1092.310547
v -1116.210693 1035.736938 855.672852
v -1116.210693 1194.890381 855.672791
v -1116.220215 1194.890381 742.856567
v -1116.220215 1035.736938 742.856628
v -1116.191528 1194.890381 1081.305298
v -1116.201172 1194.890381 968.489014
v -1116.201172 1035.736938 968.489075
v -1116.191528 1035.736938 1081.305298
v -664.757812 1194.890381 855.748718
v -664.757812 1194.890381 742.881897
v -710.320312 1194.890381 742.881897
v -710.320312 1194.890381 855.748718
v -834.057983 1035.736938 686.448608
v -834.057983 1194.890381 686.448547
v -719.991699 1194.890381 686.448547
v -719.991699 1035.736938 686.448608
v -1059.791504 1035.736938 686.448608
v -1059.791504 1194.890381 686.448547
v -946.924805 1194.890381 686.448547
v -946.924805 1035.736938 686.448608
v -946.062927 1592.774414 1137.789551
v -986.714661 1632.562744 1137.771240
v -986.694153 1632.562744 1092.208740
v -946.042419 1592.774414 1092.226929
v -664.757812 1035.736938 742.881958
v -664.757812 1194.890381 742.881897
v -664.757812 1194.890381 855.748718
v -664.757812 1035.736938 855.748779
v -664.757812 1632.562744 782.645020
v -664.757812 1632.562744 815.885498
v -710.320312 1632.562744 815.885498
v -710.320312 1632.562744 782.645020
v -759.780029 1632.562744 686.448486
v -719.991699 1592.774414 686.448486
v -719.991699 1592.774414 732.010864
v -759.780029 1632.562744 732.010864
v -664.757812 1035.736938 968.615479
v -664.757812 1194.890381 968.615417
v -664.757812 1194.890381 1081.482300
v -664.757812 1035.736938 1081.482300
v -720.907166 1035.736938 1137.890503
v -720.907166 1194.890381 1137.890503
v -833.205688 1194.890381 1137.840210
v -833.205688 1035.736938 1137.840210
v -946.062927 1035.736938 1137.789673
v -946.062927 1194.890381 1137.789673
v -1059.478882 1194.890381 1137.738770
v -1059.478882 1035.736938 1137.738770
v -1059.791504 1592.774414 686.448486
v -1020.004639 1632.562744 686.448486
v -1020.004639 1632.562744 732.010864
v -1059.791504 1592.774414 732.010864
v -833.205688 1194.890381 1137.840210
v -720.907166 1194.890381 1137.890503
v -720.886719 1194.890381 1092.328003
v -833.185181 1194.890381 1092.277710
v -1116.210693 1592.774414 855.672729
v -1116.213989 1632.562744 815.885498
v -1070.651489 1632.562744 815.881653
v -1070.648193 1592.774414 855.668945
v -833.205688 1592.774414 1137.840088
v -833.205688 1194.890381 1137.840210
v -833.185181 1194.890381 1092.277710
v -833.185181 1592.774414 1092.277588
v -664.757812 1194.890381 1081.482300
v -664.757812 1194.890381 968.615417
v -710.320312 1194.890381 968.615417
v -710.320312 1194.890381 1081.482300
v -664.757812 1632.562744 815.885498
v -664.757812 1592.774414 855.748657
v -710.320312 1592.774414 855.748657
v -710.320312 1632.562744 815.885498
v -1116.201172 1194.890381 968.489014
v -1116.191528 1194.890381 1081.305298
v -1070.629150 1194.890381 1081.301392
v -1070.638672 1194.890381 968.485107
v -664.757812 1592.774414 855.748657
v -664.757812 1194.890381 855.748718
v -710.320312 1194.890381 855.748718
v -710.320312 1592.774414 855.748657
v -834.057983 1592.774414 686.448486
v -794.271301 1632.562744 686.448486
v -794.271301 1632.562744 732.010864
v -834.057983 1592.774414 732.010864
v -1116.220215 1194.890381 742.856567
v -1116.210693 1194.890381 855.672791
v -1070.648193 1194.890381 855.669006
v -1070.657593 1194.890381 742.852722
v -719.991699 1592.774414 686.448486
v -719.991699 1194.890381 686.448547
v -719.991699 1194.890381 732.010925
v -719.991699 1592.774414 732.010864
v -1116.194946 1632.562744 1041.515015
v -1116.197632 1632.562744 1008.278442
v -1070.635376 1632.562744 1008.274536
v -1070.632446 1632.562744 1041.511108
v -664.757812 1592.774414 1081.482178
v -664.757812 1194.890381 1081.482300
v -710.320312 1194.890381 1081.482300
v -710.320312 1592.774414 1081.482178
v -794.271301 1632.562744 1137.857544
v -833.205688 1592.774414 1137.840088
v -833.185181 1592.774414 1092.277588
v -794.250854 1632.562744 1092.294922
v -834.057983 1194.890381 686.448547
v -834.057983 1592.774414 686.448486
v -834.057983 1592.774414 732.010864
v -834.057983 1194.890381 732.010925
v -1116.201172 1592.774414 968.488953
v -1116.201172 1194.890381 968.489014
v -1070.638672 1194.890381 968.485107
v -1070.638672 1592.774414 968.485046
v -1020.004639 1632.562744 686.448486
v -986.714661 1632.562744 686.448486
v -986.714661 1632.562744 732.010864
v -1020.004639 1632.562744 732.010864
v -1116.220215 1592.774414 742.856506
v -1116.220215 1194.890381 742.856567
v -1070.657593 1194.890381 742.852722
v -1070.657593 1592.774414 742.852661
v -664.757812 1592.774414 968.615356
v -664.757812 1632.562744 1008.278442
v -710.320312 1632.562744 1008.278442
v -710.320312 1592.774414 968.615356
v -720.907166 1592.774414 1137.890381
v -759.780029 1632.562744 1137.872925
v -759.759644 1632.562744 1092.310547
v -720.886719 1592.774414 1092.327881
v -1116.197632 1632.562744 1008.278442
v -1116.201172 1592.774414 968.488953
v -1070.638672 1592.774414 968.485046
v -1070.635376 1632.562744 1008.274536
v -1116.191528 1194.890381 1081.305298
v -1116.191528 1592.774414 1081.305176
v -1070.629150 1592.774414 1081.301270
v -1070.629150 1194.890381 1081.301392
v -1116.210693 1194.890381 855.672791
v -1116.210693 1592.774414 855.672729
v -1070.648193 1592.774414 855.668945
v -1070.648193 1194.890381 855.669006
v -1059.791504 1194.890381 686.448547
v -1059.791504 1592.774414 686.448486
v -1059.791504 1592.774414 732.010864
v -1059.791504 1194.890381 732.010925
v -664.757812 1632.562744 1008.278442
v -664.757812 1632.562744 1041.515015
v -710.320312 1632.562744 1041.515015
v -710.320312 1632.562744 1008.278442
v -946.924805 1194.890381 686.448547
v -1059.791504 1194.890381 686.448547
v -1059.791504 1194.890381 732.010925
v -946.924805 1194.890381 732.010925
v -1116.213989 1632.562744 815.885498
v -1116.216797 1632.562744 782.645020
v -1070.654297 1632.562744 782.641174
v -1070.651489 1632.562744 815.881653
v -946.062927 1194.890381 1137.789673
v -946.062927 1592.774414 1137.789551
v -946.042419 1592.774414 1092.226929
v -946.042419 1194.890381 1092.227051
v -986.714661 1632.562744 686.448486
v -946.924805 1592.774414 686.448486
v -946.924805 1592.774414 732.010864
v -986.714661 1632.562744 732.010864
v -664.757812 1632.562744 1041.515015
v -664.757812 1592.774414 1081.482178
v -710.320312 1592.774414 1081.482178
v -710.320312 1632.562744 1041.515015
v -664.757812 1194.890381 742.881897
v -664.757812 1592.774414 742.881836
v -710.320312 1592.774414 742.881836
v -710.320312 1194.890381 742.881897
v -986.714661 1632.562744 1137.771240
v -1020.004639 1632.562744 1137.756226
v -1019.984253 1632.562744 1092.193848
v -986.694153 1632.562744 1092.208740
v -720.907166 1194.890381 1137.890503
v -720.907166 1592.774414 1137.890381
v -720.886719 1592.774414 1092.327881
v -720.886719 1194.890381 1092.328003
v -664.757812 1194.890381 968.615417
v -664.757812 1592.774414 968.615356
v -710.320312 1592.774414 968.615356
v -710.320312 1194.890381 968.615417
v -1116.191528 1592.774414 1081.305176
v -1116.194946 1632.562744 1041.515015
v -1070.632446 1632.562744 1041.511108
v -1070.629150 1592.774414 1081.301270
v -1059.478882 1194.890381 1137.738770
v -946.062927 1194.890381 1137.789673
v -946.042419 1194.890381 1092.227051
v -1059.458374 1194.890381 1092.176270
v -946.924805 1592.774414 686.448486
v -946.924805 1194.890381 686.448547
v -946.924805 1194.890381 732.010925
v -946.924805 1592.774414 732.010864
v -664.757812 1592.774414 742.881836
v -664.757812 1632.562744 782.645020
v -710.320312 1632.562744 782.645020
v -710.320312 1592.774414 742.881836
v -1116.216797 1632.562744 782.645020
v -1116.220215 1592.774414 742.856506
v -1070.657593 1592.774414 742.852661
v -1070.654297 1632.562744 782.641174
v -1020.004639 1632.562744 1137.756226
v -1059.478882 1592.774414 1137.738647
v -1059.458374 1592.774414 1092.176147
v -1019.984253 1632.562744 1092.193848
v -794.271301 1632.562744 686.448486
v -759.780029 1632.562744 686.448486
v -759.780029 1632.562744 732.010864
v -794.271301 1632.562744 732.010864
v -1059.478882 1592.774414 1137.738647
v -1059.478882 1194.890381 1137.738770
v -1059.458374 1194.890381 1092.176270
v -1059.458374 1592.774414 1092.176147
v -1125.860107 758.847717 985.734863
v -1125.860107 671.586365 985.734924
v -1125.860107 671.586365 1088.708740
v -1125.860107 758.847717 1088.708740
v -1125.860107 64.230148 985.734985
v -1125.860107 374.099274 985.734924
v -1107.757202 374.099274 985.734924
v -1107.757202 64.230148 985.734985
v -1125.860107 446.790894 937.911987
v -1125.860107 464.686646 900.059021
v -1107.757202 464.686646 900.059021
v -1107.757202 446.790894 937.911987
v -1125.860107 374.099243 779.787292
v -1125.860107 64.230125 779.787354
v -1107.757202 64.230125 779.787354
v -1107.757202 374.099243 779.787292
v -1125.860107 415.876038 966.233337
v -1125.860107 426.017029 958.426270
v -1107.757202 426.017029 958.426270
v -1107.757202 415.876038 966.233337
v -1125.860107 415.876038 795.716736
v -1125.860107 394.137360 784.891907
v -1107.757202 394.137360 784.891907
v -1107.757202 415.876038 795.716736
v -1125.860107 48.290131 1036.119141
v -1125.860107 64.230156 1036.119141
v -1198.669678 64.230156 1036.119141
v -1198.669678 48.290131 1036.119141
v -1125.860107 394.137390 977.369019
v -1125.860107 415.876038 966.233337
v -1107.757202 415.876038 966.233337
v -1107.757202 394.137390 977.369019
v -1125.860107 464.686646 863.413391
v -1125.860107 446.790894 826.019775
v -1107.757202 446.790894 826.019775
v -1107.757202 464.686646 863.413391
v -1198.669678 48.290092 729.403076
v -1198.669678 48.290131 1036.119141
v -1198.669678 64.230156 1036.119141
v -1198.669678 64.230118 729.403076
v -1125.860107 446.790894 826.019775
v -1125.860107 437.633789 814.516602
v -1107.757202 437.633789 814.516602
v -1107.757202 446.790894 826.019775
v -1125.860107 64.230118 729.403076
v -1125.860107 48.290092 729.403076
v -1198.669678 48.290092 729.403076
v -1198.669678 64.230118 729.403076
v -1125.860107 426.017029 803.792419
v -1125.860107 415.876038 795.716736
v -1107.757202 415.876038 795.716736
v -1107.757202 426.017029 803.792419
v -1107.757202 374.099274 985.734924
v -1107.757202 374.099243 779.787292
v -1107.757202 64.230125 779.787354
v -1107.757202 64.230148 985.734985
v -1124.144287 16.410078 1103.994385
v -1093.472290 16.410074 1077.938477
v -1242.468140 16.410074 1077.938477
v -1273.140259 16.410078 1103.994385
v -1107.757202 426.017029 803.792419
v -1107.757202 426.017029 958.426270
v -1107.757202 437.633789 948.526001
v -1107.757202 437.633789 814.516602
v -1107.757202 394.137390 977.369019
v -1107.757202 394.137360 784.891907
v -1065.066284 32.350105 1051.511597
v -1214.062134 32.350105 1051.511597
v -1242.468140 32.350109 1077.938477
v -1093.472290 32.350109 1077.938477
v -1198.669678 48.290131 1036.119141
v -1198.669678 48.290092 729.403076
v -1214.062134 48.290089 714.010681
v -1214.062134 48.290134 1051.511597
v -1125.860107 48.290131 1036.119141
v -1065.066284 48.290134 1051.511597
v -1214.062134 32.350060 714.010681
v -1125.860107 32.350060 707.634949
v -1128.657471 32.350056 668.937927
v -1242.468140 32.350056 687.583801
v -1125.860107 437.633789 948.526001
v -1125.860107 446.790894 937.911987
v -1107.757202 446.790894 937.911987
v -1107.757202 437.633789 948.526001
v -1214.062134 32.350060 714.010681
v -1214.062134 32.350105 1051.511597
v -1214.062134 48.290134 1051.511597
v -1214.062134 48.290089 714.010681
v -1125.860107 48.290089 707.634949
v -1125.860107 32.350060 707.634949
v -1214.062134 32.350060 714.010681
v -1214.062134 48.290089 714.010681
v -1107.757202 415.876038 795.716736
v -1107.757202 415.876038 966.233337
v -1125.860107 48.290092 729.403076
v -1125.860107 48.290089 707.634949
v -1214.062134 48.290134 1051.511597
v -1214.062134 32.350105 1051.511597
v -1065.066284 32.350105 1051.511597
v -1065.066284 48.290134 1051.511597
v -1107.757202 446.790894 937.911987
v -1107.757202 446.790894 826.019775
v -1242.468140 16.410021 687.583801
v -1242.468140 16.410074 1077.938477
v -1242.468140 32.350109 1077.938477
v -1242.468140 32.350056 687.583801
v -1128.657471 0.470049 1096.584351
v -1128.657471 16.410076 1096.584351
v -1135.164062 16.410078 1106.759399
v -1135.164062 0.470051 1106.759399
v -1242.468140 16.410021 687.583801
v -1128.657471 16.410019 668.937927
v -1135.164062 16.410013 629.222168
v -1273.140259 16.410019 661.528015
v -1128.657471 32.350056 668.937927
v -1128.657471 16.410019 668.937927
v -1242.468140 16.410021 687.583801
v -1242.468140 32.350056 687.583801
v -1242.468140 32.350109 1077.938477
v -1242.468140 16.410074 1077.938477
v -1093.472290 16.410074 1077.938477
v -1093.472290 32.350109 1077.938477
v -1273.140259 16.410078 1103.994385
v -1273.140259 0.470050 1103.994385
v -1124.144287 0.470050 1103.994385
v -1124.144287 16.410078 1103.994385
v -1125.860107 437.633789 814.516602
v -1125.860107 426.017029 803.792419
v -1107.757202 426.017029 803.792419
v -1107.757202 437.633789 814.516602
v -1125.860107 394.137360 784.891907
v -1125.860107 374.099243 779.787292
v -1107.757202 374.099243 779.787292
v -1107.757202 394.137360 784.891907
v -1135.164062 16.410013 629.222168
v -1135.164062 0.469987 629.222168
v -1273.140259 0.469991 661.528015
v -1273.140259 16.410019 661.528015
v -1273.140259 0.469991 661.528015
v -1273.140259 0.470050 1103.994385
v -1273.140259 16.410078 1103.994385
v -1273.140259 16.410019 661.528015
v -1125.860107 426.017029 958.426270
v -1125.860107 437.633789 948.526001
v -1107.757202 437.633789 948.526001
v -1107.757202 426.017029 958.426270
v -1125.860107 374.099274 985.734924
v -1125.860107 394.137390 977.369019
v -1107.757202 394.137390 977.369019
v -1107.757202 374.099274 985.734924
v -1125.860107 64.230125 779.787354
v -1125.860107 64.230148 985.734985
v -1107.757202 64.230148 985.734985
v -1107.757202 64.230125 779.787354
v -1125.860107 877.409851 960.233826
v -1125.860107 809.274292 994.235229
v -1125.860107 846.109192 1088.708740
v -1125.860107 933.370605 1088.708740
v -1125.860107 809.274292 994.235229
v -1125.860107 877.409851 960.233826
v -1113.109253 877.409851 960.233826
v -1113.109253 809.274292 994.235229
v -1125.860107 758.847717 779.787231
v -1125.860107 671.586243 779.787292
v -1125.860107 671.586304 882.761108
v -1125.860107 742.555359 882.761047
v -1125.860107 809.274292 769.161804
v -1125.860107 758.847717 779.787231
v -1113.109253 758.847717 779.787231
v -1113.109253 809.274292 769.161804
v -1125.860107 846.109070 676.813354
v -1125.860107 758.847595 676.813354
v -1125.860107 809.274292 769.161804
v -1125.860107 671.586182 676.813416
v -1125.860107 1020.632019 779.787231
v -1125.860107 877.409851 808.830139
v -1125.860107 933.370605 882.761047
v -1125.860107 1020.632019 882.761047
v -1125.860107 1020.631958 676.813354
v -1125.860107 933.370544 676.813354
v -1125.860107 1020.632019 985.734863
v -1125.860107 1020.632019 1088.708740
v -1125.860107 742.555359 882.761047
v -1125.860107 758.847717 985.734863
v -1113.109253 758.847717 985.734863
v -1113.109253 742.555359 882.761047
v -1125.860107 933.370605 882.761047
v -1125.860107 877.409851 808.830139
v -1113.109253 877.409851 808.830139
v -1113.109253 933.370605 882.761047
v -1113.109253 877.409851 808.830139
v -1113.109253 809.274292 769.161804
v -1113.109253 826.275024 882.761047
v -1113.109253 933.370605 882.761047
v -1113.109253 758.847717 779.787231
v -1113.109253 742.555359 882.761047
v -1113.109253 809.274292 994.235229
v -1113.109253 877.409851 960.233826
v -1113.109253 758.847717 985.734863
v -1125.860107 758.847717 779.787231
v -1125.860107 742.555359 882.761047
v -1113.109253 742.555359 882.761047
v -1113.109253 758.847717 779.787231
v -1125.860107 877.409851 960.233826
v -1125.860107 933.370605 882.761047
v -1113.109253 933.370605 882.761047
v -1113.109253 877.409851 960.233826
v -1125.860107 877.409851 808.830139
v -1125.860107 809.274292 769.161804
v -1113.109253 809.274292 769.161804
v -1113.109253 877.409851 808.830139
v -1125.860107 758.847717 985.734863
v -1125.860107 809.274292 994.235229
v -1113.109253 809.274292 994.235229
v -1113.109253 758.847717 985.734863
v -1107.757202 468.864075 882.761108
v -1125.860107 468.864075 882.761108
v -1125.860107 464.686646 863.413391
v -1107.757202 464.686646 863.413391
v -1125.860107 464.686646 900.059021
v -1125.860107 468.864075 882.761108
v -1107.757202 468.864075 882.761108
v -1107.757202 464.686646 900.059021
v -861.070374 1020.632080 1147.550903
v -861.070374 941.607117 1147.550903
v -772.912537 895.233643 1147.550903
v -758.096497 1020.632080 1147.550903
v -655.122681 941.607117 1147.550903
v -746.499390 824.989319 1147.550903
v -655.122681 848.377441 1147.550903
v -655.122681 1020.632080 1147.550903
v -655.122681 752.598694 1147.550903
v -758.096497 767.180847 1147.550903
v -758.096497 680.289429 1147.550903
v -655.122681 680.289429 1147.550903
v -941.005249 895.233643 1147.550903
v -1067.017944 941.607117 1147.550903
v -1067.017944 848.377441 1147.550903
v -970.646179 824.989319 1147.550903
v -1067.017944 1020.632080 1147.550903
v -964.044067 1020.632080 1147.550903
v -964.044067 767.180847 1147.550903
v -861.070374 752.598694 1147.550903
v -861.070374 752.598633 1133.579956
v -964.044067 767.180786 1133.579956
v -861.070374 752.598694 1147.550903
v -964.044067 767.180847 1147.550903
v -964.044067 680.289429 1147.550903
v -861.070374 680.289429 1147.550903
v -758.096497 767.180847 1147.550903
v -746.499390 824.989319 1147.550903
v -746.499390 824.989258 1133.579956
v -758.096497 767.180786 1133.579956
v -1067.017944 752.598694 1147.550903
v -1067.017944 680.289429 1147.550903
v -861.070374 752.598694 1147.550903
v -758.096497 767.180847 1147.550903
v -758.096497 767.180786 1133.579956
v -861.070374 752.598633 1133.579956
v -772.912537 895.233643 1147.550903
v -861.070374 941.607117 1147.550903
v -861.070374 941.607056 1133.579956
v -772.912537 895.233582 1133.579956
v -861.070374 941.607056 1133.579956
v -941.005249 895.233582 1133.579956
v -970.646179 824.989258 1133.579956
v -861.070374 848.377380 1133.579956
v -964.044067 767.180786 1133.579956
v -861.070374 752.598633 1133.579956
v -746.499390 824.989258 1133.579956
v -758.096497 767.180786 1133.579956
v -772.912537 895.233582 1133.579956
v -970.646179 824.989319 1147.550903
v -964.044067 767.180847 1147.550903
v -964.044067 767.180786 1133.579956
v -970.646179 824.989258 1133.579956
v -746.499390 824.989319 1147.550903
v -772.912537 895.233643 1147.550903
v -772.912537 895.233582 1133.579956
v -746.499390 824.989258 1133.579956
v -941.005249 895.233643 1147.550903
v -970.646179 824.989319 1147.550903
v -970.646179 824.989258 1133.579956
v -941.005249 895.233582 1133.579956
v -861.070374 941.607117 1147.550903
v -941.005249 895.233643 1147.550903
v -941.005249 895.233582 1133.579956
v -861.070374 941.607056 1133.579956
v 364.918030 687.354614 -1340.838745
v 713.079712 687.354614 -1340.838745
v 713.079712 687.354614 -1400.726074
v 364.918030 687.354614 -1400.726074
v 4.776970 -0.246980 -634.925598
v 4.776970 1070.677856 -634.925720
v -390.868164 685.058594 -634.925720
v -390.868164 -0.246980 -634.925598
v -0.130127 1000.388977 -1017.986572
v -0.130127 683.881531 -1280.951294
v -670.104004 683.881531 -1280.951294
v -670.104004 1000.388977 -1017.986572
v 400.422089 685.058594 -634.925720
v 400.422089 685.058472 -1391.519897
v 4.776970 1070.677734 -1391.519897
v 4.776970 1070.677856 -634.925720
v 400.422089 -0.246980 -634.925598
v 400.422089 685.058594 -634.925720
v -94.134315 513.732178 -1426.216064
v -49.742107 603.830261 -1426.216064
v 4.776970 603.830322 -1426.216064
v 4.776970 513.732239 -1426.216064
v -0.130127 683.881592 -735.495728
v -0.130127 1000.388977 -1017.986572
v -670.104004 1000.388977 -1017.986572
v -670.104004 683.881592 -735.495728
v -692.499146 549.757690 -927.710876
v -692.499146 598.322693 -947.363708
v -692.499146 633.004395 -1017.986511
v -692.499146 537.041077 -1017.986511
v -702.004822 683.881531 -1280.951294
v -702.004822 1000.388977 -1017.986572
v -702.004822 1052.385010 -1017.986572
v -702.004822 735.877563 -1280.951294
v -670.104004 683.881531 -1280.951294
v -702.004822 683.881531 -1280.951294
v -702.004822 735.877563 -1280.951294
v -670.104004 735.877563 -1280.951294
v -390.868164 738.850647 -1391.519897
v 4.776970 1124.469849 -1391.519897
v 4.776970 1124.469849 -1426.216064
v -390.868164 738.850647 -1426.216064
v -670.104004 683.881592 -735.495728
v -670.104004 1000.388977 -1017.986572
v -670.104004 1052.385010 -1017.986572
v -670.104004 735.877625 -735.495728
v 400.422089 685.058472 -1391.519897
v 400.422089 685.058472 -1426.216064
v 400.422089 738.850647 -1426.216064
v 400.422089 738.850647 -1391.519897
v 4.776970 1124.469849 -1391.519897
v 400.422089 738.850647 -1391.519897
v 400.422089 738.850647 -1426.216064
v 4.776970 1124.469849 -1426.216064
v -670.104004 1052.385010 -1017.986572
v -670.104004 735.877563 -1280.951294
v -702.004822 735.877563 -1280.951294
v -702.004822 1052.385010 -1017.986572
v -670.104004 735.877625 -735.495728
v -670.104004 1052.385010 -1017.986572
v -702.004822 1052.385010 -1017.986572
v -702.004822 735.877625 -735.495728
v 400.422089 685.058472 -1426.216064
v 4.776970 1070.677734 -1426.216064
v 4.776970 1124.469849 -1426.216064
v 400.422089 738.850647 -1426.216064
v 4.776970 1070.677734 -1391.519897
v 400.422089 685.058472 -1391.519897
v 400.422089 738.850647 -1391.519897
v 4.776970 1124.469849 -1391.519897
v -702.004822 683.881592 -735.495728
v -670.104004 683.881592 -735.495728
v -670.104004 735.877625 -735.495728
v -702.004822 735.877625 -735.495728
v -702.004822 1000.388977 -1017.986572
v -702.004822 683.881592 -735.495728
v -702.004822 735.877625 -735.495728
v -702.004822 1052.385010 -1017.986572
v -390.868164 685.058472 -1391.519897
v 4.776970 1070.677734 -1391.519897
v 4.776970 1124.469849 -1391.519897
v -390.868164 738.850647 -1391.519897
v -390.868164 685.058472 -1426.216064
v -390.868164 685.058472 -1391.519897
v -390.868164 738.850647 -1391.519897
v -390.868164 738.850647 -1426.216064
v -670.104004 1000.388977 -1017.986572
v -670.104004 683.881531 -1280.951294
v -670.104004 735.877563 -1280.951294
v -670.104004 1052.385010 -1017.986572
v 4.776970 1070.677734 -1426.216064
v -390.868164 685.058472 -1426.216064
v -390.868164 738.850647 -1426.216064
v 4.776970 1124.469849 -1426.216064
v -702.004822 -0.588882 -735.495605
v -702.004822 341.646332 -735.495667
v -702.004822 341.646301 -876.741089
v -702.004822 -0.588901 -876.741028
v -702.004822 -0.588938 -1149.468872
v -702.004822 341.646271 -1149.468872
v -702.004822 341.646240 -1280.951172
v -702.004822 -0.588955 -1280.951172
v -702.004822 478.071625 -1103.380615
v -702.004822 451.482300 -1017.986511
v -692.499146 451.482300 -1017.986511
v -692.499146 478.071625 -1103.380615
v -702.004822 549.757690 -1110.317017
v -702.004822 598.322693 -1083.727783
v -702.004822 598.322632 -1149.468994
v -702.004822 512.763794 -1149.468994
v -702.004822 341.646240 -1083.727661
v -702.004822 478.071625 -1103.380615
v -702.004822 427.205109 -1149.468872
v -702.004822 341.646271 -1017.986511
v -702.004822 451.482300 -1017.986511
v -702.004822 549.757690 -927.710876
v -702.004822 598.322693 -947.363708
v -692.499146 598.322693 -947.363708
v -692.499146 549.757690 -927.710876
v -702.004822 341.646271 -947.363708
v -702.004822 478.071655 -931.179016
v -702.004822 451.482300 -1017.986511
v -702.004822 341.646271 -1017.986511
v -702.004822 427.205139 -876.741089
v -702.004822 598.322693 -876.741089
v -702.004822 683.881470 -876.741150
v -702.004822 683.881470 -947.363770
v -702.004822 598.322693 -947.363708
v -702.004822 512.763855 -876.741089
v -702.004822 549.757690 -927.710876
v -702.004822 549.757690 -1110.317017
v -702.004822 478.071625 -1103.380615
v -692.499146 478.071625 -1103.380615
v -692.499146 549.757690 -1110.317017
v -702.004822 633.004395 -1017.986511
v -702.004822 683.881470 -1017.986572
v -702.004822 683.881470 -1083.727783
v -702.004822 598.322693 -947.363708
v -702.004822 633.004395 -1017.986511
v -692.499146 633.004395 -1017.986511
v -692.499146 598.322693 -947.363708
v -702.004822 478.071655 -931.179016
v -702.004822 549.757690 -927.710876
v -692.499146 549.757690 -927.710876
v -692.499146 478.071655 -931.179016
v -702.004822 451.482300 -1017.986511
v -702.004822 478.071655 -931.179016
v -692.499146 478.071655 -931.179016
v -692.499146 451.482300 -1017.986511
v -702.004822 633.004395 -1017.986511
v -702.004822 598.322693 -1083.727783
v -692.499146 598.322693 -1083.727783
v -692.499146 633.004395 -1017.986511
v -702.004822 683.881409 -1149.468994
v -702.004822 598.322693 -1083.727783
v -702.004822 549.757690 -1110.317017
v -692.499146 549.757690 -1110.317017
v -692.499146 598.322693 -1083.727783
v -692.499146 451.482300 -1017.986511
v -692.499146 549.757690 -1110.317017
v -692.499146 478.071625 -1103.380615
v -702.004822 683.881470 -1017.986572
v -702.004822 633.004395 -1017.986511
v -692.499146 478.071655 -931.179016
v -692.499146 598.322693 -1083.727783
v -0.130127 -0.588955 -1280.951172
v -0.130127 683.881531 -1280.951294
v -0.130127 683.881531 -1400.726074
v -0.130127 -0.588971 -1400.725952
v 701.744568 657.115295 -1280.951294
v 701.744568 -0.588955 -1280.951172
v 701.744568 -0.588971 -1400.725952
v 701.744568 657.115295 -1400.726074
v -0.130127 683.881592 -735.495728
v -0.130127 -0.588882 -735.495605
v -0.130127 -0.588845 -460.290680
v -0.130127 683.881653 -460.290771
v -390.868164 281.714447 -1296.979370
v -390.868164 281.714447 -1391.520752
v -390.868164 -0.247082 -1391.521240
v -390.868164 -0.247069 -1296.980957
v -390.868164 461.281433 -1296.976196
v -390.868164 535.936707 -1312.130493
v -374.124207 535.936707 -1312.130493
v -374.124207 461.281433 -1296.976196
v -390.868164 281.714447 -1391.520752
v -390.868164 281.714447 -1296.979370
v -374.124207 281.714447 -1296.979370
v -374.124207 281.714447 -1391.520752
v -390.868164 461.281433 -1391.520386
v -390.868164 281.714447 -1391.520752
v -374.124207 281.714447 -1391.520752
v -374.124207 461.281433 -1391.520386
v -390.868164 559.684143 -1344.248169
v -390.868164 535.936707 -1378.223999
v -374.124207 535.936707 -1378.223999
v -374.124207 559.684143 -1344.248169
v -390.868164 535.936707 -1312.130493
v -390.868164 559.684143 -1344.248169
v -374.124207 559.684143 -1344.248169
v -374.124207 535.936707 -1312.130493
v -390.868164 281.714447 -1296.979370
v -390.868164 461.281433 -1296.976196
v -374.124207 461.281433 -1296.976196
v -374.124207 281.714447 -1296.979370
v -390.868164 535.936707 -1378.223999
v -390.868164 461.281433 -1391.520386
v -374.124207 461.281433 -1391.520386
v -374.124207 535.936707 -1378.223999
v -1054.312744 111.026306 -618.341125
v -1054.312744 935.912537 -618.341248
v -964.921021 935.912537 -618.341248
v -964.921021 111.026306 -618.341125
v -964.921021 111.026306 -618.341125
v -964.921021 935.912537 -618.341248
v -964.921021 935.912537 -528.949463
v -964.921021 111.026321 -528.949341
v -964.921021 111.026321 -528.949341
v -964.921021 935.912537 -528.949463
v -1054.312744 935.912537 -528.949463
v -1054.312744 111.026321 -528.949341
v -1054.312744 111.026321 -528.949341
v -1054.312744 935.912537 -528.949463
v -1054.312744 935.912537 -618.341248
v -1054.312744 111.026306 -618.341125
v 557.620605 252.112747 894.266907
v 557.620605 1076.998901 894.266846
v 647.012390 1076.998901 894.266846
v 647.012390 252.112747 894.266907
v -1054.312744 935.912537 -528.949463
v -964.921021 935.912537 -528.949463
v -957.629578 942.345947 -521.658081
v -1061.604248 942.345947 -521.658081
v -1061.604248 942.345947 -625.632629
v -1061.604248 942.345947 -521.658081
v -1061.604248 993.563965 -521.658081
v -1061.604248 993.563965 -625.632629
v -964.921021 935.912537 -618.341248
v -1054.312744 935.912537 -618.341248
v -1061.604248 942.345947 -625.632629
v -957.629578 942.345947 -625.632629
v -1054.312744 935.912537 -618.341248
v -1054.312744 935.912537 -528.949463
v -1061.604248 942.345947 -521.658081
v -1061.604248 942.345947 -625.632629
v -964.921021 935.912537 -528.949463
v -964.921021 935.912537 -618.341248
v -957.629578 942.345947 -625.632629
v -957.629578 942.345947 -521.658081
v -1042.658203 993.563965 -531.283020
v -976.575562 993.563965 -531.283020
v -976.575562 936.961304 -531.283020
v -1042.658203 936.961304 -531.283020
v -957.629578 942.345947 -521.658081
v -957.629578 942.345947 -625.632629
v -957.629578 993.563965 -625.632629
v -957.629578 993.563965 -521.658081
v -1061.604248 942.345947 -521.658081
v -957.629578 942.345947 -521.658081
v -957.629578 993.563965 -521.658081
v -1061.604248 993.563965 -521.658081
v -957.629578 942.345947 -625.632629
v -1061.604248 942.345947 -625.632629
v -1061.604248 993.563965 -625.632629
v -957.629578 993.563965 -625.632629
v -1042.658203 993.563965 -616.007690
v -976.575562 993.563965 -616.007690
v -957.629578 993.563965 -625.632629
v -1061.604248 993.563965 -625.632629
v -976.575562 993.563965 -616.007690
v -976.575562 993.563965 -531.283020
v -957.629578 993.563965 -521.658081
v -957.629578 993.563965 -625.632629
v -976.575562 993.563965 -531.283020
v -1042.658203 993.563965 -531.283020
v -1061.604248 993.563965 -521.658081
v -957.629578 993.563965 -521.658081
v -1042.658203 993.563965 -531.283020
v -1042.658203 993.563965 -616.007690
v -1061.604248 993.563965 -625.632629
v -1061.604248 993.563965 -521.658081
v -976.575562 936.961304 -531.283020
v -976.575562 936.961304 -616.007690
v -1042.658203 936.961304 -616.007690
v -1042.658203 936.961304 -531.283020
v -976.575562 993.563965 -616.007690
v -1042.658203 993.563965 -616.007690
v -1042.658203 936.961304 -616.007690
v -976.575562 936.961304 -616.007690
v -1042.658203 993.563965 -616.007690
v -1042.658203 993.563965 -531.283020
v -1042.658203 936.961304 -531.283020
v -1042.658203 936.961304 -616.007690
v -976.575562 993.563965 -531.283020
v -976.575562 993.563965 -616.007690
v -976.575562 936.961304 -616.007690
v -976.575562 936.961304 -531.283020
v 647.012390 252.112747 894.266907
v 647.012390 1076.998901 894.266846
v 647.012390 1076.998901 983.658508
v 647.012390 252.112762 983.658569
v 647.012390 252.112762 983.658569
v 647.012390 1076.998901 983.658508
v 557.620605 1076.998901 983.658508
v 557.620605 252.112762 983.658569
v 557.620605 252.112762 983.658569
v 557.620605 1076.998901 983.658508
v 557.620605 1076.998901 894.266846
v 557.620605 252.112747 894.266907
v 557.620605 1076.998901 983.658508
v 647.012390 1076.998901 983.658508
v 654.303772 1083.432251 990.949951
v 550.329163 1083.432251 990.949951
v 550.329163 1083.432251 886.975403
v 550.329163 1083.432251 990.949951
v 550.329163 1134.650391 990.949951
v 550.329163 1134.650391 886.975403
v 647.012390 1076.998901 894.266846
v 557.620605 1076.998901 894.266846
v 550.329163 1083.432251 886.975403
v 654.303772 1083.432251 886.975403
v 557.620605 1076.998901 894.266846
v 557.620605 1076.998901 983.658508
v 550.329163 1083.432251 990.949951
v 550.329163 1083.432251 886.975403
v 647.012390 1076.998901 983.658508
v 647.012390 1076.998901 894.266846
v 654.303772 1083.432251 886.975403
v 654.303772 1083.432251 990.949951
v 569.275146 1134.650391 981.325012
v 635.357849 1134.650391 981.325012
v 635.357849 1078.047607 981.325012
v 569.275146 1078.047607 981.325012
v 654.303772 1083.432251 990.949951
v 654.303772 1083.432251 886.975403
v 654.303772 1134.650391 886.975403
v 654.303772 1134.650391 990.949951
v 550.329163 1083.432251 990.949951
v 654.303772 1083.432251 990.949951
v 654.303772 1134.650391 990.949951
v 550.329163 1134.650391 990.949951
v 654.303772 1083.432251 886.975403
v 550.329163 1083.432251 886.975403
v 550.329163 1134.650391 886.975403
v 654.303772 1134.650391 886.975403
v 569.275146 1134.650391 896.600281
v 635.357849 1134.650391 896.600281
v 654.303772 1134.650391 886.975403
v 550.329163 1134.650391 886.975403
v 635.357849 1134.650391 896.600281
v 635.357849 1134.650391 981.325012
v 654.303772 1134.650391 990.949951
v 654.303772 1134.650391 886.975403
v 635.357849 1134.650391 981.325012
v 569.275146 1134.650391 981.325012
v 550.329163 1134.650391 990.949951
v 654.303772 1134.650391 990.949951
v 569.275146 1134.650391 981.325012
v 569.275146 1134.650391 896.600281
v 550.329163 1134.650391 886.975403
v 550.329163 1134.650391 990.949951
v 635.357849 1078.047607 981.325012
v 635.357849 1078.047607 896.600281
v 569.275146 1078.047607 896.600281
v 569.275146 1078.047607 981.325012
v 635.357849 1134.650391 896.600281
v 569.275146 1134.650391 896.600281
v 569.275146 1078.047607 896.600281
v 635.357849 1078.047607 896.600281
v 569.275146 1134.650391 896.600281
v 569.275146 1134.650391 981.325012
v 569.275146 1078.047607 981.325012
v 569.275146 1078.047607 896.600281
v 635.357849 1134.650391 981.325012
v 635.357849 1134.650391 896.600281
v 635.357849 1078.047607 896.600281
v 635.357849 1078.047607 981.325012
v 701.744568 -0.588882 -735.495605
v 701.744568 657.115356 -735.495667
v 701.744568 657.115417 -460.290771
v 701.744568 -0.588845 -460.290680
v 701.744568 657.115356 -1017.986511
v 701.744568 -0.588920 -1017.986450
v 701.744568 -0.588920 -1017.986450
v 701.744568 657.115356 -1017.986511
v -1266.882446 1121.684204 289.978912
v -1266.882446 1070.501953 290.369598
v 1275.524292 1070.502319 290.369354
v 1275.524292 1120.998657 289.677765
v -1300.000000 0.010343 -131.430893
v -1300.000000 172.901642 -131.430893
v -1300.000000 172.901627 -263.723358
v -1300.000000 0.010326 -263.723419
v -1300.000000 0.010399 286.200989
v -1300.000000 172.901733 286.200958
v -1300.000000 172.901718 171.581009
v -1300.000000 0.010384 171.581070
v -1300.000000 709.523499 -354.605469
v -1300.000000 622.008118 -354.605499
v -1300.000000 797.038879 -263.723663
v -1300.000000 572.731140 -354.605530
v -1300.000000 574.927490 375.726379
v -1300.000000 539.674744 422.300964
v -1300.000000 973.520325 375.726593
v -1300.000000 622.008301 685.104492
v 21.318346 622.008118 -635.751343
v 21.318192 311.009155 -635.751343
v -980.455017 311.009155 -635.751343
v -980.454834 622.008118 -635.751343
v 21.318037 0.010276 -635.751282
v -980.455322 0.010276 -635.751282
v 1023.091492 622.008118 -635.751343
v 1023.091431 311.009155 -635.751343
v 21.318192 311.009155 -635.751343
v 21.318346 622.008118 -635.751343
v 1023.091309 0.010276 -635.751282
v 21.318037 0.010276 -635.751282
v 265.692902 1070.502197 -660.899231
v -49.410717 967.497009 -660.899231
v -480.331421 826.631958 -660.899231
v -660.427856 0.010272 -660.899109
v -660.427856 622.008118 -660.899170
v 265.692902 1070.502197 -660.899231
v 660.427856 622.008118 -660.899170
v -43.233723 748.227478 -660.899231
v -49.410717 967.497009 -660.899231
v -466.829834 0.010272 -660.899109
v -28.961802 241.616913 -660.899170
v -53.739571 1121.160522 -660.899231
v -58.930367 1305.423706 -660.899292
v -94.134315 255.141205 -1426.215942
v -94.134315 417.967041 -1426.215942
v 4.776970 417.967041 -1426.215942
v 4.776970 255.141205 -1426.215942
v 4.776970 603.830322 -1426.216064
v -49.742107 603.830261 -1426.216064
v -390.868164 685.058472 -1426.216064
v 4.776970 1070.677734 -1426.216064
v 400.422089 685.058472 -1426.216064
v 51.739925 603.830261 -1426.216064
v 4.776970 603.830322 -1426.216064
v 4.776970 1070.677734 -1426.216064
v -390.868164 513.732117 -1426.216064
v -94.134315 513.732178 -1426.216064
v -94.134315 417.967041 -1426.215942
v -390.868164 342.405701 -1426.215942
v 103.688255 255.141205 -1426.215942
v 400.422089 171.079300 -1426.215942
v 400.422089 -0.247087 -1426.215942
v 103.688263 -0.247087 -1426.215942
v 103.688255 513.732178 -1426.216064
v 103.688255 417.967041 -1426.215942
v 51.739925 603.830261 -1426.216064
v 4.776970 -0.247087 -1426.215942
v 4.776970 255.141205 -1426.215942
v 103.688255 255.141205 -1426.215942
v 103.688263 -0.247087 -1426.215942
v 103.688255 255.141205 -1426.215942
v 103.688255 417.967041 -1426.215942
v 400.422089 342.405701 -1426.215942
v -390.868164 171.079300 -1426.215942
v -94.134315 255.141205 -1426.215942
v -94.134315 -0.247087 -1426.215942
v -390.868164 -0.247087 -1426.215942
v 103.688255 513.732178 -1426.216064
v 400.422089 513.732117 -1426.216064
v 4.776970 255.141205 -1426.215942
v 4.776970 -0.247087 -1426.215942
v 718.525879 622.008301 685.104492
v 718.526001 0.010453 685.104553
v 1076.232544 0.010453 685.104553
v 1076.232544 622.008301 685.104492
v 508.264160 622.008301 685.104492
v 446.290100 0.010453 685.104553
v 718.526001 0.010453 685.104553
v 718.525879 622.008301 685.104492
v 1300.000000 0.010384 171.581100
v 1300.000000 172.902054 171.581009
v 1300.000000 172.902069 286.200958
v 1300.000000 0.010399 286.200989
v 1300.000000 0.010326 -263.723358
v 1300.000000 172.901962 -263.723358
v 1300.000000 172.901978 -131.430893
v 1300.000000 0.010343 -131.430710
v -1147.416260 650.419800 1227.949219
v -1109.715576 650.419861 1190.248413
v -1109.715576 802.164185 1190.248413
v -1147.416260 684.922607 1227.949219
v 713.079712 687.354736 -597.893250
v 364.917969 687.354736 -597.893250
v 364.917969 687.354736 -460.290771
v 713.079712 687.354736 -460.290771
v 713.079712 687.354675 -735.495728
v 364.917969 687.354675 -735.495728
v 713.079712 687.354675 -876.741150
v 364.917969 687.354675 -876.741150
v 713.079712 687.354675 -876.741150
v 713.079712 687.354675 -1017.986572
v 364.917969 687.354675 -1017.986572
v 364.917969 687.354675 -876.741150
v 713.079712 687.354614 -1149.468872
v 364.917999 687.354614 -1149.468872
v 713.079712 687.354614 -1149.468872
v 713.079712 687.354614 -1280.951294
v 364.918030 687.354614 -1280.951294
v 364.917999 687.354614 -1149.468872
v -1279.684082 0.010271 -668.733704
v -1279.684082 539.674561 -635.751343
v -1279.684082 0.010276 -635.751282
v -1279.684082 393.879852 -648.184937
v -1279.684204 361.039978 -668.733765
v -1279.684082 539.674561 -648.184937
v 1300.000000 822.446838 286.200867
v 1300.000000 812.184082 106.553291
v 1300.000000 766.937561 40.182980
v 1300.000000 756.366272 24.676359
v 1275.524292 1070.502319 290.369354
v 1076.232544 622.008301 685.104492
v 1275.524292 622.008301 685.104492
v 718.525879 622.008301 685.104492
v 508.264160 622.008301 685.104492
v -961.974792 622.008301 685.104492
v -1266.882324 622.008301 685.104492
v -1266.882446 1070.501953 290.369598
v 1300.000000 1070.502441 190.231506
v 1300.000000 1120.985474 289.671997
v 1300.000000 1070.502319 290.369354
v 1300.000000 1121.160400 245.783401
v 1300.000000 1121.160522 59.379910
v 1300.000000 1070.502563 66.377815
v 1300.000000 1070.502563 24.676397
v 1300.000000 1121.160645 -15.137266
v 1300.000000 1070.502563 -23.165644
v 1300.000000 1121.160645 -196.430206
v 1300.000000 1070.502686 -136.845139
v 1300.000000 1070.502686 -241.015991
v 1300.000000 1120.985474 -239.499161
v 1300.000000 622.008301 685.104492
v -1300.000000 475.169250 465.252014
v -1284.799805 182.405472 459.912231
v -1300.000000 182.405472 465.252045
v -1269.599731 182.405472 454.572479
v -1269.599731 475.169250 454.572388
v 1300.000000 0.010276 -635.751282
v 1300.000000 172.901871 -635.751282
v 1300.000000 182.405838 -635.751282
v 1300.000000 622.008118 -635.751343
v 1300.000000 495.711884 290.747742
v 1300.000000 640.216492 151.495239
v 1300.000000 516.254211 301.818298
v -1266.882446 1070.502441 -241.016266
v -980.454834 622.008118 -635.751343
v -1266.882446 622.008118 -635.751343
v 21.318346 622.008118 -635.751343
v 1023.091492 622.008118 -635.751343
v 1275.524292 622.008118 -635.751343
v 1275.524292 1070.502686 -241.015991
v -1300.000000 973.520325 375.726593
v -660.427856 652.578918 -660.899170
v -480.331421 826.631958 -660.899231
v -660.427856 622.008118 -660.899170
v -265.692413 1101.073364 -660.899231
v -265.692413 1070.502563 -660.899231
v 1300.000000 997.194031 -305.537476
v 1300.000000 897.938904 -131.431427
v 1300.000000 622.008118 -635.751343
v -1300.000000 640.216125 151.495239
v -1300.000000 495.711517 290.747742
v -1300.000000 516.253906 301.818298
v 1300.000000 516.254150 -278.896606
v 1300.000000 640.216553 -110.525070
v 1300.000000 495.711823 -267.139648
v -1300.000000 527.964294 311.307404
v -1300.000000 516.253784 -278.896606
v -1300.000000 640.216125 -110.525070
v -1300.000000 495.711456 -267.139648
v 1300.000000 527.964661 311.307404
v 1300.000000 527.964539 -289.685669
v -1300.000000 527.964172 -289.685669
v -1269.599731 475.169220 296.861603
v -1284.799805 182.405472 291.531281
v -1269.599731 182.405472 296.861633
v -1300.000000 182.405472 286.200897
v -1300.000000 475.169220 286.200867
v -1300.000000 527.964172 -417.020172
v -1300.000000 516.253784 -431.056152
v -1300.000000 495.711487 -441.731354
v -1300.000000 475.169189 -445.487427
v -1300.000000 182.405441 -445.487396
v -1300.000000 182.405472 -635.751282
v -1300.000000 495.711548 460.469513
v -1300.000000 475.169250 465.252014
v -1300.000000 516.253906 449.538086
v -1300.000000 527.964294 439.426514
v -1300.000000 539.674805 685.104492
v -1300.000000 182.405502 685.104553
v -1300.000000 182.405472 465.252045
v 1300.000000 182.405838 -635.751282
v 1300.000000 475.169556 -445.487427
v 1300.000000 182.405838 -445.487396
v 1300.000000 527.964539 -417.020172
v 1300.000000 539.674927 -402.119812
v 1300.000000 516.254150 -431.056152
v 1300.000000 495.711853 -441.731354
v 1300.000000 574.927856 375.726379
v 1300.000000 539.675110 422.300964
v 1300.000000 539.675110 325.685333
v 1300.000000 572.731506 -354.605530
v 1300.000000 539.674927 -307.967621
v -961.974792 622.008301 685.104492
v -1279.684204 0.010453 685.104553
v -949.859070 0.010453 685.104553
v -1279.684082 539.674805 685.104492
v -1279.683960 622.008301 685.104492
v 1269.536255 549.546936 159.216614
v 1284.768066 182.405899 165.399231
v 1269.536255 182.405899 159.216675
v 1300.000000 182.405914 171.581802
v 1300.000000 549.546936 171.581741
v -1269.599731 495.711517 -281.804382
v -1269.599731 182.405472 -277.021942
v -1269.599731 475.169159 -277.021912
v -1269.599731 182.405441 -432.683319
v -1269.599731 516.253784 -294.138641
v -1269.599731 527.964172 -309.169312
v -1269.599731 561.020752 -354.605499
v -1269.599731 527.964172 -401.255463
v -1269.599731 516.253784 -416.627777
v -1269.599731 495.711487 -429.267212
v -1269.599731 475.169189 -432.683258
v 1269.536255 475.169525 -277.021912
v 1284.768066 182.405869 -270.372742
v 1269.536255 182.405869 -277.021973
v 1300.000000 182.405869 -263.723541
v 1300.000000 475.169464 -263.723602
v 1269.536255 475.169556 454.572388
v 1284.768066 182.405869 459.912231
v 1269.536255 182.405869 454.572479
v 1300.000000 182.405869 465.252045
v 1300.000000 475.169556 465.252014
v 1300.000000 475.169556 -445.487427
v 1284.768066 182.405838 -439.085327
v 1300.000000 182.405838 -445.487396
v 1269.536255 182.405838 -432.683319
v 1269.536255 475.169556 -432.683258
v -1300.000000 475.169159 -263.723602
v -1284.799805 182.405472 -270.372742
v -1300.000000 182.405472 -263.723572
v -1269.599731 182.405472 -277.021942
v -1269.599731 475.169159 -277.021912
v -1269.599731 549.546570 -118.529091
v -1284.799805 182.405487 -124.948685
v -1269.599731 182.405487 -118.466019
v -1300.000000 182.405487 -131.431335
v -1300.000000 549.546570 -131.431381
v -1284.799805 177.653549 -277.021912
v -1300.000000 172.901596 -432.682983
v -1300.000000 172.901627 -277.021912
v -1284.799805 177.653519 -432.683136
v -1269.599731 182.405472 -277.021942
v -1269.599731 182.405441 -432.683319
v -1279.684204 0.010453 685.104553
v -1279.684204 361.040161 718.086914
v -1279.684204 0.010457 718.086975
v -1279.684082 393.880035 692.705200
v -1279.684082 539.674805 692.705200
v -1279.684082 539.674805 685.104492
v -1300.000000 766.937195 7.847617
v -1300.000000 756.366272 24.676359
v -1300.000000 809.724121 -60.268543
v -1300.000000 851.171814 -88.405251
v -1300.000000 897.938843 -131.431458
v 1300.000000 766.937500 7.847199
v 1300.000000 756.366272 24.676359
v 1300.000000 809.724548 -60.268932
v 1300.000000 797.038879 -263.723663
v -1300.000000 812.183777 106.552917
v -1300.000000 766.937317 40.182579
v -1300.000000 756.366272 24.676359
v 1300.000000 475.169586 286.200867
v 1284.768066 182.405930 291.531281
v 1300.000000 182.405930 286.200897
v 1269.536255 475.169525 296.861603
v 1269.536255 182.405914 296.861633
v -1284.799805 177.653610 454.572418
v -1300.000000 172.901733 296.862000
v -1300.000000 172.901764 454.572418
v -1284.799805 177.653595 296.861847
v -1269.599731 182.405472 454.572479
v -1269.599731 182.405472 296.861633
v 1300.000000 549.546936 -131.431381
v 1284.768066 182.405869 -124.917191
v 1300.000000 182.405869 -131.431335
v 1269.536255 182.405869 -118.403046
v 1269.536255 549.546936 -118.403099
v 1269.536255 182.405914 296.861633
v 1269.536255 475.169556 454.572388
v 1269.536255 182.405869 454.572479
v 1269.536255 495.711914 447.603607
v 1269.536255 516.254211 434.075958
v 1269.536255 527.964661 419.728546
v 1269.536255 563.217468 375.726410
v 1269.536255 527.964661 330.475403
v 1269.536255 516.254211 316.537842
v 1269.536255 495.711884 303.010406
v 1269.536255 475.169525 296.861603
v -1284.799805 177.653564 159.217178
v -1300.000000 172.901642 -118.403412
v -1300.000000 172.901703 159.217682
v -1284.799805 177.653564 -118.434708
v -1269.599731 182.405457 159.216660
v -1269.599731 182.405487 -118.466019
v -1300.000000 549.546570 171.581741
v -1284.799805 182.405441 165.399231
v -1300.000000 182.405457 171.581787
v -1269.599731 182.405457 159.216660
v -1269.599731 549.546570 159.216614
v -1269.599731 475.169189 -432.683258
v -1284.799805 182.405441 -439.085327
v -1269.599731 182.405441 -432.683319
v -1300.000000 182.405441 -445.487396
v -1300.000000 475.169189 -445.487427
v 1269.536255 182.405869 -277.021973
v 1269.536255 495.711884 -281.804443
v 1269.536255 475.169525 -277.021912
v 1269.536255 182.405838 -432.683319
v 1269.536255 516.254150 -294.138641
v 1269.536255 527.964539 -309.169342
v 1269.536255 561.021179 -354.605499
v 1269.536255 527.964539 -401.255463
v 1269.536255 516.254150 -416.627777
v 1269.536255 495.711853 -429.267212
v 1269.536255 475.169556 -432.683258
v -1269.599731 475.169250 454.572388
v -1269.599731 182.405472 296.861633
v -1269.599731 182.405472 454.572479
v -1269.599731 495.711548 447.603607
v -1269.599731 516.253906 434.075958
v -1269.599731 527.964294 419.728546
v -1269.599731 563.217041 375.726410
v -1269.599731 527.964294 330.475403
v -1269.599731 516.253906 316.537842
v -1269.599731 495.711517 303.010406
v -1269.599731 475.169220 296.861603
v 1300.000000 172.902084 465.251007
v 1300.000000 182.405869 685.104553
v 1300.000000 172.902145 685.104553
v 1300.000000 182.405869 465.252045
v -1300.000000 177.653610 465.251526
v 1284.768066 177.653976 454.572418
v 1269.536255 182.405914 296.861633
v 1269.536255 182.405869 454.572479
v 1284.768066 177.653992 296.861847
v 1300.000000 172.902084 454.572418
v 1300.000000 172.902069 296.862000
v 1284.768066 177.653915 -277.021912
v 1269.536255 182.405838 -432.683319
v 1269.536255 182.405869 -277.021973
v 1284.768066 177.653885 -432.683136
v 1300.000000 172.901962 -277.021912
v 1300.000000 172.901917 -432.682983
v -1300.000000 177.653595 286.200928
v -1300.000000 172.901718 171.581009
v -1300.000000 172.901733 286.200958
v -1300.000000 182.405472 286.200897
v -1300.000000 177.653580 171.581406
v -1300.000000 182.405457 171.581787
v 1300.000000 177.653992 286.200928
v 1300.000000 177.653976 171.581406
v 1300.000000 177.653931 -131.431107
v -1300.000000 177.653564 -131.431107
v -1300.000000 182.405487 -131.431335
v -1300.000000 177.653549 -263.723450
v -1300.000000 182.405472 -263.723572
v -1300.000000 177.653519 -445.487793
v -1300.000000 172.901596 -445.488159
v -1300.000000 172.901535 -635.751282
v 1300.000000 177.653885 -445.487793
v 1300.000000 182.405838 -635.751282
v 1300.000000 182.405838 -445.487396
v 1300.000000 172.901917 -445.488159
v 1300.000000 172.901871 -635.751282
v 1284.768066 177.653961 159.217178
v 1269.536255 182.405869 -118.403046
v 1269.536255 182.405899 159.216675
v 1284.768066 177.653931 -118.403214
v 1300.000000 172.902039 159.217682
v 1300.000000 172.901978 -118.403412
v -1289.772217 851.171814 -88.405251
v 1289.772217 845.761047 124.021072
v 1289.772217 851.172241 -88.405586
v -1289.772217 845.760925 124.020889
v 1300.000000 475.169556 465.252014
v 1300.000000 495.711914 460.469513
v 1300.000000 516.254272 449.538086
v 1300.000000 527.964661 439.426514
v -1300.000000 539.674805 685.104492
v -1300.000000 393.880035 692.705200
v -1300.000000 539.674805 692.705200
v -1300.000000 0.010457 718.086975
v -1300.000000 361.040161 718.086914
v -1300.000000 0.010453 685.104553
v -1300.000000 622.008301 707.263184
v -1300.000000 580.841553 718.086914
v -1300.000000 622.008301 685.104492
v -1300.000000 622.008118 -657.636902
v -1300.000000 539.674561 -635.751343
v -1300.000000 622.008118 -635.751343
v -1300.000000 539.674561 -648.184937
v -1300.000000 580.841309 -668.733765
v -1279.684082 622.008118 -635.751343
v -1279.684082 622.008118 -657.636902
v -1279.684082 580.841309 -668.733765
v -1279.683960 622.008301 707.263184
v -1279.684082 580.841553 718.086914
v -1279.683960 622.008301 685.104492
v -1300.000000 182.405472 -635.751282
v -1300.000000 172.901535 -635.751282
v -1300.000000 0.010276 -635.751282
v -1300.000000 393.879852 -648.184937
v -1300.000000 0.010271 -668.733704
v -1300.000000 361.039978 -668.733765
v -1300.000000 1121.684204 289.978912
v -1300.000000 1070.502197 190.231506
v -1300.000000 1070.501953 290.369598
v -1300.000000 1121.160034 245.783737
v -1300.000000 1121.160156 59.380009
v -1300.000000 1070.502319 66.377907
v -1300.000000 1070.502319 24.676397
v -1300.000000 1121.160156 -15.137369
v -1300.000000 1070.502319 -23.165739
v -1300.000000 1121.160278 -196.430573
v -1300.000000 1070.502319 -136.845154
v -1300.000000 1070.502441 -241.016266
v -1300.000000 1121.684204 -239.401871
v -660.427856 622.008362 1416.961182
v -330.213928 997.194275 1416.961182
v -156.107956 897.939026 1416.961182
v -693.410278 361.040253 1402.347290
v -660.427856 0.010549 1402.347290
v -693.410278 0.010549 1402.347290
v -672.861450 393.880127 1402.347290
v -660.427856 539.674805 1402.347168
v -672.861450 539.674805 1402.347168
v -1266.882446 1101.072754 290.369598
v -1279.683960 652.579102 685.104492
v -1266.882324 652.579102 685.104492
v -1300.000000 652.579102 685.104492
v -1300.000000 1101.072754 290.369598
v -264.175568 1120.985352 -660.899231
v 429.895782 475.169373 1395.093018
v 440.575409 182.405594 1416.961304
v 440.575409 475.169373 1416.961182
v 435.235596 182.405594 1406.027222
v 429.895844 182.405594 1395.093140
v -660.427856 622.008118 -433.149200
v -660.427856 0.010272 -660.899109
v -660.427856 0.010316 -333.309570
v -660.427856 622.008118 -638.233154
v -660.427856 622.008118 -660.899170
v 660.427856 622.008301 808.742188
v 265.693085 1070.502197 1392.877563
v 660.427856 622.008362 1392.877686
v 265.692902 1070.502197 -638.233704
v 660.427856 622.008118 -638.233398
v 330.213928 997.194275 1416.961182
v 660.427856 622.008362 1416.961182
v 166.210098 903.397827 1416.961182
v 212.187500 182.405609 1416.961304
v 212.187500 416.375336 1499.189453
v 212.187500 182.405624 1499.189453
v 212.187500 416.375336 1477.808472
v 212.187500 416.375305 1416.961304
v -214.760040 416.375336 1477.808228
v -214.760040 416.375336 1499.189453
v -214.760040 416.375305 1416.961304
v -470.163910 475.169434 1416.961182
v -660.427856 182.405746 1416.961304
v -470.163910 182.405685 1416.961304
v -660.427856 539.674805 1416.961182
v -466.407776 495.711731 1416.961182
v -455.732635 516.254028 1416.961182
v -441.696655 527.964417 1416.961182
v -426.796295 539.674805 1416.961182
v -379.281982 572.731384 1416.961182
v -332.644104 539.674805 1416.961182
v 660.427856 539.674866 1416.961182
v 440.575409 182.405594 1416.961304
v 660.427856 182.405594 1416.961304
v 440.575409 475.169373 1416.961182
v 435.792908 495.711670 1416.961182
v 424.861420 516.254028 1416.961182
v 414.749847 527.964417 1416.961182
v 397.624359 539.674866 1416.961182
v 351.049835 574.927612 1416.961182
v 301.008728 539.674866 1416.961182
v 660.427856 0.010470 808.742432
v 660.427856 539.674866 1402.347168
v 660.427856 0.010549 1402.347290
v 660.427856 622.008362 1402.347168
v 660.427856 622.008362 1392.877686
v 660.427856 622.008301 808.742188
v 266.854645 182.405609 1406.027222
v 261.524261 475.169373 1416.961182
v 261.524261 182.405609 1416.961304
v 272.185028 475.169373 1395.093018
v 272.185028 182.405609 1395.093140
v -301.698456 475.169373 1395.093018
v -288.400116 182.405685 1416.961304
v -288.400116 475.169373 1416.961182
v -295.049316 182.405685 1406.027222
v -301.698486 182.405685 1395.093140
v -457.359680 177.653763 1406.027222
v -301.698486 182.405685 1395.093140
v -457.359833 182.405685 1395.093140
v -457.359497 172.901840 1416.961304
v -301.698456 172.901840 1416.961304
v -301.698456 177.653763 1406.027222
v 660.427856 0.010549 1402.347290
v 668.028564 393.880127 1402.347290
v 693.410278 0.010549 1402.347290
v 660.427856 539.674866 1402.347168
v 693.410278 361.040253 1402.347290
v 668.028564 539.674866 1402.347168
v -288.400116 622.008362 1416.961182
v -288.400116 797.039124 1416.961182
v -16.828905 766.937378 1416.961182
v -84.945045 809.724304 1416.961182
v 261.524261 622.008362 1416.961182
v -0.000169 694.739258 1416.961182
v 57.544102 609.257446 1416.961182
v 261.524353 822.446899 1416.961182
v 15.506050 766.937500 1416.961182
v 81.876389 812.183960 1416.961182
v 272.185181 177.653732 1406.027222
v 429.895844 182.405594 1395.093140
v 272.185028 182.405609 1395.093140
v 272.185364 172.901871 1416.961304
v 429.895721 172.901886 1416.961304
v 429.895782 177.653732 1406.027222
v -301.698456 475.169373 1395.093018
v -457.359833 182.405685 1395.093140
v -301.698486 182.405685 1395.093140
v -457.359741 475.169434 1395.093018
v -306.480896 495.711731 1395.093018
v -453.943695 495.711731 1395.093018
v -318.815186 516.254028 1395.093018
v -441.304199 516.254028 1395.093018
v -333.845795 527.964417 1395.093018
v -425.931946 527.964417 1395.093018
v -379.281982 561.020996 1395.093018
v 429.895782 475.169373 1395.093018
v 272.185028 182.405609 1395.093140
v 429.895844 182.405594 1395.093140
v 272.185028 475.169373 1395.093018
v 422.927002 495.711670 1395.093018
v 278.333801 495.711670 1395.093018
v 409.399353 516.254028 1395.093018
v 291.861237 516.254028 1395.093018
v 395.051910 527.964417 1395.093018
v 305.798828 527.964417 1395.093018
v 351.049835 563.217163 1395.093018
v -463.761841 182.405685 1406.027222
v -470.163910 475.169434 1416.961182
v -470.163910 182.405685 1416.961304
v -457.359741 475.169434 1395.093018
v -457.359833 182.405685 1395.093140
v 660.427856 172.901901 1416.961304
v 212.186768 0.010551 1416.961304
v 660.427856 0.010551 1416.961304
v 272.185364 172.901871 1416.961304
v 440.574371 172.901886 1416.961304
v 429.895721 172.901886 1416.961304
v 212.186768 172.901871 1416.961304
v 440.574890 177.653732 1416.961304
v 261.524292 177.653732 1416.961304
v 261.524323 172.901871 1416.961304
v 212.187500 182.405609 1416.961304
v 261.524261 182.405609 1416.961304
v -214.760040 182.405685 1416.961304
v -288.399902 172.901840 1416.961304
v -214.759583 172.901840 1416.961304
v -288.399994 177.653763 1416.961304
v -288.400116 182.405685 1416.961304
v -470.164673 172.901840 1416.961304
v -660.427856 182.405746 1416.961304
v -660.427856 172.901810 1416.961304
v -470.164307 177.653763 1416.961304
v -470.163910 182.405685 1416.961304
v -113.081757 851.171997 1409.604004
v 99.344368 845.761108 1409.604004
v 693.410278 361.040253 1416.961304
v 660.427856 0.010551 1416.961304
v 693.410278 0.010551 1416.961304
v 660.427856 172.901901 1416.961304
v 660.427856 182.405594 1416.961304
v 668.028564 393.880127 1416.961304
v 660.427856 539.674866 1416.961182
v 668.028564 539.674866 1416.961182
v 693.410278 580.841614 1416.961182
v 660.427856 622.008362 1416.961182
v 682.586548 622.008362 1416.961182
v -660.427856 622.008362 1416.961182
v -672.861450 539.674805 1416.961182
v -660.427856 539.674805 1416.961182
v -693.410278 580.841553 1416.961182
v -682.313416 622.008362 1416.961182
v -693.410278 580.841553 1402.347168
v -660.427856 622.008362 1402.347168
v -682.313416 622.008362 1402.347168
v 660.427856 622.008362 1402.347168
v 693.410278 580.841614 1402.347168
v 682.586548 622.008362 1402.347168
v -660.427856 172.901810 1416.961304
v -693.410278 0.010551 1416.961304
v -660.427856 0.010551 1416.961304
v -693.410278 361.040253 1416.961304
v -660.427856 182.405746 1416.961304
v -672.861450 393.880127 1416.961304
v 265.302399 1121.684448 1416.961182
v 165.554993 1070.502441 1416.961182
v 265.693085 1070.502197 1416.961182
v 41.701420 1070.502563 1416.961182
v -0.000089 1070.502563 1416.961182
v -47.842220 1070.502563 1416.961182
v -161.521622 1070.502563 1416.961182
v -265.692719 1070.502686 1416.961182
v 221.107193 1121.160278 1416.961182
v -221.107010 1121.160522 1416.961182
v -264.078339 1121.684448 1416.961182
v -39.813843 1121.160400 1416.961182
v 34.703522 1121.160400 1416.961182
v -1300.000000 1101.072754 290.369598
v -1300.000000 622.008301 685.104492
v -1300.000000 652.579102 685.104492
v -1300.000000 973.520325 375.726593
v -1300.000000 997.194153 354.890442
v -1300.000000 1070.501953 290.369598
v -265.692413 1070.502563 -638.233459
v -660.427856 622.008362 1392.877197
v -265.692719 1070.502686 1392.877197
v -660.427856 622.008301 1003.488892
v -660.427856 622.008118 -433.149200
v -660.427856 622.008118 -638.233154
v -1300.000000 652.578918 -635.751343
v -1300.000000 1070.502441 -241.016266
v -1300.000000 1101.073242 -241.016281
v -1300.000000 997.194031 -305.537476
v -1300.000000 941.443298 -354.605621
v -1300.000000 622.008118 -635.751343
v 1300.000000 997.194031 -305.537476
v 1300.000000 1101.073486 -241.016006
v 1300.000000 1070.502686 -241.015991
v 1300.000000 652.578918 -635.751343
v 1300.000000 622.008118 -635.751343
v -1300.000000 1101.073242 -241.016281
v -1279.684082 652.578918 -635.751343
v -1300.000000 652.578918 -635.751343
v -1266.882446 652.578918 -635.751343
v -1266.882446 1101.073242 -241.016281
v 660.427856 652.579163 1402.347168
v 265.693085 1101.072998 1416.961182
v 660.427856 652.579163 1416.961182
v 265.693085 1101.072998 1392.877563
v 660.427856 652.579163 1392.877686
v 660.427856 652.579163 1416.961182
v 330.213928 997.194275 1416.961182
v 660.427856 622.008362 1416.961182
v 265.693085 1101.072998 1416.961182
v 265.693085 1070.502197 1416.961182
v -265.692719 1101.073486 1392.877197
v -660.427856 652.579163 1416.961182
v -265.692719 1101.073486 1416.961182
v -660.427856 652.579163 1402.347168
v -660.427856 652.579163 1392.877197
v 1300.000000 997.194153 354.890442
v 1300.000000 652.579102 685.104492
v 1300.000000 622.008301 685.104492
v 1300.000000 1101.072998 290.369354
v 1300.000000 1070.502319 290.369354
v -330.213928 997.194275 1416.961182
v -660.427856 652.579163 1416.961182
v -660.427856 622.008362 1416.961182
v -265.692719 1101.073486 1416.961182
v -265.692719 1070.502686 1416.961182
v -221.106628 1151.731323 -660.899292
v -58.930367 1305.423706 -660.899292
v -221.106628 1121.160522 -660.899231
v 0.000011 1402.950684 -660.899292
v 0.000011 1372.379883 -660.899292
v 277.141693 516.254028 1416.961182
v 147.322174 481.240662 1416.961182
v 186.369354 442.193420 1416.961304
v 286.630798 527.964417 1416.961182
v 301.008728 539.674866 1416.961182
v 49.653820 581.841309 1416.961182
v 266.071136 495.711670 1416.961182
v -50.181110 581.468811 1416.961182
v -147.564621 483.570740 1416.961182
v -60.788185 609.257446 1416.961182
v -186.339752 444.795532 1416.961304
v -291.816162 495.711670 1416.961182
v -303.573120 516.254028 1416.961182
v -314.362183 527.964417 1416.961182
v -214.759583 172.901840 1416.961304
v -660.427856 0.010551 1416.961304
v -214.759583 0.010551 1416.961304
v -660.427856 172.901810 1416.961304
v -470.164673 172.901840 1416.961304
v -131.351059 14.248830 1499.189453
v -214.759583 0.010562 1499.189453
v -131.351044 0.010562 1499.189453
v -214.759583 172.901855 1499.189453
v -131.351059 28.487106 1499.189453
v -131.351059 42.725372 1499.189453
v -131.351074 56.963642 1499.189453
v -214.760040 182.405701 1499.189453
v -104.795517 56.963634 1480.601318
v 95.250504 56.963634 1480.601318
v 95.250504 307.912598 1488.644531
v -108.650742 307.911377 1489.167603
v -104.795433 307.911377 1488.644531
v -98.261894 398.477081 1489.167603
v 99.447983 307.912628 1489.167603
v 84.947670 398.487823 1489.167603
v -186.339752 444.795563 1499.189453
v -214.760040 441.643829 1499.189453
v -214.760040 416.375336 1499.189453
v 0.919880 660.001465 1499.189331
v -147.564621 483.570770 1499.189331
v -50.181110 581.468811 1499.189331
v 0.919880 634.732910 1499.189331
v 212.187500 441.643829 1499.189453
v 186.369354 442.193451 1499.189453
v 212.187500 416.375336 1499.189453
v 0.919880 660.001465 1499.189331
v 147.322174 481.240692 1499.189331
v 49.653820 581.841309 1499.189331
v 0.919880 634.732910 1499.189331
v 122.148491 56.963657 1608.910034
v -131.351074 56.963657 1608.910034
v 143.372650 42.725388 1608.910034
v -152.575226 28.487120 1608.910034
v 143.372650 28.487120 1608.910034
v -152.575241 42.725388 1608.910034
v 204.559845 14.248845 1608.910034
v 170.999817 0.010577 1608.910034
v 204.559845 0.010577 1608.910034
v 143.372650 0.010577 1608.910034
v -4.601276 0.010577 1608.910034
v -152.575211 0.010577 1608.910034
v -180.202362 0.010577 1608.910034
v -213.762405 0.010577 1608.910034
v -213.762421 14.248845 1608.910034
v 170.999817 28.487120 1608.910034
v -180.202393 14.248845 1608.910034
v 170.999817 14.248845 1608.910034
v -180.202393 28.487120 1608.910034
v -213.762421 14.248830 1499.189453
v -213.762405 0.010577 1608.910034
v -213.762421 14.248845 1608.910034
v -213.762405 0.010573 1581.479980
v -213.762405 0.010570 1554.049805
v -213.762405 0.010566 1526.619629
v -213.762405 0.010562 1499.189453
v 204.559845 0.010573 1581.479980
v 204.559845 14.248845 1608.910034
v 204.559845 0.010577 1608.910034
v 204.559845 14.248830 1499.189453
v 204.559845 0.010570 1554.049805
v 204.559845 0.010566 1526.619629
v 204.559845 0.010562 1499.189453
v 212.186768 172.901886 1499.189453
v 122.148491 0.010562 1499.189453
v 212.186768 0.010562 1499.189453
v 122.148491 14.248830 1499.189453
v 122.148491 28.487106 1499.189453
v 122.148491 42.725372 1499.189453
v 122.148491 56.963642 1499.189453
v 212.187500 182.405624 1499.189453
v -1067.017944 0.470056 1147.551025
v -861.070374 0.470056 1147.551025
v -1125.860107 510.550934 676.813416
v -655.122681 0.469993 676.813477
v -1125.860107 0.469993 676.813477
v -655.122681 1020.631958 676.813354
v -1125.860107 671.586182 676.813416
v -1125.860107 758.847595 676.813354
v -1125.860107 846.109070 676.813354
v -1125.860107 933.370544 676.813354
v -1125.860107 1020.631958 676.813354
v -655.122681 0.469993 676.813477
v -655.122681 680.289429 1147.550903
v -655.122681 0.470056 1147.551025
v -655.122681 752.598694 1147.550903
v -655.122681 848.377441 1147.550903
v -655.122681 941.607117 1147.550903
v -655.122681 1020.632080 1147.550903
v -655.122681 1020.631958 676.813354
v -1136.063354 1010.019775 1163.900635
v -1109.715576 802.164185 1190.248413
v -1109.715576 1010.019775 1190.248413
v -1168.557739 802.164124 1131.406250
v -1168.557739 1010.019714 1131.406250
v -1168.557739 647.418640 1131.406250
v -1125.860107 0.470048 1088.708862
v -1168.557739 0.470054 1131.406372
v -1125.860107 510.550995 1088.708740
v -1125.860107 671.586365 1088.708740
v -1168.557739 802.164124 1131.406250
v -1125.860107 758.847717 1088.708740
v -1125.860107 846.109192 1088.708740
v -1168.557739 1010.019714 1131.406250
v -1125.860107 933.370605 1088.708740
v -1125.860107 1020.632019 1088.708740
v -1125.860107 1067.456665 1088.708740
v -1147.416260 650.419800 1227.949219
v -1206.258545 419.603363 1169.107178
v -1147.416260 419.603363 1227.949341
v -1206.258545 647.418701 1169.107056
v -1206.258545 684.922607 1169.107056
v -1147.416260 684.922607 1227.949219
v -1109.715576 0.470062 1190.248535
v -1147.416260 419.603363 1227.949341
v -1147.416260 0.470067 1227.949341
v -1147.416260 650.419800 1227.949219
v -1109.715576 650.419861 1190.248413
v -1067.017944 680.289429 1147.550903
v -1109.715576 0.470062 1190.248535
v -1067.017944 0.470056 1147.551025
v -1109.715576 650.419861 1190.248413
v -1109.715576 802.164185 1190.248413
v -1067.017944 752.598694 1147.550903
v -1067.017944 848.377441 1147.550903
v -1109.715576 1010.019775 1190.248413
v -1067.017944 941.607117 1147.550903
v -1067.017944 1020.632080 1147.550903
v -1067.017944 1067.456665 1147.550903
v -664.757812 1035.736938 1137.915649
v -758.096497 1020.632080 1147.550903
v -655.122681 1020.632080 1147.550903
v -861.070374 1020.632080 1147.550903
v -964.044067 1020.632080 1147.550903
v -1067.017944 1020.632080 1147.550903
v -1125.814453 1020.632080 1147.309082
v -1116.186768 1035.736938 1137.713379
v -720.907166 1035.736938 1137.890503
v -833.205688 1035.736938 1137.840210
v -946.062927 1035.736938 1137.789673
v -1059.478882 1035.736938 1137.738770
v -1116.224976 1035.736938 686.448608
v -655.122681 1020.631958 676.813354
v -1125.860107 1020.631958 676.813354
v -664.757812 1035.736938 686.448608
v -655.122681 1020.631958 676.813354
v -664.757812 1035.736938 1137.915649
v -655.122681 1020.632080 1147.550903
v -664.757812 1035.736938 1081.482300
v -664.757812 1035.736938 968.615479
v -664.757812 1035.736938 855.748779
v -664.757812 1035.736938 742.881958
v -664.757812 1035.736938 686.448608
v -1116.186768 1035.736938 1137.713379
v -1125.860107 1020.632019 1088.708740
v -1125.814453 1020.632080 1147.309082
v -1116.191528 1035.736938 1081.305298
v -1125.860107 1020.632019 985.734863
v -1116.201172 1035.736938 968.489075
v -1125.860107 1020.632019 882.761047
v -1116.210693 1035.736938 855.672852
v -1125.860107 1020.632019 779.787231
v -1116.220215 1035.736938 742.856628
v -1125.860107 1020.631958 676.813354
v -1116.224976 1035.736938 686.448608
v -653.242493 1741.387451 1149.433960
v -720.907166 1698.790527 1137.890381
v -664.757812 1698.790527 1137.915527
v -833.205688 1698.790527 1137.840088
v -946.062927 1698.790527 1137.789551
v -1059.478882 1698.790527 1137.738647
v -1116.186768 1698.790527 1137.713257
v -1127.701050 1741.387451 1149.221313
v -1127.703125 1839.567383 1126.346680
v -1127.701050 1741.387451 1149.221313
v -1127.701050 1839.567383 1149.221313
v -1127.741211 1741.387451 674.935181
v -1127.707642 1839.567383 1072.781006
v -1127.712158 1839.567383 1019.215210
v -1127.716675 1839.567383 965.649536
v -1127.725830 1839.567383 858.518005
v -1127.730225 1839.567383 804.952393
v -1127.734863 1839.567383 751.386597
v -1127.739380 1839.567383 697.820862
v -1127.741211 1839.567383 674.935181
v -664.757812 1698.790527 1137.915527
v -653.242493 1741.387451 674.935181
v -653.242493 1741.387451 1149.433960
v -664.757812 1698.790527 1081.482178
v -664.757812 1698.790527 968.615356
v -664.757812 1698.790527 855.748657
v -664.757812 1698.790527 742.881836
v -664.757812 1698.790527 686.448486
v -1127.741211 1839.567383 674.935181
v -653.242493 1741.387451 674.935181
v -1127.741211 1741.387451 674.935181
v -653.242493 1839.567383 674.935181
v -653.242493 1839.567383 1149.433960
v -1127.701050 1741.387451 1149.221313
v -653.242493 1741.387451 1149.433960
v -1127.701050 1839.567383 1149.221313
v -676.128296 1839.567383 1149.423706
v -729.714417 1839.567383 1149.399658
v -783.300476 1839.567383 1149.375610
v -836.886597 1839.567383 1149.351685
v -944.058777 1839.567383 1149.303589
v -997.644897 1839.567383 1149.279541
v -1051.231079 1839.567383 1149.255615
v -1104.817139 1839.567383 1149.231567
v -653.242493 1741.387451 674.935181
v -653.242493 1839.567383 1149.433960
v -653.242493 1741.387451 1149.433960
v -653.242493 1839.567383 1126.538208
v -653.242493 1839.567383 1072.948486
v -653.242493 1839.567383 1019.358643
v -653.242493 1839.567383 965.768982
v -653.242493 1839.567383 858.589539
v -653.242493 1839.567383 804.999878
v -653.242493 1839.567383 751.410095
v -653.242493 1839.567383 697.820312
v -653.242493 1839.567383 674.935181
v -1127.716675 1912.833984 965.649536
v -1104.839844 1912.833984 858.517822
v -1127.725830 1912.833984 858.518005
v -1104.835449 1912.833984 912.083313
v -1104.830933 1912.833984 965.649048
v -1104.848999 1839.567383 751.386536
v -1051.262939 1839.567383 697.820923
v -1104.853638 1839.567383 697.820923
v -1104.844482 1839.567383 804.952148
v -1104.839844 1839.567383 858.517822
v -1104.835449 1839.567383 912.083313
v -1104.830933 1839.567383 965.649048
v -1104.826416 1839.567383 1019.214600
v -1104.821777 1839.567383 1072.780151
v -1104.817261 1839.567383 1126.345825
v -1051.231201 1839.567383 1126.369873
v -997.672241 1839.567383 697.820923
v -997.645081 1839.567383 1126.393921
v -944.081604 1839.567383 697.820923
v -944.058899 1839.567383 1126.417847
v -836.900208 1839.567383 697.820923
v -836.886597 1839.567383 1126.465942
v -783.309631 1839.567383 697.820923
v -783.300537 1839.567383 1126.489990
v -729.718872 1839.567383 697.820923
v -729.714417 1839.567383 1126.513916
v -676.128296 1839.567383 697.820923
v -676.128296 1839.567383 1126.537964
v -664.757812 1698.790527 1137.915527
v -664.757812 1035.736938 1137.915649
v -664.757812 1698.790527 1081.482178
v -719.991699 1194.890381 686.448547
v -664.757812 1035.736938 686.448608
v -719.991699 1035.736938 686.448608
v -664.757812 1698.790527 686.448486
v -719.991699 1592.774414 686.448486
v -719.991699 1632.562744 686.448486
v -719.991699 1698.790527 686.448486
v -1116.224976 1698.790527 686.448486
v -1116.220215 1632.562744 742.856506
v -1116.220215 1698.790527 742.856506
v -1116.220215 1592.774414 742.856506
v -1116.224976 1035.736938 686.448608
v -1116.191528 1698.790527 1081.305176
v -1116.186768 1035.736938 1137.713379
v -1116.186768 1698.790527 1137.713257
v -1116.220215 1698.790527 742.856506
v -1116.210693 1698.790527 855.672729
v -1127.741211 1741.387451 674.935181
v -1116.186768 1698.790527 1137.713257
v -1127.701050 1741.387451 1149.221313
v -1116.191528 1698.790527 1081.305176
v -1116.201172 1698.790527 968.488953
v -1116.210693 1698.790527 855.672729
v -1116.220215 1698.790527 742.856506
v -1116.224976 1698.790527 686.448486
v -1116.201172 1698.790527 968.488953
v -1116.191528 1698.790527 1081.305176
v -1116.224976 1698.790527 686.448486
v -1116.224976 1035.736938 686.448608
v -1059.791504 1592.774414 686.448486
v -1059.791504 1632.562744 686.448486
v -1059.791504 1698.790527 686.448486
v -834.057983 1698.790527 686.448486
v -719.991699 1698.790527 686.448486
v -1127.741211 1741.387451 674.935181
v -1059.791504 1698.790527 686.448486
v -1116.224976 1698.790527 686.448486
v -946.924805 1698.790527 686.448486
v -834.057983 1698.790527 686.448486
v -719.991699 1698.790527 686.448486
v -664.757812 1698.790527 686.448486
v -653.242493 1741.387451 674.935181
v -1059.791504 1698.790527 686.448486
v -946.924805 1698.790527 686.448486
v -664.757812 1035.736938 686.448608
v -664.757812 1592.774414 742.881836
v -664.757812 1632.562744 742.881836
v -664.757812 1698.790527 742.881836
v -664.757812 1698.790527 686.448486
v -664.757812 1698.790527 855.748657
v -664.757812 1698.790527 742.881836
v -664.757812 1698.790527 1081.482178
v -664.757812 1698.790527 968.615356
v -720.907166 1698.790527 1137.890381
v -833.205688 1698.790527 1137.840088
v -946.062927 1698.790527 1137.789551
v -1059.478882 1698.790527 1137.738647
v -1116.186768 1035.736938 1137.713379
v -1116.186768 1698.790527 1137.713257
v -1059.478882 1592.774414 1137.738647
v -1059.478882 1632.562744 1137.738647
v -1059.478882 1698.790527 1137.738647
v -833.205688 1592.774414 1137.840088
v -946.062927 1592.774414 1137.789551
v -833.205688 1632.562744 1137.840088
v -946.062927 1632.562744 1137.789551
v -833.205688 1698.790527 1137.840088
v -946.062927 1698.790527 1137.789551
v -1116.210693 1698.790527 855.672729
v -1116.201172 1632.562744 968.488953
v -1116.201172 1698.790527 968.488953
v -1116.201172 1592.774414 968.488953
v -664.757812 1698.790527 1137.915527
v -664.757812 1035.736938 1137.915649
v -720.907166 1592.774414 1137.890381
v -720.907166 1632.562744 1137.890381
v -720.907166 1698.790527 1137.890381
v -834.057983 1035.736938 686.448608
v -834.057983 1194.890381 686.448547
v -946.924805 1592.774414 686.448486
v -834.057983 1592.774414 686.448486
v -946.924805 1632.562744 686.448486
v -834.057983 1632.562744 686.448486
v -946.924805 1698.790527 686.448486
v -834.057983 1698.790527 686.448486
v -664.757812 1592.774414 968.615356
v -664.757812 1632.562744 968.615356
v -664.757812 1698.790527 968.615356
v -664.757812 1698.790527 855.748657
v -1070.632446 1632.562744 1041.511108
v -1070.629150 1194.890381 1081.301392
v -1070.629150 1592.774414 1081.301270
v -1070.638672 1194.890381 968.485107
v -1070.635376 1632.562744 1008.274536
v -1070.638672 1592.774414 968.485046
v -946.042419 1592.774414 1092.226929
v -1059.458374 1194.890381 1092.176270
v -946.042419 1194.890381 1092.227051
v -1059.458374 1592.774414 1092.176147
v -986.694153 1632.562744 1092.208740
v -1019.984253 1632.562744 1092.193848
v -1070.651489 1632.562744 815.881653
v -1070.648193 1194.890381 855.669006
v -1070.648193 1592.774414 855.668945
v -1070.657593 1194.890381 742.852722
v -1070.654297 1632.562744 782.641174
v -1070.657593 1592.774414 742.852661
v -1059.791504 1592.774414 732.010864
v -946.924805 1194.890381 732.010925
v -1059.791504 1194.890381 732.010925
v -946.924805 1592.774414 732.010864
v -1020.004639 1632.562744 732.010864
v -986.714661 1632.562744 732.010864
v -710.320312 1194.890381 742.881897
v -710.320312 1592.774414 855.748657
v -710.320312 1194.890381 855.748718
v -710.320312 1632.562744 815.885498
v -710.320312 1632.562744 782.645020
v -710.320312 1592.774414 742.881836
v -710.320312 1194.890381 968.615417
v -710.320312 1592.774414 1081.482178
v -710.320312 1194.890381 1081.482300
v -710.320312 1632.562744 1041.515015
v -710.320312 1632.562744 1008.278442
v -710.320312 1592.774414 968.615356
v -720.886719 1592.774414 1092.327881
v -833.185181 1194.890381 1092.277710
v -720.886719 1194.890381 1092.328003
v -833.185181 1592.774414 1092.277588
v -759.759644 1632.562744 1092.310547
v -794.250854 1632.562744 1092.294922
v -834.057983 1592.774414 732.010864
v -719.991699 1194.890381 732.010925
v -834.057983 1194.890381 732.010925
v -719.991699 1592.774414 732.010864
v -794.271301 1632.562744 732.010864
v -759.780029 1632.562744 732.010864
v -1125.860107 510.550934 676.813416
v -1125.860107 446.790894 826.019775
v -1125.860107 464.686646 863.413391
v -1125.860107 437.633789 814.516602
v -1125.860107 426.017029 803.792419
v -1125.860107 415.876038 795.716736
v -1125.860107 394.137360 784.891907
v -1125.860107 374.099243 779.787292
v -1125.860107 64.230125 779.787354
v -1125.860107 48.290096 779.787354
v -1125.860107 32.350067 779.787354
v -1125.860107 16.410034 779.787354
v -1125.860107 0.470007 779.787354
v -1125.860107 0.469993 676.813477
v -1125.860107 510.550995 1088.708740
v -1125.860107 374.099274 985.734924
v -1125.860107 0.470048 1088.708862
v -1125.860107 394.137390 977.369019
v -1125.860107 415.876038 966.233337
v -1125.860107 426.017029 958.426270
v -1125.860107 437.633789 948.526001
v -1125.860107 446.790894 937.911987
v -1125.860107 464.686646 900.059021
v -1125.860107 0.470035 985.734985
v -1125.860107 64.230156 1036.119141
v -1198.669678 64.230118 729.403076
v -1198.669678 64.230156 1036.119141
v -1125.860107 64.230118 729.403076
v -1107.757202 464.686646 900.059021
v -1107.757202 468.864075 882.761108
v -1107.757202 464.686646 863.413391
v -1125.860107 468.864075 882.761108
v -655.122681 0.470056 1147.551025
v 400.422089 -0.247087 -1426.215942
v 400.422089 685.058594 -634.925720
v 400.422089 -0.246980 -634.925598
v 400.422089 685.058472 -1391.519897
v 400.422089 685.058472 -1426.216064
v -390.868164 685.058472 -1296.974487
v -390.868164 -0.246980 -634.925598
v -390.868164 685.058594 -634.925720
v -390.868164 461.281433 -1296.976196
v -390.868164 -0.247069 -1296.980957
v -390.868164 281.714447 -1296.979370
v -702.004822 683.881531 -1280.951294
v -0.130127 683.881592 -735.495728
v -702.004822 -0.588882 -735.495605
v -0.130127 -0.588882 -735.495605
v -702.004822 341.646332 -735.495667
v -702.004822 683.881592 -735.495728
v 4.776970 1070.677856 -634.925720
v -390.868164 685.058472 -1296.974487
v -390.868164 685.058594 -634.925720
v -390.868164 685.058472 -1391.519897
v 4.776970 1070.677734 -1391.519897
v -702.004822 341.646240 -1280.951172
v -0.130127 -0.588955 -1280.951172
v -702.004822 -0.588955 -1280.951172
v -0.130127 683.881531 -1280.951294
v -702.004822 683.881531 -1280.951294
v -702.004822 -0.588920 -1017.986450
v -702.004822 1000.388977 -1017.986572
v -702.004822 683.881592 -735.495728
v -702.004822 1000.388977 -1017.986572
v -702.004822 -0.588920 -1017.986450
v -0.130127 683.881531 -1400.726074
v 701.744568 -0.588971 -1400.725952
v -0.130127 -0.588971 -1400.725952
v 701.744568 657.115295 -1400.726074
v 713.079712 672.234985 -1400.726074
v 713.079712 687.354614 -1400.726074
v 16.756313 687.354614 -1400.726074
v 16.756313 687.354614 -1280.951294
v -0.130127 683.881531 -1400.726074
v -0.130127 683.881531 -1280.951294
v 16.756313 687.354614 -1400.726074
v 701.744568 657.115417 -460.290771
v -0.130127 -0.588845 -460.290680
v 701.744568 -0.588845 -460.290680
v -0.130127 683.881653 -460.290771
v 713.079712 672.235107 -460.290771
v 713.079712 687.354736 -460.290771
v 16.756252 687.354736 -460.290771
v 16.756252 687.354736 -460.290771
v -0.130127 683.881592 -735.495728
v -0.130127 683.881653 -460.290771
v 16.756252 687.354675 -735.495728
v 713.079712 672.234985 -1400.726074
v 713.079712 687.354736 -460.290771
v 713.079712 672.235107 -460.290771
v 713.079712 687.354736 -597.893250
v 713.079712 687.354675 -735.495728
v 713.079712 687.354675 -876.741150
v 713.079712 687.354675 -1017.986572
v 713.079712 687.354614 -1149.468872
v 713.079712 687.354614 -1280.951294
v 713.079712 687.354614 -1340.838745
v 713.079712 687.354614 -1400.726074
v -390.868164 685.058472 -1426.216064
v -390.868164 461.281433 -1391.520386
v -390.868164 685.058472 -1391.519897
v -390.868164 -0.247087 -1426.215942
v -390.868164 685.058472 -1296.974487
v -390.868164 535.936707 -1312.130493
v -390.868164 461.281433 -1296.976196
v -390.868164 559.684143 -1344.248169
v -390.868164 535.936707 -1378.223999
v -374.124207 535.936707 -1312.130493
v -374.124207 281.714447 -1296.979370
v -374.124207 461.281433 -1296.976196
v -374.124207 281.714447 -1391.520752
v -374.124207 559.684143 -1344.248169
v -374.124207 535.936707 -1378.223999
v -374.124207 461.281433 -1391.520386
v 701.744568 657.115356 -735.495667
v 713.079712 672.235107 -460.290771
v 701.744568 657.115417 -460.290771
v 713.079712 672.234985 -1400.726074
v 701.744568 657.115356 -1017.986511
v 701.744568 657.115295 -1280.951294
v 701.744568 657.115295 -1400.726074
v -1300.000000 0.010302 -439.085602
v -1300.000000 172.901596 -439.085571
v -1300.000000 0.010276 -635.751282
v -1300.000000 172.901627 -270.372620
v -1300.000000 0.010326 -263.723419
v -1300.000000 172.901627 -263.723358
v -1300.000000 172.901627 -277.021912
v -1300.000000 172.901596 -432.682983
v -1300.000000 172.901718 171.581009
v -1300.000000 0.010384 171.581070
v -1300.000000 172.901703 165.399338
v -1300.000000 172.901703 159.217682
v -1300.000000 172.901642 -118.403412
v -1300.000000 172.901642 -124.917145
v -1300.000000 172.901764 459.911713
v -1300.000000 0.010424 465.250885
v -1300.000000 172.901764 465.251007
v -1300.000000 172.901764 454.572418
v -1300.000000 172.901733 296.862000
v -1300.000000 172.901733 291.531464
v -1300.000000 997.194031 -305.537476
v -1300.000000 941.443298 -354.605621
v -1279.684082 539.674561 -635.751343
v -1279.684082 0.010276 -635.751282
v -1279.684082 622.008118 -635.751343
v 264.995514 1120.985352 -660.899231
v 1300.000000 172.902145 685.104553
v 1076.232544 0.010453 685.104553
v 1300.000000 0.010453 685.104553
v 1076.232544 622.008301 685.104492
v 1300.000000 182.405869 685.104553
v 1300.000000 622.008301 685.104492
v 660.427856 0.010272 -660.899109
v 660.427856 622.008301 808.742188
v 660.427856 0.010470 808.742432
v 660.427856 622.008118 -638.233398
v 660.427856 622.008118 -660.899170
v 1300.000000 0.010423 459.911774
v 1300.000000 0.010453 685.104553
v 1300.000000 172.902084 459.911713
v 1300.000000 0.010399 286.200989
v 1300.000000 172.902084 454.572418
v 1300.000000 172.902069 296.862000
v 1300.000000 172.902069 291.531464
v 1300.000000 172.902069 286.200958
v 1300.000000 0.010343 -131.430710
v 1300.000000 172.902039 165.399338
v 1300.000000 172.902039 159.217682
v 1300.000000 172.901978 -118.403412
v 1300.000000 172.901978 -124.917145
v 1300.000000 172.901978 -131.430893
v 1300.000000 0.010326 -263.723358
v 1300.000000 172.901962 -270.372620
v 1300.000000 172.901962 -263.723358
v 1300.000000 172.901962 -277.021912
v 1300.000000 172.901917 -432.682983
v 1300.000000 172.901917 -439.085571
v -660.427856 622.008362 1392.877197
v -660.427856 539.674805 1402.347168
v -660.427856 622.008362 1402.347168
v -660.427856 0.010549 1402.347290
v -660.427856 0.010500 1035.828003
v -660.427856 622.008301 1003.488892
v -1168.557739 647.418640 1131.406250
v -1206.258545 419.603363 1169.107178
v -1206.258545 647.418701 1169.107056
v -1206.258545 0.470059 1169.107178
v -1168.557739 0.470054 1131.406372
vn -1.0000 -0.0000 -0.0000
vn 0.3261 -0.7960 -0.5099
vn -0.3052 -0.7487 0.5884
vn 0.3429 -0.7754 -0.5302
vn 0.3046 -0.7489 0.5886
vn 0.3693 -0.7206 0.5869
vn -0.3699 -0.7204 0.5867
vn -0.3267 -0.7959 -0.5098
vn 1.0000 -0.0000 -0.0000
vn 0.1088 -0.9572 -0.2682
vn -0.1091 -0.9572 -0.2681
vn -0.1277 -0.9451 0.3008
vn 0.1304 -0.9448 0.3007
vn 0.4160 -0.9093 -0.0000
vn -0.4168 -0.9090 -0.0000
vn -0.3435 -0.7752 -0.5301
vn -0.0000 -0.0000 1.0000
vn 0.5645 -0.7182 0.4069
vn 0.5525 -0.6784 0.4843
vn -0.4862 -0.7590 0.4331
vn -0.0000 -0.0000 -1.0000
vn -0.5032 -0.7358 0.4532
vn -0.1631 -0.5822 0.7965
vn 0.1776 -0.5579 0.8107
vn -0.0000 1.0000 -0.0000
vn -0.4873 0.7246 0.4873
vn -0.0004 -0.0000 1.0000
vn -1.0000 -0.0000 0.0001
vn -0.0040 0.2782 0.9605
vn -0.9844 0.1759 0.0008
vn 0.7507 0.6607 -0.0000
vn -0.0000 -0.4786 0.8780
vn 0.3100 -0.5305 -0.7889
vn 0.0001 1.0000 -0.0041
vn -0.0000 1.0000 -0.0041
vn 0.3352 -0.7574 0.5604
vn 0.3704 0.8904 0.2646
vn -0.3751 0.8999 0.2226
vn -0.3751 0.8999 0.2225
vn 0.0002 -0.0000 1.0000
vn -0.0000 -0.8378 0.5459
vn -0.3133 -0.7494 -0.5833
vn -0.3228 -0.5634 0.7605
vn -0.4673 0.3737 -0.8013
vn -0.4673 0.3737 -0.8012
vn -0.0000 0.4615 -0.8871
vn -0.6824 0.5457 0.4864
vn 0.3684 -0.2011 -0.9077
vn -0.4012 0.3207 0.8580
vn -0.4012 0.3208 0.8580
vn -0.3710 0.8902 0.2645
vn 0.3072 -0.7789 0.5468
vn -0.2726 -0.7164 0.6423
vn 0.2840 -0.6299 -0.7229
vn -0.3086 -0.7726 -0.5548
vn -0.3717 -0.4749 -0.7977
vn -0.2971 0.7128 0.6354
vn 0.3576 -0.6917 -0.6274
vn 0.3899 -0.4658 -0.7944
vn 0.4104 -0.1785 -0.8943
vn -0.3714 -0.6706 -0.6422
vn 0.3710 -0.4750 -0.7979
vn 0.3483 -0.2578 -0.9012
vn -0.3906 -0.4656 -0.7941
vn 0.3707 -0.6708 -0.6423
vn -0.7103 0.5687 0.4149
vn -0.7102 0.5687 0.4149
vn -0.7103 0.5686 0.4149
vn -0.3174 0.7615 0.5652
vn -0.3590 -0.4606 0.8117
vn -0.3590 -0.4607 0.8117
vn -0.4454 0.3562 -0.8214
vn -0.4454 0.3563 -0.8214
vn 0.3782 -0.1592 0.9119
vn 0.2950 -0.7474 0.5953
vn 0.3584 -0.4608 0.8119
vn -0.2955 -0.7473 0.5951
vn -0.3789 -0.1591 0.9117
vn -0.3077 -0.7787 0.5467
vn -0.3691 -0.2010 -0.9074
vn 0.3080 -0.7728 -0.5549
vn 0.3552 -0.4802 0.8020
vn -0.3428 -0.2367 0.9091
vn 0.3421 -0.2367 0.9094
vn 0.3660 -0.6581 0.6580
vn -0.3666 -0.6580 0.6578
vn 0.3128 -0.7495 -0.5834
vn -0.3750 0.9008 0.2190
vn -0.3750 0.9008 0.2189
vn -0.3558 -0.4801 0.8018
vn -0.2973 0.7133 -0.6347
vn -0.3822 -0.2076 0.9005
vn -0.3358 -0.7572 0.5602
vn -0.4111 -0.1784 -0.8939
vn -0.4111 -0.1784 -0.8940
vn -0.3212 0.7705 -0.5506
vn -0.0000 -0.3426 0.9395
vn -0.3489 -0.2577 -0.9010
vn 0.3229 -0.5622 0.7614
vn -0.3711 0.8903 -0.2641
vn -0.3711 0.8903 -0.2640
vn -0.3711 0.8902 -0.2641
vn 0.2736 -0.7178 0.6402
vn 0.3847 -0.2073 0.8995
vn 0.3847 -0.2074 0.8994
vn -0.2933 -0.6278 -0.7210
vn -0.3197 -0.5289 -0.7861
vn -0.3181 0.7659 0.5587
vn -0.3138 0.7528 -0.5786
vn -0.0000 -0.8009 -0.5987
vn -0.0000 0.8468 0.5319
vn -0.7086 0.5666 0.4206
vn -0.7085 0.5666 0.4206
vn -0.7086 0.5665 0.4206
vn -0.7132 0.5703 -0.4076
vn -0.3744 0.8982 -0.2302
vn -0.3744 0.8983 -0.2302
vn -0.7041 0.5630 -0.4328
vn -0.3758 0.9015 -0.2148
vn -0.3758 0.9014 -0.2148
vn -0.4017 0.3213 -0.8576
vn 0.4010 0.3214 -0.8579
vn 0.4010 0.3213 -0.8579
vn -0.6826 0.5459 -0.4858
vn -0.6827 0.5459 -0.4858
vn 0.3737 0.8985 -0.2302
vn -0.4598 0.3691 0.8077
vn -0.4598 0.3690 0.8077
vn 0.7100 0.5689 0.4150
vn 0.7100 0.5689 0.4149
vn 0.3751 0.9018 -0.2148
vn -0.3583 -0.6915 -0.6273
vn -0.4560 0.3646 0.8119
vn -0.4560 0.3645 0.8119
vn 0.7078 0.5672 0.4210
vn 0.7079 0.5672 0.4210
vn 0.4552 0.3647 0.8123
vn 0.4552 0.3646 0.8123
vn 0.3168 0.7616 0.5653
vn 0.3744 0.9001 0.2227
vn 0.3745 0.9001 0.2227
vn 0.3206 0.7706 -0.5508
vn 0.4666 0.3739 -0.8016
vn 0.7124 0.5709 -0.4080
vn 0.7124 0.5710 -0.4080
vn 0.4604 0.3690 0.8074
vn 0.3185 0.7658 0.5586
vn 0.3185 0.7659 0.5586
vn 0.3747 0.9009 0.2191
vn 0.3132 0.7529 -0.5788
vn 0.4447 0.3564 -0.8217
vn 0.4447 0.3565 -0.8217
vn 0.7033 0.5636 -0.4332
vn 0.7033 0.5637 -0.4332
vn 0.6818 0.5465 -0.4863
vn 0.3704 0.8905 -0.2642
vn 0.2967 0.7134 -0.6348
vn 0.2968 0.7134 -0.6348
vn 0.6816 0.5462 0.4869
vn 0.4005 0.3208 0.8583
vn 0.4005 0.3209 0.8583
vn 0.2965 0.7129 0.6355
vn -0.0000 -0.4692 -0.8831
vn -0.0000 0.5617 0.8274
vn -0.0000 -0.2425 -0.9702
vn -0.0000 0.8263 -0.5633
vn -0.0000 -0.8009 -0.5988
vn -0.0000 0.2543 0.9671
vn -0.0000 -0.4466 -0.8947
vn -0.0000 -0.5248 0.8512
vn -0.0000 0.2603 -0.9655
vn -0.0000 0.5304 -0.8477
vn -0.0000 0.6115 0.7912
vn -0.0000 0.0076 1.0000
vn 0.0001 1.0000 0.0042
vn -0.0000 0.0308 -0.9995
vn -0.0000 0.0307 -0.9995
vn -0.0000 0.0306 -0.9995
vn -0.0000 0.0310 -0.9995
vn -0.0000 0.6607 0.7507
vn -0.0000 0.0315 -0.9995
vn 0.8780 -0.4786 -0.0000
vn 0.2093 0.8461 0.4903
vn 0.2093 0.8461 0.4902
vn 0.0040 1.0000 -0.0002
vn -0.5583 -0.7173 0.4169
vn -0.7304 0.3406 0.5921
vn -0.7303 0.3407 0.5921
vn -0.7303 0.3406 0.5921
vn -0.8871 0.4615 -0.0000
vn 0.4062 0.4557 0.7921
vn 0.4062 0.4557 0.7920
vn 0.8000 0.2992 0.5201
vn 0.8000 0.2992 0.5200
vn -0.0040 1.0000 -0.0002
vn 0.2490 0.8380 0.4856
vn 0.2489 0.8380 0.4856
vn -0.5317 -0.7405 0.4111
vn -0.7508 -0.4470 0.4863
vn 0.6107 0.6851 0.3970
vn -0.6045 -0.6313 0.4859
vn -0.7428 -0.4358 0.5082
vn -0.7430 -0.4357 0.5081
vn -0.7431 -0.4356 0.5080
vn 0.5404 0.7280 0.4219
vn 0.7669 -0.4352 0.4716
vn 0.5723 -0.7186 0.3951
vn 0.8562 -0.1494 0.4945
vn 0.8562 -0.1495 0.4946
vn 0.5241 -0.7464 0.4101
vn 0.8631 -0.2247 0.4524
vn 0.8630 -0.2247 0.4524
vn 0.6201 -0.6202 0.4804
vn 0.7583 -0.4540 0.4678
vn -0.6101 0.6856 0.3972
vn 0.5329 -0.7203 0.4441
vn -0.8309 -0.1658 0.5312
vn -0.5259 0.7359 0.4264
vn 0.9395 -0.3426 -0.0000
vn -0.8538 -0.2442 0.4597
vn -0.2486 0.8381 0.4856
vn 0.5319 0.8468 -0.0000
vn 0.3471 0.4676 0.8129
vn 0.3472 0.4676 0.8129
vn 0.3471 0.4676 0.8130
vn -0.3357 0.4697 0.8165
vn -0.2019 0.8474 0.4910
vn -0.2019 0.8475 0.4910
vn -0.7995 0.2995 0.5206
vn -0.7995 0.2996 0.5206
vn -0.4056 0.4558 0.7923
vn 0.7187 0.6953 -0.0000
vn -0.5928 -0.6535 0.4707
vn 0.7431 0.3337 0.5801
vn 0.8274 0.5617 -0.0000
vn 0.8274 0.5616 -0.0000
vn 0.5459 -0.8378 -0.0000
vn -0.5633 0.8263 -0.0000
vn -0.5987 -0.8009 -0.0000
vn -0.5988 -0.8009 -0.0000
vn -0.9702 -0.2425 -0.0000
vn -0.8831 -0.4692 -0.0000
vn 0.9671 0.2543 -0.0000
vn -0.8947 -0.4466 -0.0000
vn 0.8512 -0.5248 -0.0000
vn -0.9655 0.2603 -0.0000
vn -0.8477 0.5304 -0.0000
vn 0.7912 0.6115 -0.0000
vn 1.0000 0.0077 -0.0000
vn 1.0000 0.0076 -0.0002
vn 0.9999 0.0107 -0.0001
vn -0.9995 0.0309 -0.0000
vn -0.9995 0.0306 -0.0000
vn -0.9995 0.0308 -0.0000
vn -0.9995 0.0315 -0.0000
vn -0.0001 0.0301 -0.9995
vn -0.0000 0.0300 -0.9995
vn -0.0000 0.6607 -0.7507
vn 0.0002 0.0139 0.9999
vn -0.0001 0.0138 0.9999
vn -0.0001 -0.0000 -1.0000
vn -0.9995 0.0301 -0.0000
vn -0.9995 0.0300 -0.0000
vn -0.7507 0.6607 -0.0000
vn 0.9999 0.0139 -0.0003
vn 0.9999 0.0138 -0.0002
vn -0.0000 0.9999 0.0122
vn -0.0000 0.9999 -0.0119
vn -0.0117 0.9999 -0.0004
vn -0.0119 0.9999 -0.0000
vn 0.0120 0.9999 -0.0000
vn 0.0122 0.9999 -0.0004
vn -0.0000 1.0000 -0.0038
vn 0.0003 1.0000 -0.0039
vn 0.0002 1.0000 0.0038
vn 0.0003 1.0000 0.0038
vn 0.0038 1.0000 -0.0004
vn 0.0039 1.0000 -0.0003
vn -0.0039 1.0000 -0.0000
vn -0.0041 1.0000 -0.0004
vn 1.0000 -0.0000 -0.0002
vn 1.0000 -0.0001 -0.0000
vn 0.4035 -0.0463 0.9138
vn 0.4034 -0.0463 0.9138
vn 0.3917 -0.2408 0.8880
vn 0.3916 -0.2408 0.8881
vn -0.3924 -0.2332 0.8898
vn -0.3924 -0.2333 0.8897
vn -0.4030 -0.0645 0.9129
vn 0.3070 -0.4282 0.8499
vn -0.2983 -0.4531 0.8401
vn -0.2983 -0.4532 0.8400
vn -0.2983 -0.4531 0.8400
vn -0.4018 0.0002 0.9157
vn -0.4019 0.0002 0.9157
vn -0.1377 -0.0000 0.9905
vn -0.1377 0.0002 0.9905
vn 0.1496 0.0002 0.9887
vn 0.4018 0.0002 0.9157
vn -0.0000 -1.0000 -0.0000
vn -0.7115 0.7027 -0.0000
vn 0.9843 -0.1765 -0.0000
vn -0.9726 -0.2327 -0.0000
vn -0.7071 -0.0000 -0.7071
vn -0.6437 0.4140 0.6437
vn -0.7071 -0.0000 0.7071
vn 0.7071 -0.0000 0.7071
vn -0.6535 0.3820 0.6535
vn 1.0000 -0.0000 0.0041
vn 0.9816 -0.0000 0.1909
vn -0.1867 -0.0000 -0.9824
vn -0.0008 -0.0000 -1.0000
vn 0.0004 -0.0000 -1.0000
vn 1.0000 -0.0000 -0.0001
vn -0.0005 -0.0000 1.0000
vn -0.6995 -0.7147 -0.0003
vn -0.7071 -0.7071 -0.0000
vn 0.7071 -0.7071 -0.0000
vn -0.0001 -0.7071 -0.7071
vn 1.0000 -0.0000 0.0005
vn -0.0000 -0.7078 -0.7064
vn 0.7147 -0.6994 0.0003
vn 0.0001 -0.0000 1.0000
vn -0.0000 -0.7060 0.7082
vn -0.7153 -0.6988 -0.0003
vn 0.0001 -0.7071 0.7071
vn -1.0000 -0.0000 -0.0005
vn -0.0000 -0.7087 -0.7055
vn -1.0000 -0.0000 -0.0004
vn -0.0000 -0.7069 0.7073
vn 0.7099 -0.7043 0.0003
vn -0.0000 -0.9041 -0.4274
vn -0.0000 -0.6100 -0.7924
vn -0.0000 -0.4458 0.8952
vn -0.0000 -0.4457 0.8952
vn -0.0000 -0.4559 -0.8900
vn -0.0000 -0.9020 0.4317
vn -0.0000 -0.7824 0.6228
vn -0.0000 -0.6229 0.7823
vn -0.0000 -0.7572 -0.6532
vn -0.0721 -0.0000 -0.9974
vn 0.8425 -0.0000 0.5387
vn -0.1617 -0.0000 -0.9868
vn -0.0000 -0.6783 0.7348
vn -0.0000 -0.2469 0.9691
vn -0.2280 -0.0000 -0.9737
vn -0.0000 -0.6486 -0.7611
vn -0.0000 -0.3853 -0.9228
vn -0.0000 -0.4465 -0.8948
vn -0.0000 0.2062 0.9785
vn -0.0000 0.9877 -0.1563
vn -0.0000 -0.7973 0.6035
vn -0.0000 0.9877 0.1563
vn -0.0000 -0.8106 -0.5855
vn -0.0000 -0.5031 0.8642
vn -0.0000 0.1662 -0.9861
vn -0.0000 -0.9775 0.2111
vn -0.0000 -0.9775 0.2110
vn -0.0000 -0.9721 -0.2348
vn 0.1402 0.9901 -0.0000
vn -0.9805 0.1967 -0.0000
vn -0.1402 0.9901 -0.0000
vn -0.4655 -0.8850 -0.0000
vn 0.9935 0.1135 -0.0000
vn -0.9360 -0.3520 -0.0000
vn 0.9213 -0.3888 -0.0000
vn 0.5018 -0.8650 -0.0000
vn -0.0000 0.6390 -0.7692
vn 0.6980 0.7161 -0.0000
vn -0.0000 0.6659 0.7461
vn -0.6980 0.7161 -0.0000
vn -0.0000 0.9548 0.2973
vn -0.0000 -0.3751 -0.9270
vn -0.0000 0.0963 0.9954
vn -0.0000 -0.8976 -0.4408
vn -0.0000 0.0483 -0.9988
vn -0.0000 0.9562 -0.2929
vn -0.0000 -0.8845 0.4666
vn -0.0000 -0.4802 0.8771
vn -0.0000 -0.1989 -0.9800
vn -0.0000 -0.8196 0.5729
vn -0.0000 -0.8041 -0.5945
vn -0.0000 -0.1753 0.9845
vn -0.0000 -0.7499 0.6616
vn -0.0000 -0.7498 0.6616
vn -0.0000 -0.7498 -0.6616
vn -0.6616 -0.7499 -0.0000
vn -0.6616 -0.7498 -0.0000
vn 0.6616 -0.7499 -0.0000
vn 0.6616 -0.7498 -0.0000
vn -0.0000 -0.7499 -0.6616
vn 0.0001 0.0106 0.9999
vn 1.0000 0.0001 -0.0000
vn -0.3314 -0.0000 -0.9435
vn -0.3309 -0.0000 0.9437
vn 0.3761 -0.0000 -0.9266
vn 0.4001 -0.0000 -0.9165
vn 0.3308 -0.0000 -0.9437
vn 0.3875 -0.0000 0.9219
vn -0.4008 -0.0000 -0.9162
vn -0.3916 0.0001 0.9202
vn -0.3915 0.0001 0.9202
vn -0.3914 0.0001 0.9202
vn -0.2984 0.9544 -0.0000
vn 0.3303 -0.0000 0.9439
vn 0.3932 -0.0000 0.9194
vn -0.3768 -0.0000 -0.9263
vn -0.3882 -0.0000 0.9216
vn 0.2978 0.9546 -0.0000
vn -1.0000 -0.0001 -0.0000
vn -0.8986 -0.0000 0.4388
vn 0.8989 -0.0000 0.4382
vn -0.8544 -0.0000 0.5196
vn -0.0000 0.9171 0.3986
vn 0.8630 -0.0000 0.5053
vn -0.0000 -0.0061 1.0000
vn -0.0000 -0.0060 1.0000
vn -0.0004 0.5413 0.8408
vn -0.0004 0.5412 0.8409
vn -0.0000 0.5378 -0.8431
vn 0.8431 0.5378 -0.0000
vn 0.8431 0.5377 -0.0000
vn -0.8426 0.5385 -0.0000
vn -0.8427 0.5384 0.0001
vn -0.8427 0.5383 0.0001
vn -0.8426 0.5385 0.0001
vn -0.8427 0.5385 0.0001
vn -0.8427 0.5383 -0.0000
vn -0.8429 0.5381 0.0001
vn -0.0004 -0.2609 0.9654
vn 0.9653 -0.2610 -0.0000
vn -0.0004 -0.0001 1.0000
vn -0.9653 -0.2610 0.0001
vn -0.9654 -0.2609 0.0001
vn -0.9654 -0.2610 0.0001
vn -0.0000 -0.2609 -0.9654
vn -0.2015 0.9795 -0.0000
vn 0.8001 -0.5998 -0.0000
vn -1.0000 0.0001 -0.0000
vt 0.080291 0.546835
vt 0.116336 0.546835
vt 0.116336 0.407995
vt 0.415931 0.063177
vt 0.421724 0.063177
vt 0.421366 0.050132
vt 0.453790 0.063177
vt 0.449103 0.063177
vt 0.449360 0.050132
vt 0.416054 0.064808
vt 0.421924 0.064808
vt 0.421157 0.051794
vt 0.449946 0.051794
vt 0.448519 0.064808
vt 0.454230 0.064808
vt 0.104987 0.866278
vt 0.104987 1.123370
vt 0.171733 1.123370
vt 0.177435 1.123370
vt 0.177434 0.828958
vt 0.111685 1.123370
vt 0.636182 0.035342
vt 0.632421 0.035342
vt 0.621050 0.022646
vt 0.127673 0.539543
vt 0.127673 0.520961
vt 0.120859 0.520961
vt 0.134929 -0.643602
vt 0.047235 -0.245052
vt 0.119139 -0.245052
vt 0.607733 0.035342
vt 0.611657 0.035342
vt 0.127673 0.539542
vt 0.135068 0.520961
vt 0.173915 0.390195
vt 0.201278 0.390195
vt 0.186658 0.021194
vt 0.105465 0.390195
vt 0.611752 0.035342
vt 0.135069 0.520961
vt 0.148693 -0.245052
vt 0.222624 -0.245051
vt 0.115931 0.390195
vt 0.034739 0.021194
vt 0.049359 0.390195
vt 0.084761 1.121816
vt 0.151501 1.121816
vt 0.151501 0.864743
vt 0.414775 0.066833
vt 0.420031 0.066833
vt 0.419742 0.054102
vt 0.413639 0.067454
vt 0.420077 0.067454
vt 0.418468 0.054625
vt 0.451126 0.054102
vt 0.450725 0.066833
vt 0.457220 0.066833
vt 0.099966 0.827425
vt 0.099966 1.121816
vt 0.165710 1.121816
vt 0.131054 0.019721
vt 0.049868 0.388695
vt 0.116435 0.388695
vt 0.237530 1.017000
vt 0.237530 0.911228
vt 0.231367 0.911228
vt 0.121077 -0.251389
vt 0.148517 -0.251390
vt 0.133856 -0.621433
vt 0.052434 -0.251389
vt 0.450923 0.054625
vt 0.450059 0.067454
vt 0.456676 0.067454
vt 0.243210 0.911228
vt 0.126745 0.388695
vt 0.195189 0.388695
vt 0.114002 0.019721
vt 0.130017 -0.251390
vt 0.070296 -0.522807
vt 0.068385 -0.251390
vt 0.143797 0.388695
vt 0.355961 0.031233
vt 0.363191 0.021527
vt 0.355499 0.012908
vt 0.348742 0.021512
vt 0.907784 0.627120
vt 0.906765 0.616651
vt 0.900765 0.627120
vt 0.960661 0.627120
vt 0.961770 0.616651
vt 0.960661 0.615970
vt 0.907784 0.615970
vt 0.967770 0.627120
vt 0.337702 0.117729
vt 0.374777 0.117677
vt 0.355456 0.076748
vt 0.685596 0.831925
vt 0.685497 0.835106
vt 0.690031 0.834118
vt 0.685320 0.764963
vt 0.686695 0.770169
vt 0.679881 0.787951
vt 0.174644 0.499726
vt 0.162897 0.624838
vt 0.176494 0.621349
vt 0.263639 -0.300896
vt 0.249070 -0.359634
vt 0.263639 -0.359634
vt 0.180128 -0.300896
vt 0.165759 -0.359634
vt 0.180128 -0.359634
vt 0.181649 -0.302191
vt 0.166890 -0.360962
vt 0.181649 -0.360962
vt 0.098291 -0.302191
vt 0.083570 -0.360962
vt 0.098291 -0.360962
vt 0.222098 -0.300896
vt 0.236784 -0.359634
vt 0.222098 -0.359634
vt 0.152301 -0.302446
vt 0.166986 -0.361184
vt 0.152301 -0.361184
vt 0.139923 -0.302191
vt 0.154616 -0.360962
vt 0.139923 -0.360962
vt 0.056603 -0.302191
vt 0.071296 -0.360962
vt 0.056603 -0.360962
vt 0.056612 -0.302191
vt 0.056612 -0.360962
vt 0.098263 -0.302191
vt 0.098263 -0.360962
vt 0.139970 -0.302191
vt 0.139970 -0.360962
vt 0.181583 -0.302191
vt 0.181583 -0.360962
vt 0.153029 -0.359634
vt 0.138682 -0.300896
vt 0.138682 -0.359634
vt 0.179715 -0.361184
vt 0.194399 -0.302446
vt 0.194399 -0.361184
vt 0.221780 -0.300896
vt 0.221780 -0.359634
vt 0.263754 -0.300896
vt 0.263754 -0.359634
vt 0.128654 0.387841
vt 0.128654 0.546835
vt 0.164161 0.546835
vt -0.290718 0.483856
vt -0.290718 1.400052
vt -0.209758 1.400052
vt -0.036852 1.044168
vt -0.039360 1.400052
vt 0.124392 1.400052
vt -0.031596 0.297936
vt 0.152848 -0.138200
vt 0.153120 -0.176771
vt 0.133856 -0.176771
vt 0.066791 -0.025045
vt 0.064516 0.297936
vt 0.225476 0.182448
vt 0.067588 -0.138200
vt 0.144278 0.507516
vt 0.146128 0.629140
vt 0.135501 0.894253
vt 0.150656 0.809826
vt 0.134348 0.810022
vt 0.120257 0.809796
vt 0.004829 0.546835
vt 0.116336 0.040063
vt 0.690300 -0.253527
vt 0.690301 0.310838
vt 0.681786 0.272139
vt 0.681785 -0.292226
vt 0.680853 0.198868
vt 0.681105 -0.429571
vt 0.690604 -0.472603
vt 0.690352 0.155836
vt 0.695764 0.563179
vt 0.695764 0.533198
vt 0.700708 0.533198
vt 0.700708 0.563179
vt 0.786577 1.450828
vt 0.838269 1.450828
vt 0.838269 -0.448582
vt 0.786577 -0.448582
vt 0.706206 0.387025
vt 0.706206 0.522663
vt 0.699580 0.522663
vt 0.699580 0.387025
vt 0.659620 0.128446
vt 0.655859 0.128446
vt 0.643644 0.073506
vt 0.647164 0.073506
vt 0.707489 2.239583
vt 0.707389 -1.120669
vt 0.692886 -1.120669
vt 0.692886 2.239583
vt 0.147140 0.100421
vt 0.212187 -0.048384
vt 0.186597 -0.164684
vt 0.146880 -0.164684
vt 0.677026 0.943994
vt 0.672416 0.943994
vt 0.672416 0.905417
vt 0.677026 0.905417
vt 0.435035 0.025632
vt 0.435035 0.012619
vt 0.460123 0.454095
vt 0.458535 0.454095
vt 0.458535 0.459376
vt 0.460123 0.459376
vt 0.458447 0.458719
vt 0.458447 0.453425
vt 0.460350 0.453425
vt 0.460350 0.458719
vt 0.108581 0.021413
vt 0.134929 -0.047262
vt 0.134929 -0.164684
vt 0.115954 -0.164684
vt 0.673637 0.307703
vt 0.666585 0.307718
vt 0.666585 0.272483
vt 0.673637 0.272468
vt 0.695764 0.404754
vt 0.700708 0.404754
vt 0.165395 0.636904
vt 0.186658 0.573320
vt 0.186658 0.464604
vt 0.171345 0.464604
vt 0.579931 0.128446
vt 0.583855 0.128446
vt 0.597444 0.073506
vt 0.593520 0.073506
vt 0.408212 0.453425
vt 0.408212 0.448132
vt 0.410189 0.448132
vt 0.410189 0.453425
vt 0.706206 0.752436
vt 0.706206 0.665428
vt 0.699580 0.665428
vt 0.699580 0.752436
vt 0.461711 0.454095
vt 0.461711 0.459376
vt 0.665729 0.211035
vt 0.661968 0.211035
vt 0.461711 0.448814
vt 0.460123 0.448814
vt 0.703473 0.508442
vt 0.703473 0.540980
vt 0.698529 0.540980
vt 0.698529 0.508442
vt 0.435233 0.026352
vt 0.435233 0.013307
vt 0.039130 0.677454
vt 0.135161 0.422262
vt 0.153696 0.355792
vt 0.056678 0.546835
vt 0.097491 0.677454
vt 0.116336 0.625011
vt 0.115421 0.422262
vt 0.200603 0.677454
vt 0.184943 0.546835
vt 0.100951 0.355792
vt 0.220450 0.621527
vt 0.220450 0.546835
vt 0.076124 1.244304
vt 0.155128 1.008033
vt 0.168389 0.946492
vt 0.090624 1.123370
vt 0.067995 1.008033
vt 0.156889 1.244304
vt 0.140642 1.123370
vt 0.050818 0.946492
vt 0.090624 1.769076
vt 0.132713 1.769076
vt 0.132713 1.229804
vt 0.090624 1.339053
vt 0.056678 1.244249
vt 0.109147 1.244249
vt 0.109147 0.661793
vt 0.056678 0.779790
vt 0.092063 1.769076
vt 0.140642 1.769076
vt 0.140642 1.339053
vt 0.092063 1.229804
vt 0.413618 0.100649
vt 0.409784 0.100649
vt 0.413041 0.077821
vt 0.417649 0.077821
vt 0.458535 0.448814
vt 0.412723 0.076222
vt 0.417255 0.076222
vt 0.409227 0.099107
vt 0.413588 0.099107
vt 0.408212 0.121991
vt 0.412166 0.121991
vt 0.408359 0.123477
vt 0.411541 0.123477
vt 0.575554 0.554116
vt 0.575549 0.549788
vt 0.573572 0.549788
vt 0.573572 0.554116
vt 0.458447 0.448132
vt 0.460350 0.448132
vt 0.461137 0.099107
vt 0.457431 0.099107
vt 0.453673 0.076222
vt 0.457963 0.076222
vt 0.665729 0.549788
vt 0.665729 0.545460
vt 0.663849 0.545460
vt 0.663849 0.549788
vt 0.458447 0.121991
vt 0.462254 0.121991
vt 0.452672 0.077821
vt 0.456702 0.100649
vt 0.460356 0.100649
vt 0.457058 0.077821
vt 0.458535 0.123477
vt 0.461711 0.123477
vt 0.577535 0.554116
vt 0.577525 0.549788
vt 0.411541 0.454095
vt 0.409950 0.454095
vt 0.409950 0.448814
vt 0.411541 0.448814
vt 0.577496 0.211035
vt 0.573572 0.211035
vt 0.092063 0.718072
vt 0.155997 0.572282
vt 0.132303 0.464604
vt 0.094051 0.464604
vt 0.184943 0.228847
vt 0.220451 0.387841
vt 0.125624 0.710054
vt 0.125865 0.464604
vt 0.412166 0.448132
vt 0.412166 0.453425
vt 0.706206 0.651406
vt 0.699580 0.651406
vt 0.597405 0.073506
vt 0.583890 0.128446
vt 0.593506 0.073506
vt 0.411541 0.459376
vt 0.409950 0.459376
vt 0.577535 0.211035
vt 0.643517 0.073506
vt 0.647278 0.073506
vt 0.577516 0.545459
vt 0.575544 0.545459
vt 0.661968 0.545460
vt 0.661969 0.549788
vt 0.150178 0.794713
vt 0.155279 0.713066
vt 0.695764 0.645157
vt 0.700708 0.645157
vt 0.695764 0.500660
vt 0.695764 0.368963
vt 0.700708 0.368963
vt 0.700708 0.500660
vt 0.090079 0.183276
vt 0.097265 0.104454
vt 0.073015 0.109081
vt 0.694900 0.620987
vt 0.694900 0.492243
vt 0.701525 0.492243
vt 0.701525 0.620987
vt 0.069610 0.713788
vt 0.076264 0.786765
vt 0.059134 0.636904
vt 0.115111 0.103674
vt 0.120620 0.191860
vt 0.104185 0.021413
vt 0.703473 0.376745
vt 0.698529 0.376745
vt 0.578960 0.213933
vt 0.578979 0.538674
vt 0.659788 0.538674
vt 0.659788 0.213933
vt 0.580665 0.218978
vt 0.580665 0.543342
vt 0.659704 0.543342
vt 0.659704 0.218978
vt 0.611647 0.043327
vt 0.598048 0.080386
vt 0.642133 0.080386
vt 0.631516 0.043327
vt 0.585045 0.133735
vt 0.653943 0.133735
vt 0.597819 0.085586
vt 0.586384 0.138873
vt 0.653755 0.138873
vt 0.641103 0.085586
vt 0.608325 0.048570
vt 0.627673 0.048570
vt 0.462254 0.453425
vt 0.462254 0.458719
vt 0.408212 0.458719
vt 0.410189 0.458719
vt 0.663849 0.554116
vt 0.661969 0.554116
vt 0.665729 0.554116
vt 0.412166 0.458719
vt 0.408359 0.454095
vt 0.408359 0.448814
vt 0.241600 1.783035
vt 0.171734 1.783035
vt 0.171734 2.036985
vt 0.241600 2.036985
vt 0.251358 1.259326
vt 0.164161 1.259326
vt 0.164160 1.533612
vt 0.251358 1.533612
vt 0.408359 0.459376
vt 0.573572 0.545459
vt 0.575554 0.549788
vt 0.462254 0.448132
vt 0.575554 0.545459
vt 0.577535 0.545459
vt 0.577535 0.549788
vt 0.663849 0.545459
vt 0.661968 0.545459
vt 0.665729 0.545459
vt 0.694900 0.356605
vt 0.694900 0.490968
vt 0.701525 0.490968
vt 0.701525 0.356605
vt 0.706206 0.758810
vt 0.699580 0.758810
vt 0.446292 0.654634
vt 0.428695 0.672931
vt 0.428695 0.685004
vt 0.432181 0.685004
vt 0.442457 0.552796
vt 0.428695 0.522070
vt 0.428695 0.603566
vt 0.448368 0.589949
vt 0.440529 0.558290
vt 0.429332 0.528872
vt 0.429332 0.606900
vt 0.445855 0.593528
vt 0.445164 0.654123
vt 0.429332 0.673313
vt 0.429332 0.684872
vt 0.432330 0.684872
vt 0.416486 0.558290
vt 0.410969 0.593863
vt 0.416699 0.552796
vt 0.410992 0.589600
vt 0.426078 0.684872
vt 0.412907 0.655794
vt 0.425482 0.685004
vt 0.411733 0.652888
vt 0.694900 0.728390
vt 0.701525 0.728390
vt 0.703473 0.412536
vt 0.698529 0.412536
vt 0.694900 0.635009
vt 0.701525 0.635009
vt 0.703473 0.570961
vt 0.703473 0.699283
vt 0.698529 0.699283
vt 0.698529 0.570961
vt 0.703473 0.652939
vt 0.698529 0.652939
vt 0.695764 0.691501
vt 0.700708 0.691501
vt 0.694900 0.722016
vt 0.701525 0.722016
vt 0.706206 0.521388
vt 0.699580 0.521388
vt 0.706206 0.387026
vt 0.699580 0.387026
vt 0.689831 0.440372
vt 0.683126 0.440372
vt 0.683126 0.469622
vt 0.689831 0.469622
vt 0.278591 0.125888
vt 0.286076 0.125888
vt 0.286076 0.065216
vt 0.278591 0.065216
vt 0.683126 0.608889
vt 0.689831 0.608889
vt 0.689831 0.579999
vt 0.683126 0.579999
vt 0.286076 0.449837
vt 0.286076 0.981931
vt 0.278591 0.981931
vt 0.278591 0.449837
vt 0.286076 0.125889
vt 0.286076 0.186561
vt 0.278591 0.186561
vt 0.278591 0.125889
vt 0.278591 0.401437
vt 0.286076 0.401437
vt 0.675438 0.365903
vt 0.665896 0.365903
vt 0.665896 0.306912
vt 0.675438 0.306912
vt 0.070867 -0.164684
vt 0.097758 -0.164684
vt 0.052307 0.464604
vt 0.690774 0.359279
vt 0.690662 1.406343
vt 0.681817 1.366111
vt 0.681929 0.319046
vt 0.693539 2.239583
vt 0.707738 2.239583
vt 0.707738 -1.120669
vt 0.693508 -1.120669
vt 0.212676 0.464604
vt 0.175904 0.464604
vt 0.152211 0.572282
vt 0.212435 0.710054
vt 0.151469 -0.164684
vt 0.157896 0.021413
vt 0.029552 -0.164685
vt 0.003961 -0.048384
vt 0.204226 0.464604
vt 0.211053 0.636904
vt 0.707008 1.834356
vt 0.706831 -0.781481
vt 0.693843 -0.781481
vt 0.693842 1.834356
vt 0.791975 -0.738000
vt 0.740179 -0.738000
vt 0.740179 1.644307
vt 0.791975 1.644307
vt 0.691322 0.609474
vt 0.707506 0.608706
vt 0.707506 0.563927
vt 0.691322 0.564695
vt 0.692790 0.571870
vt 0.708048 0.571139
vt 0.708048 0.527720
vt 0.692790 0.528452
vt 0.139484 1.244249
vt 0.184943 1.244249
vt 0.184943 0.779790
vt 0.139484 0.661793
vt 0.669428 0.943993
vt 0.672416 0.943993
vt 0.669428 0.905417
vt 0.681598 1.408604
vt 0.681766 0.401061
vt 0.690288 0.362384
vt 0.690120 1.369927
vt 0.844915 0.268960
vt 0.844896 0.274608
vt 0.844709 0.274588
vt 0.844728 0.268942
vt 0.175032 0.708530
vt 0.235251 0.570768
vt 0.211560 0.463099
vt 0.174791 0.463098
vt 0.708082 0.572106
vt 0.692790 0.571869
vt 0.692790 0.528451
vt 0.708082 0.528688
vt 0.409555 0.452833
vt 0.409554 0.447668
vt 0.407421 0.447668
vt 0.407421 0.452833
vt 0.797032 0.273991
vt 0.797262 0.273340
vt 0.797249 0.269851
vt 0.797019 0.270483
vt 0.693512 1.906666
vt 0.707710 1.906666
vt 0.707711 -0.777816
vt 0.693480 -0.777815
vt 0.106661 0.635386
vt 0.131054 0.571807
vt 0.131054 0.463098
vt 0.113488 0.463098
vt 0.690303 1.432185
vt 0.690301 0.424641
vt 0.681786 0.385943
vt 0.681788 1.393485
vt 0.435278 0.016002
vt 0.435278 0.028832
vt 0.465874 0.447668
vt 0.465874 0.442501
vt 0.463657 0.442501
vt 0.463657 0.447668
vt 0.844706 0.280195
vt 0.844719 0.276668
vt 0.844536 0.276649
vt 0.844524 0.280175
vt 0.823843 0.328286
vt 0.823876 0.327917
vt 0.823886 0.324432
vt 0.823852 0.324794
vt 0.405204 0.451250
vt 0.405204 0.456456
vt 0.406995 0.456456
vt 0.406995 0.451250
vt 0.405204 0.446044
vt 0.406995 0.446044
vt 0.692859 1.906666
vt 0.707460 1.906666
vt 0.707362 -0.777816
vt 0.692859 -0.777816
vt 0.704256 0.590024
vt 0.704256 0.557482
vt 0.707811 0.557482
vt 0.707811 0.590024
vt 0.408786 0.456456
vt 0.408786 0.451250
vt 0.073896 1.762318
vt 0.073896 1.776385
vt 0.043468 1.776385
vt 0.043468 1.762318
vt 0.435580 0.018166
vt 0.435580 0.030896
vt 0.459423 0.102790
vt 0.463745 0.102790
vt 0.460073 0.080284
vt 0.454878 0.080284
vt 0.408786 0.446044
vt 0.459847 0.101897
vt 0.464735 0.101897
vt 0.460816 0.079564
vt 0.455735 0.079564
vt 0.409554 0.442501
vt 0.407421 0.442501
vt 0.406539 0.101897
vt 0.410693 0.101897
vt 0.414907 0.079564
vt 0.410097 0.079564
vt 0.409554 0.124228
vt 0.405287 0.124228
vt 0.408786 0.125296
vt 0.410852 0.102790
vt 0.406732 0.102790
vt 0.405204 0.125296
vt 0.415395 0.080284
vt 0.410451 0.080284
vt 0.461764 0.451250
vt 0.463558 0.451250
vt 0.463558 0.446044
vt 0.461764 0.446044
vt 0.465874 0.124228
vt 0.461441 0.124228
vt 0.461441 0.442501
vt 0.461441 0.447668
vt 0.844872 0.279837
vt 0.844685 0.279817
vt 0.465351 0.125296
vt 0.461764 0.125296
vt 0.461764 0.456456
vt 0.463558 0.456456
vt 0.089533 0.785236
vt 0.096185 0.712264
vt 0.073734 0.716547
vt 0.145379 0.711542
vt 0.150480 0.793183
vt 0.135264 0.635386
vt 0.704256 0.721720
vt 0.707811 0.721720
vt 0.405287 0.447668
vt 0.405287 0.452833
vt 0.465874 0.452833
vt 0.463657 0.452833
vt 0.461441 0.452833
vt 0.465351 0.451250
vt 0.465351 0.446044
vt 0.681786 0.385942
vt 0.465351 0.456456
vt 0.191914 1.767475
vt 0.210029 1.767475
vt 0.210029 1.337483
vt 0.191914 1.423836
vt 0.781436 0.512938
vt 0.842886 0.512938
vt 0.842886 0.418939
vt 0.781436 0.418939
vt 0.405287 0.442501
vt 0.844821 0.283415
vt 0.844634 0.283394
vt 0.441547 0.556819
vt 0.430049 0.524326
vt 0.430049 0.610509
vt 0.447017 0.595740
vt 0.446307 0.662668
vt 0.430049 0.683863
vt 0.430049 0.696631
vt 0.433128 0.696631
vt 0.416859 0.556819
vt 0.411194 0.596109
vt 0.426708 0.696631
vt 0.413183 0.664514
vt 0.704256 0.685929
vt 0.707811 0.685929
vt 0.704256 0.527505
vt 0.704256 0.399182
vt 0.707811 0.399182
vt 0.707811 0.527505
vt 0.704256 0.445527
vt 0.707811 0.445527
vt 0.844769 0.271547
vt 0.844586 0.271529
vt 0.844826 0.266970
vt 0.844642 0.266953
vt 0.684137 0.614619
vt 0.688960 0.614619
vt 0.688960 0.585368
vt 0.684137 0.585368
vt 0.282688 0.115695
vt 0.277299 0.115695
vt 0.277299 0.054966
vt 0.282688 0.054966
vt 0.688960 0.446101
vt 0.684137 0.446101
vt 0.684137 0.474991
vt 0.688960 0.474991
vt 0.277299 0.439939
vt 0.277299 0.972520
vt 0.282688 0.972520
vt 0.282688 0.439939
vt 0.277299 0.972521
vt 0.282688 0.972521
vt 0.277299 0.115694
vt 0.277299 0.176423
vt 0.282688 0.176423
vt 0.282688 0.115694
vt 0.282688 0.391495
vt 0.277299 0.391495
vt 0.845155 0.260360
vt 0.844524 0.260302
vt 0.844547 0.257182
vt 0.845179 0.257238
vt 0.071746 0.463098
vt 0.129314 0.463098
vt 0.676814 0.378054
vt 0.669216 0.378054
vt 0.669216 0.313480
vt 0.676814 0.313469
vt 0.707830 -0.525126
vt 0.694496 -0.525126
vt 0.694496 1.591951
vt 0.707653 1.591951
vt 0.708609 0.571870
vt 0.693024 0.572106
vt 0.693024 0.528688
vt 0.708609 0.528451
vt 0.146367 0.463098
vt 0.152316 0.635386
vt 0.033497 0.463098
vt 0.009805 0.570768
vt 0.676814 0.313468
vt 0.669216 0.378053
vt 0.676814 0.378053
vt 0.151501 1.767475
vt 0.178541 1.767475
vt 0.178541 1.423836
vt 0.151501 1.337483
vt 0.681105 -0.429570
vt 0.680853 0.198867
vt 0.690352 0.155835
vt 0.690604 -0.472602
vt 0.676098 0.882822
vt 0.669046 0.882822
vt 0.669046 0.847587
vt 0.676098 0.847587
vt 0.669428 0.943994
vt 0.673637 0.365903
vt 0.666585 0.365903
vt 0.843771 1.644307
vt 0.843771 -0.738000
vt 0.669610 0.557820
vt 0.676739 0.557820
vt 0.676739 0.097948
vt 0.669610 0.097948
vt 0.689764 0.198862
vt 0.689457 -0.429577
vt 0.679954 -0.472595
vt 0.680261 0.155843
vt 0.681252 0.359243
vt 0.690118 0.319085
vt 0.689681 1.366147
vt 0.680814 1.406306
vt 0.677463 0.588310
vt 0.677463 0.524597
vt 0.670312 0.524608
vt 0.670312 0.588310
vt 0.707210 0.609933
vt 0.691474 0.609166
vt 0.691474 0.564386
vt 0.707210 0.565153
vt 0.681785 0.287260
vt 0.681879 -0.277105
vt 0.690400 -0.315782
vt 0.690307 0.248582
vt 0.734885 -0.448582
vt 0.734884 1.450828
vt 0.677463 0.588311
vt 0.670312 0.588311
vt 0.676739 0.867355
vt 0.676739 0.609763
vt 0.669610 0.609763
vt 0.669610 0.867355
vt 0.681252 0.359242
vt 0.689681 1.366148
vt 0.690117 0.319084
vt 0.676739 1.176889
vt 0.669610 1.176889
vt 0.669610 1.636761
vt 0.676739 1.636761
vt 0.667755 0.609761
vt 0.677401 0.609761
vt 0.677401 0.559699
vt 0.667755 0.559699
vt 0.667755 1.176433
vt 0.677401 1.176433
vt 0.677401 1.124945
vt 0.667755 1.124945
vt 0.677457 0.568393
vt 0.670443 0.568398
vt 0.670443 0.619881
vt 0.677457 0.619881
vt 0.675526 0.560062
vt 0.675526 0.100191
vt 0.668925 0.100191
vt 0.668925 0.560062
vt 0.668925 1.127189
vt 0.675526 1.127189
vt 0.675526 0.869597
vt 0.668925 0.869597
vt 0.677457 1.135065
vt 0.670443 1.135065
vt 0.670443 1.185129
vt 0.677457 1.185128
vt 0.670443 0.877473
vt 0.677457 0.877473
vt 0.677401 0.867355
vt 0.667755 0.867355
vt 0.669610 0.559589
vt 0.676739 0.559587
vt 0.669610 1.124945
vt 0.676739 1.124945
vt 0.669610 1.176083
vt 0.676739 1.176078
vt 0.675526 0.612005
vt 0.675526 0.560870
vt 0.668925 0.560874
vt 0.668925 0.612005
vt 0.675526 1.177363
vt 0.668925 1.177364
vt 0.690301 0.310839
vt 0.675478 0.659698
vt 0.677408 0.659698
vt 0.677408 0.649284
vt 0.675478 0.649284
vt 0.677899 0.882822
vt 0.672045 0.882822
vt 0.672045 0.847587
vt 0.677899 0.847587
vt 0.668356 0.882822
vt 0.668356 0.847587
vt 0.676814 0.274892
vt 0.669216 0.274904
vt 0.812458 0.274970
vt 0.812308 0.275638
vt 0.812308 0.272084
vt 0.812458 0.271434
vt 0.690774 0.359278
vt 0.681817 1.366112
vt 0.793600 0.255631
vt 0.793057 0.255581
vt 0.793043 0.252595
vt 0.793587 0.252644
vt 0.665896 0.271678
vt 0.675438 0.271678
vt 0.691439 0.610170
vt 0.691439 0.565391
vt 0.693025 0.572118
vt 0.693025 0.528700
vt 0.796258 0.248556
vt 0.796765 0.248599
vt 0.796755 0.245812
vt 0.796247 0.245770
vt 0.681785 0.287258
vt 0.681766 0.401062
vt 0.690288 0.362385
vt 0.844180 0.252638
vt 0.844767 0.252688
vt 0.844788 0.249785
vt 0.844202 0.249736
vt 0.690786 0.241012
vt 0.690850 -0.345491
vt 0.682005 -0.385723
vt 0.681942 0.200779
vt 0.809682 0.238185
vt 0.809766 0.237946
vt 0.809764 0.235464
vt 0.809680 0.235696
vt 0.681546 -0.345527
vt 0.681301 0.240975
vt 0.690167 0.200817
vt 0.690412 -0.385685
vt 0.708048 0.571126
vt 0.708048 0.527707
vt 0.708082 0.572118
vt 0.708082 0.528700
vt 0.820564 0.238754
vt 0.820509 0.238997
vt 0.820514 0.236485
vt 0.820568 0.236249
vt 0.707396 0.609711
vt 0.707396 0.564931
vt 0.692918 0.571139
vt 0.708608 0.571870
vt 0.708608 0.528452
vt 0.692918 0.527720
vt 0.680261 0.155844
vt 0.679954 -0.472596
vt 0.707394 0.609730
vt 0.707394 0.564951
vt 0.677463 0.486021
vt 0.670312 0.486031
vt 0.677026 0.943993
vt 0.681942 0.200780
vt 0.798971 0.282541
vt 0.798491 0.282485
vt 0.798483 0.279879
vt 0.798962 0.279934
vt 0.675526 1.179131
vt 0.668925 1.179131
vt 0.668925 1.639002
vt 0.675526 1.639002
vt 0.691439 0.610190
vt 0.691439 0.565410
vt 0.692916 0.571126
vt 0.692916 0.527707
vt 0.073896 2.032297
vt 0.043468 2.032297
vt 0.131703 1.103127
vt 0.149598 1.180811
vt 0.152495 1.140544
vt 0.131365 1.014994
vt 0.112629 1.181358
vt 0.131392 1.103127
vt 0.131054 1.014994
vt 0.108734 1.140544
vt 0.101800 1.361537
vt 0.121363 1.300251
vt 0.114179 1.181358
vt 0.078421 1.325144
vt 0.172128 1.450019
vt 0.177456 1.583117
vt 0.210516 1.423836
vt 0.201036 1.385916
vt 0.088193 1.450028
vt 0.064184 1.382094
vt 0.158973 1.361503
vt 0.186699 1.328566
vt 0.137703 1.300269
vt 0.150837 1.180811
vt 0.129005 1.290522
vt 0.132942 1.103127
vt 0.084375 1.583117
vt 0.053748 1.423836
vt 0.323405 0.271663
vt 0.326778 0.154040
vt 0.319411 0.153955
vt 0.316034 0.271643
vt 0.338795 0.075866
vt 0.331443 0.075705
vt 0.374641 0.075810
vt 0.386265 0.154026
vt 0.393632 0.153948
vt 0.381999 0.075675
vt 0.390973 0.271662
vt 0.398343 0.271642
vt 0.390973 0.597585
vt 0.398343 0.597585
vt 0.674684 0.308815
vt 0.671799 0.308815
vt 0.671799 0.998480
vt 0.674684 0.998480
vt 0.390701 0.592774
vt 0.390701 0.301051
vt 0.388363 0.301051
vt 0.388363 0.592774
vt 0.675489 1.022003
vt 0.675489 0.332341
vt 0.672841 0.332341
vt 0.672841 1.022003
vt 0.316034 0.597585
vt 0.323405 0.597585
vt 0.390258 0.596757
vt 0.390258 0.297503
vt 0.323079 0.297504
vt 0.323079 0.596757
vt 0.390701 0.301053
vt 0.388363 0.301053
vt 0.327212 0.292336
vt 0.390713 0.292336
vt 0.390713 0.282123
vt 0.327212 0.282123
vt 0.325273 0.189506
vt 0.386798 0.189493
vt 0.683390 0.403359
vt 0.690437 0.743336
vt 0.688508 0.381732
vt 0.681423 0.829861
vt 0.681324 0.833042
vt 0.671551 0.774007
vt 0.671549 1.025276
vt 0.677777 1.025276
vt 0.677777 0.774007
vt 0.671551 0.527878
vt 0.677777 0.527878
vt 0.669754 0.739830
vt 0.676498 0.739830
vt 0.676498 0.773722
vt 0.669754 0.773722
vt 0.688475 0.761314
vt 0.688216 0.403264
vt 0.683024 0.381923
vt 0.683283 0.739974
vt 0.676498 0.707945
vt 0.669754 0.707945
vt 0.691812 0.748541
vt 0.690473 0.455669
vt 0.683417 0.455669
vt 0.683417 0.464151
vt 0.690473 0.464151
vt 0.682499 0.898644
vt 0.689554 0.898644
vt 0.689554 0.892286
vt 0.682499 0.892286
vt 0.846182 0.325073
vt 0.846732 0.325154
vt 0.846711 0.327796
vt 0.846161 0.327714
vt 0.846331 0.315319
vt 0.845813 0.315247
vt 0.845793 0.317742
vt 0.846311 0.317815
vt 0.718703 0.512937
vt 0.718703 0.418938
vt 0.973750 0.657435
vt 0.973750 0.640546
vt 0.898576 0.640546
vt 0.898576 0.657435
vt 0.967770 0.743127
vt 0.973380 0.743127
vt 0.973380 0.627120
vt 0.895154 0.743127
vt 0.895154 0.627120
vt 0.887852 0.627120
vt 0.887852 0.743127
vt 0.903886 0.680025
vt 0.970849 0.680025
vt 0.970849 0.714784
vt 0.903886 0.714784
vt 0.903886 0.645266
vt 0.970849 0.645266
vt 0.970849 0.610507
vt 0.903886 0.610507
vt 0.900765 0.743127
vt 0.878981 0.627120
vt 0.878981 0.743127
vt 0.980683 0.743127
vt 0.980683 0.627120
vt 0.989554 0.743127
vt 0.989554 0.627120
vt 0.146436 -0.176771
vt 0.067859 -0.176771
vt 0.837885 0.279330
vt 0.837860 0.280549
vt 0.837312 0.280094
vt 0.837105 0.279243
vt 0.212047 0.808945
vt 0.212047 1.039279
vt 0.231887 1.039279
vt 0.231887 0.983455
vt 0.300459 0.353682
vt 0.271171 0.353682
vt 0.271171 0.518733
vt 0.300459 0.518733
vt 0.270852 1.378374
vt 0.270852 2.002239
vt 0.288883 2.002239
vt 0.288883 1.552884
vt 0.300459 0.559961
vt 0.271171 0.559961
vt 0.271171 0.984960
vt 0.300459 0.984960
vt 0.300459 0.435215
vt 0.271171 0.435215
vt 0.271171 0.600266
vt 0.300459 0.600266
vt 0.837917 0.273984
vt 0.837136 0.273901
vt 0.836146 0.279805
vt 0.836176 0.274440
vt 0.837343 0.274716
vt 0.836131 0.280360
vt 0.836161 0.274972
vt 0.667322 0.995179
vt 0.667356 1.170070
vt 0.681455 1.113863
vt 0.687227 0.995118
vt 0.667297 -0.233973
vt 0.667116 -0.058497
vt 0.687022 -0.058170
vt 0.681348 -0.177578
vt 0.690145 0.960679
vt 0.690145 0.922257
vt 0.680540 0.922259
vt 0.680541 0.960662
vt 0.082243 0.729324
vt 0.046952 0.729324
vt 0.046952 0.632828
vt 0.082243 0.632828
vt 0.680589 0.164406
vt 0.680588 0.202828
vt 0.690194 0.202827
vt 0.690194 0.164406
vt 0.066003 0.304676
vt 0.073538 0.304676
vt 0.073538 0.208180
vt 0.066003 0.208180
vt 0.034891 0.474658
vt 0.026240 0.474658
vt 0.026240 0.363872
vt 0.034891 0.363872
vt 0.067868 0.302248
vt 0.088117 0.302248
vt 0.088117 0.191463
vt 0.067868 0.191463
vt 0.176344 0.776663
vt 0.184991 0.776663
vt 0.184991 0.665877
vt 0.176344 0.665877
vt 0.185041 0.776663
vt 0.176389 0.776663
vt 0.176389 0.665877
vt 0.185041 0.665877
vt 0.082248 0.729324
vt 0.046960 0.729324
vt 0.046960 0.632828
vt 0.082248 0.632828
vt 0.029019 0.425015
vt 0.011374 0.425015
vt 0.011374 0.328519
vt 0.029019 0.328519
vt 0.066710 0.733850
vt 0.046461 0.733850
vt 0.046461 0.623064
vt 0.066710 0.623064
vt 0.145068 0.225405
vt 0.137533 0.225405
vt 0.137533 0.128909
vt 0.145068 0.128909
vt 0.066015 0.304676
vt 0.073550 0.304676
vt 0.073550 0.208180
vt 0.066015 0.208180
vt 0.029028 0.425015
vt 0.011384 0.425015
vt 0.011384 0.328519
vt 0.029028 0.328519
vt 0.680524 0.742606
vt 0.680514 0.832570
vt 0.690119 0.832570
vt 0.690129 0.742606
vt 0.086959 0.733850
vt 0.086959 0.623064
vt 0.185013 0.776663
vt 0.176362 0.776663
vt 0.176362 0.665877
vt 0.185013 0.665877
vt 0.680529 0.382685
vt 0.690134 0.382685
vt 0.690132 0.292756
vt 0.680526 0.292757
vt 0.690136 0.472614
vt 0.680530 0.472614
vt 0.185072 0.776663
vt 0.176417 0.776663
vt 0.176417 0.665877
vt 0.185072 0.665877
vt 0.690130 0.164406
vt 0.680524 0.164406
vt 0.680525 0.202828
vt 0.690130 0.202828
vt 0.066010 0.304676
vt 0.073546 0.304676
vt 0.073546 0.208180
vt 0.066010 0.208180
vt 0.176371 0.776663
vt 0.185023 0.776663
vt 0.185023 0.665877
vt 0.176371 0.665877
vt 0.046953 0.729324
vt 0.046953 0.632828
vt 0.680588 0.472735
vt 0.690194 0.472734
vt 0.690194 0.382765
vt 0.680588 0.382766
vt 0.066002 0.304676
vt 0.066002 0.208180
vt 0.690129 0.742652
vt 0.680524 0.742653
vt 0.680524 0.832624
vt 0.690129 0.832623
vt 0.690194 0.292796
vt 0.680588 0.292797
vt 0.185068 0.776663
vt 0.185068 0.665877
vt 0.690129 0.652681
vt 0.680524 0.652682
vt 0.690194 0.922580
vt 0.680588 0.922580
vt 0.680588 0.961001
vt 0.690194 0.961019
vt 0.680584 0.202828
vt 0.680574 0.292791
vt 0.690180 0.292791
vt 0.690190 0.202828
vt 0.056474 0.422270
vt 0.074120 0.422270
vt 0.074120 0.325774
vt 0.056474 0.325774
vt 0.680534 0.652643
vt 0.690139 0.652643
vt 0.680564 0.382754
vt 0.680554 0.472717
vt 0.690159 0.472717
vt 0.690169 0.382754
vt 0.185059 0.776663
vt 0.176408 0.776663
vt 0.176408 0.665877
vt 0.185059 0.665877
vt 0.176399 0.776663
vt 0.185050 0.776663
vt 0.185050 0.665877
vt 0.176399 0.665877
vt 0.087004 0.733850
vt 0.046488 0.733850
vt 0.046488 0.623064
vt 0.087004 0.623064
vt 0.184995 0.776663
vt 0.184995 0.665877
vt 0.690129 0.382769
vt 0.680524 0.382769
vt 0.680524 0.472740
vt 0.690129 0.472740
vt 0.066013 0.304676
vt 0.073549 0.304676
vt 0.073549 0.208180
vt 0.066013 0.208180
vt 0.690143 0.832328
vt 0.690141 0.742400
vt 0.680536 0.742401
vt 0.680538 0.832330
vt 0.680524 0.922595
vt 0.690129 0.922594
vt 0.074121 0.422270
vt 0.056477 0.422270
vt 0.056477 0.325774
vt 0.074121 0.325774
vt 0.073547 0.304676
vt 0.066012 0.304676
vt 0.066012 0.208180
vt 0.073547 0.208180
vt 0.176353 0.776663
vt 0.185005 0.776663
vt 0.185005 0.665877
vt 0.176353 0.665877
vt 0.680588 0.832611
vt 0.690194 0.832611
vt 0.690194 0.742642
vt 0.680588 0.742642
vt 0.690129 0.292798
vt 0.680524 0.292798
vt 0.073540 0.304676
vt 0.066004 0.304676
vt 0.066004 0.208180
vt 0.073540 0.208180
vt 0.180973 0.229351
vt 0.160724 0.229351
vt 0.160724 0.118565
vt 0.180973 0.118565
vt 0.690194 0.652673
vt 0.680588 0.652673
vt 0.066006 0.304676
vt 0.073541 0.304676
vt 0.073541 0.208180
vt 0.066006 0.208180
vt 0.160778 0.229351
vt 0.181036 0.229351
vt 0.181036 0.118565
vt 0.160778 0.118565
vt 0.088135 0.302248
vt 0.067877 0.302248
vt 0.067877 0.191463
vt 0.088135 0.191463
vt 0.690140 0.652471
vt 0.680534 0.652472
vt 0.680504 0.922533
vt 0.690109 0.922533
vt 0.073543 0.304676
vt 0.066007 0.304676
vt 0.066007 0.208180
vt 0.073543 0.208180
vt 0.690129 0.202828
vt 0.680524 0.202827
vt 0.708375 0.409753
vt 0.708375 0.577582
vt 0.691616 0.577582
vt 0.691616 0.409753
vt 0.691542 0.468295
vt 0.691548 0.519042
vt 0.708307 0.519012
vt 0.708302 0.468265
vt 0.098225 0.515104
vt 0.098225 0.281352
vt 0.056801 0.281352
vt 0.056801 0.515104
vt 0.181072 0.281352
vt 0.139649 0.281352
vt 0.139649 0.515104
vt 0.181072 0.515104
vt 0.691479 0.575624
vt 0.691479 0.409560
vt 0.708238 0.409560
vt 0.708238 0.575624
vt 0.205042 0.514159
vt 0.205042 0.280406
vt 0.246926 0.280406
vt 0.246926 0.514159
vt 0.138767 0.514159
vt 0.138767 0.280406
vt 0.180210 0.280406
vt 0.180210 0.514159
vt 0.692120 0.410059
vt 0.692127 0.469871
vt 0.708886 0.469840
vt 0.708879 0.410029
vt 0.220563 0.515669
vt 0.220563 0.281897
vt 0.179117 0.281897
vt 0.179117 0.515669
vt 0.691479 0.468065
vt 0.691479 0.516972
vt 0.708238 0.516972
vt 0.708238 0.468065
vt 0.708375 0.468295
vt 0.691616 0.468295
vt 0.137672 0.515669
vt 0.137672 0.281897
vt 0.096226 0.281897
vt 0.096226 0.515669
vt 0.213395 0.514159
vt 0.213395 0.280406
vt 0.172161 0.280406
vt 0.172161 0.514159
vt 0.130722 0.514159
vt 0.130722 0.280406
vt 0.089077 0.280406
vt 0.089077 0.514159
vt 0.708922 0.577391
vt 0.708922 0.518851
vt 0.692162 0.518851
vt 0.692162 0.577391
vt 0.691554 0.576328
vt 0.691536 0.411100
vt 0.708295 0.411070
vt 0.708314 0.576298
vt 0.708322 0.575512
vt 0.708323 0.516972
vt 0.691563 0.516966
vt 0.691562 0.575506
vt 0.690867 0.273408
vt 0.690867 0.874800
vt 0.708084 0.874800
vt 0.708084 0.273408
vt 0.692025 0.575433
vt 0.692025 0.409369
vt 0.708785 0.409369
vt 0.708784 0.575433
vt 0.708864 0.409183
vt 0.708861 0.575172
vt 0.692102 0.575167
vt 0.692105 0.409177
vt 0.691412 0.274573
vt 0.691412 0.875965
vt 0.708629 0.875965
vt 0.708629 0.274573
vt 0.708375 0.519042
vt 0.691616 0.519042
vt 0.708325 0.409523
vt 0.691566 0.409518
vt 0.707585 0.273408
vt 0.707585 0.874800
vt 0.690368 0.874800
vt 0.690368 0.273408
vt 0.708862 0.516627
vt 0.708863 0.467726
vt 0.692104 0.467721
vt 0.692103 0.516622
vt 0.708149 0.274573
vt 0.708149 0.875965
vt 0.690933 0.875965
vt 0.690933 0.274573
vt 0.708922 0.469871
vt 0.692162 0.469871
vt 0.708157 0.274573
vt 0.708157 0.875965
vt 0.690940 0.875965
vt 0.690940 0.274573
vt 0.692025 0.467726
vt 0.708784 0.467726
vt 0.708146 0.875965
vt 0.708146 0.274573
vt 0.690929 0.274573
vt 0.690929 0.875965
vt 0.708153 0.875965
vt 0.708153 0.274573
vt 0.690937 0.274573
vt 0.690937 0.875965
vt 0.692025 0.516627
vt 0.708784 0.516627
vt 0.708922 0.411327
vt 0.692162 0.411327
vt 0.708324 0.468065
vt 0.691564 0.468059
vt 0.690886 0.874800
vt 0.690886 0.273408
vt 0.708103 0.273408
vt 0.708103 0.874800
vt 0.692132 0.518851
vt 0.708891 0.518821
vt 0.690848 0.874800
vt 0.690848 0.273408
vt 0.708065 0.273408
vt 0.708065 0.874800
vt 0.692138 0.576931
vt 0.708898 0.576900
vt 0.690906 0.273408
vt 0.690906 0.874800
vt 0.708122 0.874800
vt 0.708122 0.273408
vt 0.145981 0.921776
vt 0.145981 1.049938
vt 0.183791 1.049938
vt 0.183791 0.921776
vt 0.693834 1.096290
vt 0.693834 0.239007
vt 0.706355 0.239007
vt 0.706355 1.096290
vt 0.707653 0.745142
vt 0.707651 0.616437
vt 0.692264 0.616440
vt 0.692265 0.745145
vt 0.707655 0.841434
vt 0.707654 0.814891
vt 0.692266 0.814895
vt 0.692266 0.841438
vt 0.693834 0.123427
vt 0.693834 0.183569
vt 0.706355 0.183569
vt 0.706355 0.123427
vt 0.954246 0.644987
vt 0.954246 0.613747
vt 0.918573 0.613747
vt 0.918573 0.644987
vt 0.707649 0.491838
vt 0.707648 0.364697
vt 0.692259 0.364701
vt 0.692261 0.491842
vt 0.891795 0.665913
vt 0.979439 0.665913
vt 0.979439 0.647694
vt 0.891795 0.647694
vt 0.707647 0.325585
vt 0.692259 0.325589
vt 0.707647 0.289122
vt 0.707646 0.261665
vt 0.692259 0.261668
vt 0.692259 0.289126
vt 0.388478 0.196981
vt 0.323948 0.196926
vt 0.323713 0.594243
vt 0.389666 0.595131
vt 0.979037 0.649296
vt 0.974071 0.625913
vt 0.974071 0.739501
vt 0.979037 0.762884
vt 0.331468 0.132016
vt 0.379743 0.131958
vt 0.376614 0.117479
vt 0.334811 0.117549
vt 0.385781 0.171825
vt 0.325557 0.171821
vt 0.969034 0.604258
vt 0.969034 0.717846
vt 0.966101 0.706111
vt 0.907644 0.706111
vt 0.904710 0.717846
vt 0.966101 0.650604
vt 0.903495 0.650604
vt 0.896120 0.652737
vt 0.899674 0.739501
vt 0.707654 0.781228
vt 0.692265 0.781231
vt 0.887396 0.684132
vt 0.983837 0.684132
vt 0.983837 0.665913
vt 0.887396 0.665913
vt 0.954246 0.676226
vt 0.911032 0.676226
vt 0.911032 0.644987
vt 0.328947 0.144661
vt 0.382218 0.144618
vt 0.907644 0.650604
vt 0.984032 0.676226
vt 0.984032 0.644987
vt 0.373275 0.106086
vt 0.338392 0.106157
vt 0.879845 0.702352
vt 0.991388 0.702352
vt 0.991388 0.684132
vt 0.879845 0.684132
vt 0.835724 0.394632
vt 0.835734 0.392895
vt 0.836022 0.393205
vt 0.836012 0.394944
vt 0.888551 0.657697
vt 0.894708 0.762884
vt 0.952876 0.676226
vt 0.952876 0.707466
vt 0.897114 0.707466
vt 0.897114 0.676226
vt 0.970115 0.707466
vt 0.970115 0.676226
vt 0.882086 0.707466
vt 0.882086 0.738705
vt 0.955087 0.738705
vt 0.955087 0.707466
vt 0.949688 0.707466
vt 0.949688 0.738705
vt 0.872400 0.720571
vt 0.998834 0.720571
vt 0.998834 0.702352
vt 0.872400 0.702352
vt 0.917247 0.650604
vt 0.956498 0.650604
vt 0.956498 0.636803
vt 0.917247 0.636803
vt 0.136618 0.747642
vt 0.149102 0.847714
vt 0.183791 0.793614
vt 0.183791 0.665451
vt 0.703662 0.592673
vt 0.703662 0.416114
vt 0.695402 0.416114
vt 0.695402 0.592673
vt 0.070361 0.921776
vt 0.070361 1.049939
vt 0.108171 1.049939
vt 0.108171 0.945705
vt 0.703662 0.723342
vt 0.695402 0.723342
vt 0.032551 0.793614
vt 0.032551 0.921776
vt 0.066460 0.847714
vt 0.032551 1.049939
vt 0.070361 0.537289
vt 0.081025 0.747642
vt 0.108171 0.665451
vt 0.108171 0.537289
vt 0.032551 0.537289
vt 0.032551 0.665451
vt 0.145981 0.537289
vt 0.183791 0.537289
vt 0.704903 0.534669
vt 0.704903 0.733761
vt 0.698740 0.733761
vt 0.698740 0.534669
vt 0.704904 0.391728
vt 0.698740 0.391728
vt 0.416552 0.560881
vt 0.409882 0.621088
vt 0.428982 0.606065
vt 0.428982 0.511432
vt 0.411669 0.665646
vt 0.428982 0.680043
vt 0.447725 0.621088
vt 0.442008 0.560881
vt 0.446296 0.665646
vt 0.704904 0.335577
vt 0.698740 0.335577
vt 0.704903 0.684459
vt 0.698740 0.684459
vt 0.692263 0.557625
vt 0.707650 0.557621
vt 0.161930 0.536344
vt 0.161930 0.652411
vt 0.194300 0.720521
vt 0.199740 0.536344
vt 0.237550 0.652411
vt 0.203998 0.823691
vt 0.237550 0.789340
vt 0.237550 0.536344
vt 0.237550 0.930014
vt 0.199740 0.908596
vt 0.199740 1.036217
vt 0.237550 1.036217
vt 0.132579 0.720521
vt 0.086309 0.652411
vt 0.086309 0.789340
vt 0.121695 0.823691
vt 0.086309 0.536344
vt 0.124119 0.536344
vt 0.694399 0.693776
vt 0.694399 0.494680
vt 0.701152 0.494680
vt 0.701152 0.693776
vt 0.161930 0.930014
vt 0.124119 0.908596
vt 0.124119 1.036217
vt 0.161930 1.036217
vt 0.677630 0.565258
vt 0.677630 0.477578
vt 0.672333 0.477578
vt 0.672333 0.565258
vt 0.086309 0.930014
vt 0.086309 1.036217
vt 0.694399 0.295588
vt 0.701152 0.295588
vt 0.694399 0.324235
vt 0.701152 0.324235
vt 0.428935 0.521330
vt 0.414578 0.561094
vt 0.409255 0.621327
vt 0.428935 0.601272
vt 0.410440 0.670896
vt 0.428935 0.683400
vt 0.449513 0.621327
vt 0.447430 0.670896
vt 0.444769 0.561094
vt 0.677630 0.371037
vt 0.672333 0.371037
vt 0.694399 0.649229
vt 0.701152 0.649229
vt 0.606207 0.985761
vt 0.606207 0.560775
vt 0.587931 0.560775
vt 0.587931 0.985761
vt 0.795737 0.350502
vt 0.795344 0.251917
vt 0.793040 0.295403
vt 0.793340 0.361254
vt 0.789937 0.764693
vt 0.851538 0.764693
vt 0.851538 0.136908
vt 0.789937 0.136908
vt 0.833907 0.827330
vt 0.833907 0.119795
vt 0.741410 0.119795
vt 0.741410 0.827330
vt 0.797898 0.340807
vt 0.797691 0.281228
vt 0.551191 0.183573
vt 0.538337 0.064890
vt 0.522551 0.064890
vt 0.522551 0.183573
vt 0.723762 0.764693
vt 0.723762 0.136908
vt 0.446479 0.595741
vt 0.442704 0.553870
vt 0.429137 0.523969
vt 0.429137 0.606705
vt 0.681343 0.674267
vt 0.681110 0.247637
vt 0.689700 0.206097
vt 0.689933 0.632727
vt 0.667778 0.811509
vt 0.676970 0.811509
vt 0.676970 0.751580
vt 0.667778 0.751580
vt 0.678643 1.356469
vt 0.678643 0.895538
vt 0.668536 0.895538
vt 0.668536 1.356469
vt 0.681610 0.891824
vt 0.681173 0.455366
vt 0.690038 0.415314
vt 0.690475 0.851771
vt 0.678758 0.184545
vt 0.667813 0.184545
vt 0.667813 0.116666
vt 0.678758 0.116666
vt 0.678643 0.434607
vt 0.668536 0.434607
vt 0.678922 0.329606
vt 0.678922 0.023249
vt 0.669631 0.023249
vt 0.669631 0.329606
vt 0.678922 0.658711
vt 0.669631 0.658711
vt 0.680466 0.192530
vt 0.680258 0.760535
vt 0.690145 0.799193
vt 0.690353 0.231188
vt 0.689511 0.240404
vt 0.689302 0.680247
vt 0.680347 0.639960
vt 0.680556 0.200117
vt 0.680835 0.807808
vt 0.680674 0.239801
vt 0.690563 0.201156
vt 0.690725 0.769162
vt 0.690580 0.462459
vt 0.690627 0.885809
vt 0.682076 0.844678
vt 0.682029 0.421328
vt 0.213802 1.398494
vt 0.213802 0.895847
vt 0.161940 0.895847
vt 0.161940 1.398494
vt 0.147927 1.398494
vt 0.147927 0.895847
vt 0.099650 0.895847
vt 0.099650 1.398494
vt 0.700418 0.359953
vt 0.700418 0.525056
vt 0.695823 0.525056
vt 0.695823 0.359953
vt 0.162303 0.590189
vt 0.172066 0.518861
vt 0.147927 0.518861
vt 0.147927 0.644523
vt 0.172066 0.895847
vt 0.164850 0.695476
vt 0.147927 0.770185
vt 0.196205 0.895847
vt 0.196205 0.734528
vt 0.702848 0.550314
vt 0.702848 0.424467
vt 0.696690 0.424467
vt 0.696690 0.550314
vt 0.136009 0.895847
vt 0.141952 0.695476
vt 0.110078 0.734528
vt 0.110078 0.895847
vt 0.161940 0.770185
vt 0.161940 0.518861
vt 0.161940 0.393199
vt 0.136009 0.393199
vt 0.136009 0.518861
vt 0.161940 0.644523
vt 0.143225 0.590189
vt 0.702848 0.736073
vt 0.696690 0.736073
vt 0.196205 0.467924
vt 0.196205 0.393199
vt 0.172066 0.393199
vt 0.700418 0.661602
vt 0.695823 0.661602
vt 0.700418 0.692895
vt 0.695823 0.692895
vt 0.700418 0.397950
vt 0.695823 0.397950
vt 0.147927 0.393199
vt 0.429137 0.680470
vt 0.411399 0.595741
vt 0.412732 0.657545
vt 0.110078 0.393199
vt 0.110078 0.467924
vt 0.445813 0.657545
vt 0.416507 0.553870
vt 0.781271 0.348112
vt 0.780812 0.286374
vt 0.778139 0.286052
vt 0.778635 0.347647
vt 0.214991 1.071803
vt 0.214991 2.037865
vt 0.258973 2.037865
vt 0.258973 1.071803
vt 0.793153 0.287863
vt 0.793436 0.350259
vt 0.799677 0.351360
vt 0.799485 0.288627
vt 0.093764 0.983870
vt 0.059051 0.983870
vt 0.059050 1.397992
vt 0.093764 1.397992
vt 0.706613 0.444974
vt 0.706613 0.251521
vt 0.695766 0.251521
vt 0.695766 0.444974
vt 0.703724 0.425417
vt 0.703723 0.608210
vt 0.695630 0.608210
vt 0.695630 0.425417
vt 0.706613 0.910284
vt 0.695766 0.910284
vt 0.703723 0.516818
vt 0.703724 0.451127
vt 0.695630 0.451127
vt 0.695630 0.516818
vt 0.703723 0.578917
vt 0.695630 0.578917
vt 0.884309 1.090214
vt 0.884309 0.074959
vt 0.911814 0.074959
vt 0.911814 1.090214
vt 0.944836 1.053589
vt 0.944836 0.071340
vt 0.918225 0.071340
vt 0.918225 1.053589
vt 0.884127 1.087223
vt 0.884127 0.071969
vt 0.911632 0.071969
vt 0.911632 1.087223
vt 0.927109 0.239964
vt 0.927109 0.429354
vt 0.930971 0.444802
vt 0.930971 0.224516
vt 0.947006 0.063679
vt 0.916054 0.063679
vt 0.916054 0.002690
vt 0.947006 0.002690
vt 0.879762 0.429354
vt 0.879762 0.239964
vt 0.875900 0.224516
vt 0.875900 0.444802
vt 0.914387 0.271678
vt 0.893721 0.271678
vt 0.893721 0.342482
vt 0.914387 0.342482
vt 0.882065 0.067041
vt 0.914058 0.067041
vt 0.914058 0.004003
vt 0.882065 0.004003
vt 0.673105 0.224274
vt 0.673105 0.374662
vt 0.678581 0.417779
vt 0.678581 0.181157
vt 0.667400 0.199207
vt 0.667400 0.392020
vt 0.678178 0.413925
vt 0.678179 0.177303
vt 0.672702 0.220420
vt 0.672702 0.370808
vt 0.678178 0.177303
vt 0.667802 0.203062
vt 0.667802 0.395875
vt 0.678581 0.417780
vt 0.678581 0.181158
vt 0.592685 0.725688
vt 0.568516 0.725688
vt 0.568516 0.801092
vt 0.592685 0.801092
vt 0.913348 0.278658
vt 0.891268 0.278658
vt 0.891268 0.337661
vt 0.913348 0.337661
vt 0.944868 1.055017
vt 0.944868 0.072768
vt 0.918257 0.072768
vt 0.918257 1.055017
vt 0.929487 0.229632
vt 0.929487 0.419022
vt 0.933349 0.434470
vt 0.933349 0.214184
vt 0.947039 0.065107
vt 0.916086 0.065107
vt 0.916086 0.004118
vt 0.947039 0.004118
vt 0.882140 0.419022
vt 0.882140 0.229632
vt 0.878278 0.214184
vt 0.878278 0.434470
vt 0.912513 0.268548
vt 0.891847 0.268548
vt 0.891847 0.339352
vt 0.912513 0.339352
vt 0.881883 0.064051
vt 0.913876 0.064051
vt 0.913876 0.001013
vt 0.881883 0.001013
vt 0.672793 0.220420
vt 0.672793 0.370808
vt 0.678269 0.413925
vt 0.678269 0.177303
vt 0.667711 0.203061
vt 0.667711 0.395875
vt 0.678491 0.417778
vt 0.678491 0.181158
vt 0.673015 0.224273
vt 0.673015 0.374662
vt 0.678491 0.417779
vt 0.678491 0.181157
vt 0.667489 0.199207
vt 0.667489 0.392021
vt 0.678269 0.413924
vt 0.588850 0.739314
vt 0.564681 0.739314
vt 0.564681 0.814718
vt 0.588850 0.814718
vt 0.915832 0.279337
vt 0.893752 0.279337
vt 0.893752 0.338341
vt 0.915832 0.338341
vt 0.112356 2.037865
vt 0.112356 1.071803
vt 0.011298 1.071803
vt 0.011298 2.037865
vt 0.118427 1.071803
vt 0.118427 2.037865
vt 0.216089 2.037865
vt 0.216089 1.071803
vt 0.693842 -0.781481
vt 0.073015 1.533612
vt 0.073015 1.259326
vt 0.020546 1.259326
vt 0.020546 1.533612
vt 0.184943 1.533612
vt 0.184943 1.259326
vt 0.139483 1.259326
vt 0.139483 1.533612
vt 0.020633 0.407995
vt 0.020633 0.546835
vt 0.056678 0.269155
vt 0.020633 0.625011
vt 0.128654 0.621527
vt 0.147126 0.677454
vt 0.128654 -0.010826
vt 0.251358 0.546835
vt -0.246042 0.483856
vt -0.246042 0.941954
vt 0.122859 0.941954
vt 0.122859 0.483856
vt -0.246042 1.400052
vt 0.122859 1.400052
vt 0.118301 0.483856
vt 0.118301 0.941954
vt 0.487201 0.941954
vt 0.487201 0.483856
vt 0.118301 1.400052
vt 0.487201 1.400052
vt 0.036015 -0.176770
vt 0.152051 -0.025045
vt 0.129364 0.182448
vt 0.195684 1.400052
vt 0.195684 0.483856
vt 0.139878 -0.176770
vt -0.005482 0.483856
vt 0.253640 0.297936
vt 0.255914 -0.025045
vt 0.220504 1.400052
vt 0.059260 1.044168
vt 0.153645 -0.251390
vt 0.155557 -0.522807
vt 0.551191 0.524203
vt 0.551191 0.309720
vt 0.522551 0.309720
vt 0.522551 0.524203
vt 0.076122 0.509550
vt 0.096209 0.509550
vt 0.221892 0.389841
vt 0.076122 -0.178463
vt 0.083536 0.389841
vt 0.212003 0.509550
vt 0.229306 0.509550
vt 0.229306 -0.178463
vt 0.221892 0.642332
vt 0.112565 0.642332
vt 0.112565 0.783465
vt 0.221892 0.894823
vt 0.192864 1.023428
vt 0.083536 1.147314
vt 0.083536 1.399805
vt 0.192864 1.399805
vt 0.493911 0.183573
vt 0.493911 0.309720
vt 0.508952 0.064890
vt 0.087811 1.399805
vt 0.087811 1.023428
vt 0.051369 1.023428
vt 0.051369 1.399805
vt 0.493911 0.524203
vt 0.192864 0.783465
vt 0.083536 0.894823
vt 0.221892 1.147314
vt 0.112565 1.023428
vt 0.112565 1.399805
vt 0.221892 1.399805
vt 0.192864 0.642332
vt 0.083536 0.642332
vt 0.076122 1.023428
vt 0.076122 1.399805
vt 0.072443 1.121816
vt 0.072443 2.035364
vt 0.203787 2.035364
vt 0.203787 1.121816
vt 0.129351 1.121816
vt 0.106595 2.035364
vt 0.206555 2.035364
vt 0.206555 1.121816
vt 0.132713 2.036985
vt 0.132713 1.783035
vt 0.090623 1.783035
vt 0.090624 2.036985
vt 0.140642 2.036985
vt 0.140642 1.783035
vt 0.092063 1.783035
vt 0.092063 2.036985
vt 0.231887 1.034812
vt 0.212047 1.034811
vt 0.658782 0.560775
vt 0.658782 0.985761
vt 0.700773 0.985761
vt 0.700773 0.560775
vt 0.616791 0.560775
vt 0.616791 0.985761
vt 0.573688 0.560775
vt 0.573688 0.985761
vt 0.661339 0.560775
vt 0.618236 0.560775
vt 0.618236 0.985761
vt 0.661339 0.985761
vt 0.578112 0.560775
vt 0.578112 0.985761
vt 0.664606 0.560775
vt 0.624482 0.560775
vt 0.624482 0.985761
vt 0.664606 0.985761
vt 0.048829 1.522620
vt 0.061789 0.674426
vt 0.061789 1.522620
vt 0.056904 0.903572
vt 0.048829 0.955187
vt 0.056904 0.674426
vt 0.090623 0.828958
vt 0.156592 0.844032
vt 0.180964 0.910492
vt 0.186658 0.926020
vt 0.821833 1.639862
vt 0.729363 1.453120
vt 0.729363 1.639862
vt 0.729363 1.117939
vt 0.729363 0.920917
vt 0.729363 -0.456738
vt 0.729363 -0.742445
vt 0.821833 -0.742445
vt 0.694496 0.728421
vt 0.707651 0.624771
vt 0.694496 0.624045
vt 0.707696 0.670517
vt 0.707696 0.864811
vt 0.694496 0.857517
vt 0.694496 0.900983
vt 0.707696 0.942482
vt 0.694496 0.950850
vt 0.707696 1.131448
vt 0.694496 1.069341
vt 0.694496 1.177921
vt 0.707651 1.176340
vt 0.030953 1.123370
vt 0.402834 0.124205
vt 0.405743 0.449543
vt 0.402834 0.449543
vt 0.408652 0.449543
vt 0.408652 0.124205
vt 0.016330 1.400052
vt 0.016330 1.145384
vt 0.016330 1.131385
vt 0.016330 0.483856
vt 0.088954 1.308879
vt 0.140089 1.096625
vt 0.084889 1.278706
vt 0.768454 -0.727866
vt 0.860924 -0.459476
vt 0.860924 -0.727866
vt 0.860924 0.479214
vt 0.860924 1.417904
vt 0.860924 1.654441
vt 0.768454 1.654441
vt 0.220451 -0.010826
vt 0.681675 0.948917
vt 0.120342 0.572282
vt 0.056409 0.718072
vt 0.241600 1.123370
vt 0.131517 0.517949
vt 0.186747 0.747200
vt 0.191137 0.714611
vt 0.146214 1.278706
vt 0.084386 1.096625
vt 0.141897 1.308879
vt 0.194901 0.696032
vt 0.050660 0.714611
vt 0.117439 0.517949
vt 0.055323 0.747200
vt 0.081404 1.261505
vt 0.150176 1.261505
vt 0.046381 0.696032
vt 0.460225 0.126392
vt 0.463363 0.451730
vt 0.460225 0.451730
vt 0.466502 0.451730
vt 0.466502 0.126392
vt 0.091582 0.696032
vt 0.086015 0.714611
vt 0.081781 0.747200
vt 0.080291 0.779790
vt 0.080291 1.244249
vt 0.004829 1.244249
vt 0.162264 0.747200
vt 0.164161 0.779790
vt 0.157929 0.714611
vt 0.153918 0.696032
vt 0.251358 0.677454
vt 0.251358 1.244249
vt 0.164161 1.244249
vt 0.241600 1.769076
vt 0.171733 1.339053
vt 0.171733 1.769076
vt 0.161280 1.261505
vt 0.155808 1.244304
vt 0.166434 1.278706
vt 0.170354 1.308879
vt 0.144560 1.192524
vt 0.127457 1.244304
vt 0.162935 1.244304
vt 0.138361 1.195750
vt 0.121234 1.244304
vt 0.168824 1.121816
vt 0.052167 2.035364
vt 0.173273 2.035364
vt 0.052167 1.242742
vt 0.052167 1.121816
vt 0.458890 0.109367
vt 0.460367 0.441270
vt 0.460367 0.131129
vt 0.412293 0.441270
vt 0.455081 0.087606
vt 0.450439 0.075200
vt 0.436406 0.040182
vt 0.421999 0.075200
vt 0.417252 0.087606
vt 0.413348 0.109367
vt 0.412293 0.131129
vt 0.409794 0.122720
vt 0.406180 0.448861
vt 0.409794 0.448861
vt 0.402565 0.448861
vt 0.402565 0.122720
vt 0.467574 0.124907
vt 0.463812 0.451047
vt 0.467574 0.451047
vt 0.460051 0.451047
vt 0.460051 0.124907
vt 0.412166 0.456804
vt 0.458447 0.469290
vt 0.412166 0.469290
vt 0.458447 0.456804
vt 0.412166 0.444318
vt 0.458447 0.444318
vt 0.083711 1.522620
vt 0.096670 0.955187
vt 0.096670 1.522620
vt 0.086697 0.903572
vt 0.086697 0.674426
vt 0.083711 0.674426
vt 0.164388 0.316911
vt 0.171062 0.333681
vt 0.137372 0.249031
vt 0.126212 0.183276
vt 0.109147 0.109081
vt 0.040919 0.910492
vt 0.034739 0.926020
vt 0.065932 0.847645
vt 0.140642 0.866278
vt 0.113692 0.245129
vt 0.087369 0.316910
vt 0.081219 0.333681
vt 0.411541 0.458384
vt 0.458535 0.470839
vt 0.411541 0.470839
vt 0.458535 0.458384
vt 0.411541 0.445929
vt 0.458535 0.445929
vt 0.551293 0.522274
vt 0.495432 0.159930
vt 0.495432 0.522274
vt 0.497901 0.134506
vt 0.502692 0.109081
vt 0.507774 0.094587
vt 0.523359 0.050956
vt 0.539387 0.094587
vt 0.544323 0.109081
vt 0.549115 0.134506
vt 0.551293 0.159930
vt 0.563198 0.565825
vt 0.478764 0.581380
vt 0.563198 0.581380
vt 0.478755 0.565825
vt 0.563198 0.550268
vt 0.478745 0.550268
vt 0.494152 0.522337
vt 0.495913 0.130269
vt 0.494152 0.155975
vt 0.551445 0.522337
vt 0.500452 0.104562
vt 0.505985 0.089908
vt 0.522708 0.048541
vt 0.539878 0.089908
vt 0.545536 0.104562
vt 0.550188 0.130269
vt 0.551445 0.155975
vt 0.459749 0.131000
vt 0.413078 0.442445
vt 0.459749 0.442445
vt 0.457687 0.109147
vt 0.453684 0.087294
vt 0.449438 0.074836
vt 0.436416 0.037334
vt 0.423025 0.074836
vt 0.418901 0.087294
vt 0.414897 0.109147
vt 0.413078 0.131000
vt 0.111686 1.783035
vt 0.030953 1.769076
vt 0.030953 1.783035
vt 0.111685 1.769076
vt 0.164161 1.251788
vt 0.174201 1.251788
vt 0.128741 1.259326
vt 0.174201 1.259326
vt 0.174201 1.244249
vt 0.128741 1.251788
vt 0.128741 1.244249
vt 0.090623 1.776055
vt 0.132713 1.776055
vt 0.092063 1.776055
vt 0.073015 1.251788
vt 0.073015 1.244249
vt 0.020546 1.251788
vt 0.020545 1.244249
vt 0.080291 1.251788
vt 0.080291 1.259326
vt 0.004829 1.259326
vt 0.173283 1.776055
vt 0.243150 1.769076
vt 0.173283 1.769076
vt 0.173284 1.783035
vt 0.243150 1.783035
vt 0.563198 0.565824
vt 0.478764 0.550268
vt 0.478764 0.565824
vt 0.478764 0.581381
vt 0.407466 0.627627
vt 0.408114 0.629055
vt 0.452121 0.625214
vt 0.448541 0.631304
vt 0.111685 1.339053
vt 0.113441 1.308879
vt 0.117455 1.278706
vt 0.121168 1.261505
vt 0.084582 0.675678
vt 0.087599 0.907200
vt 0.087599 0.675678
vt 0.097676 1.532665
vt 0.097676 0.959350
vt 0.084582 1.532665
vt 0.093379 0.544932
vt 0.097676 0.610305
vt 0.084582 0.544932
vt 0.203166 0.544932
vt 0.211855 0.675678
vt 0.211855 0.544932
vt 0.206919 0.675678
vt 0.198761 0.610305
vt 0.061789 0.545021
vt 0.053190 0.545021
vt 0.048829 0.609724
vt 0.092417 0.545021
vt 0.096670 0.609723
vt 0.083711 0.545021
vt 0.211855 1.243021
vt 0.211855 1.258114
vt 0.211855 1.532665
vt 0.206919 0.907200
vt 0.198761 1.532665
vt 0.198761 0.959350
vt 0.707833 0.624452
vt 0.694496 0.624044
vt 0.707696 0.864810
vt 0.694496 0.857516
vt 0.707833 1.176239
vt 0.014899 1.121816
vt 0.136148 0.570768
vt 0.200077 0.716547
vt 0.038583 1.503970
vt 0.050736 2.036064
vt 0.038583 2.036064
vt 0.046155 1.455570
vt 0.050736 1.240695
vt 0.046155 1.240695
vt 0.677401 1.176889
vt 0.673672 1.636761
vt 0.677401 1.636761
vt 0.667755 1.636761
vt 0.667755 1.176889
vt 0.145877 -0.251132
vt 0.128267 1.123370
vt 0.211899 2.036985
vt 0.091605 2.036985
vt 0.203576 1.123370
vt 0.211899 1.123370
vt 0.858823 0.890685
vt 0.766539 1.436942
vt 0.858823 1.436942
vt 0.766539 -0.462467
vt 0.858823 -0.462467
vt 0.125187 0.570768
vt 0.246436 1.121816
vt 0.064968 0.708530
vt 0.043468 1.416000
vt 0.051380 1.416000
vt 0.073896 1.416000
vt 0.084761 1.337483
vt 0.014899 1.767474
vt 0.084761 1.767475
vt 0.014899 1.242742
vt 0.086140 1.307312
vt 0.090060 1.277141
vt 0.095213 1.259941
vt 0.100685 1.242742
vt 0.118131 1.194191
vt 0.135256 1.242742
vt 0.246436 1.242742
vt 0.165710 1.767475
vt 0.246436 1.767475
vt 0.165710 1.337483
vt 0.163954 1.307312
vt 0.159940 1.277141
vt 0.156227 1.259941
vt 0.149939 1.242742
vt 0.132838 1.190965
vt 0.114464 1.242742
vt 0.235441 2.036985
vt 0.017464 1.244305
vt 0.017464 2.036985
vt 0.017464 1.123370
vt 0.020941 1.123370
vt 0.235441 1.123370
vt 0.409120 0.457688
vt 0.461007 0.445501
vt 0.409120 0.445501
vt 0.409121 0.469872
vt 0.461007 0.469872
vt 0.461007 0.457688
vt 0.160716 2.036064
vt 0.163516 1.455570
vt 0.172867 2.036064
vt 0.160716 1.240695
vt 0.172867 1.503970
vt 0.163516 1.240695
vt 0.025159 1.121816
vt 0.025159 0.864743
vt 0.124875 0.908954
vt 0.099864 0.846112
vt 0.210029 1.121816
vt 0.114002 1.014994
vt 0.135132 1.140544
vt 0.210029 0.827425
vt 0.119696 0.908954
vt 0.144066 0.842499
vt 0.408786 0.460351
vt 0.461764 0.448072
vt 0.408786 0.448072
vt 0.408786 0.472631
vt 0.461764 0.472631
vt 0.461764 0.460351
vt 0.460283 0.129537
vt 0.411464 0.446522
vt 0.460283 0.446522
vt 0.411464 0.129537
vt 0.458783 0.107295
vt 0.412536 0.107295
vt 0.454915 0.085054
vt 0.416500 0.085054
vt 0.450201 0.072374
vt 0.421321 0.072374
vt 0.435951 0.036583
vt 0.461200 0.131935
vt 0.411682 0.442413
vt 0.461200 0.442413
vt 0.411682 0.131935
vt 0.459012 0.110150
vt 0.413613 0.110150
vt 0.454765 0.088365
vt 0.417860 0.088365
vt 0.450260 0.075946
vt 0.422236 0.075946
vt 0.436444 0.038560
vt 0.246436 1.781433
vt 0.081850 2.035364
vt 0.246436 2.035364
vt 0.103880 1.781433
vt 0.165710 1.781433
vt 0.161789 1.781433
vt 0.081850 1.781433
vt 0.165710 1.774454
vt 0.099966 1.774454
vt 0.099966 1.781433
vt 0.081850 1.767475
vt 0.099966 1.767475
vt 0.178250 1.767584
vt 0.151279 1.781507
vt 0.178251 1.781507
vt 0.151279 1.774546
vt 0.151279 1.767584
vt 0.084707 1.781507
vt 0.015021 1.767584
vt 0.015021 1.781507
vt 0.084707 1.774546
vt 0.084707 1.767584
vt 0.407596 0.633403
vt 0.449775 0.637464
vt 0.160716 1.781253
vt 0.160716 1.767246
vt 0.172867 1.180022
vt 0.160716 1.119350
vt 0.168880 1.119350
vt 0.050736 1.119350
vt 0.038583 1.180022
vt 0.042672 1.119350
vt 0.050736 1.781253
vt 0.050736 1.767246
vt 0.707008 0.257918
vt 0.693842 0.360547
vt 0.693842 0.257517
vt 0.693842 0.487977
vt 0.693842 0.530884
vt 0.693842 0.580107
vt 0.693842 0.697070
vt 0.693842 0.804250
vt 0.706873 0.303390
vt 0.706873 0.758376
vt 0.707008 0.802589
vt 0.706873 0.571847
vt 0.706873 0.495178
vt 0.680323 0.282567
vt 0.690373 1.447515
vt 0.680870 1.404496
vt 0.689944 0.568190
vt 0.689915 0.508969
vt 0.689825 0.325586
vt 0.821658 -0.485609
vt 0.729373 1.413800
vt 0.821658 1.413800
vt 0.729373 1.049661
vt 0.729373 -0.293823
vt 0.729373 -0.485609
vt 0.689851 1.404490
vt 0.680802 0.325591
vt 0.690301 0.282559
vt 0.680728 0.508976
vt 0.680672 0.648439
vt 0.680351 1.447522
vt 0.690301 0.282558
vt 0.680802 0.325590
vt 0.680351 1.447523
vt 0.667755 0.557820
vt 0.673672 0.097948
vt 0.667755 0.097948
vt 0.677401 0.097948
vt 0.677401 0.557820
vt 0.673202 0.108068
vt 0.677457 0.567938
vt 0.677457 0.108068
vt 0.670443 0.567938
vt 0.670443 0.108068
vt 0.690302 0.589328
vt 0.670443 1.187008
vt 0.677457 1.646879
vt 0.677457 1.187008
vt 0.673202 1.646879
vt 0.670443 1.646879
vt 0.681739 0.565749
vt 0.681854 -0.126689
vt 0.215764 1.277141
vt 0.168096 1.328566
vt 0.182434 1.385916
vt 0.219248 1.259941
vt 0.224528 1.242742
vt 0.132234 1.180811
vt 0.211699 1.307312
vt 0.238971 1.181358
vt 0.203214 1.325144
vt 0.235077 1.140544
vt 0.188976 1.382094
vt 0.150247 1.307312
vt 0.145930 1.277141
vt 0.141968 1.259941
vt 0.178541 1.781433
vt 0.014899 2.035364
vt 0.178541 2.035364
vt 0.014899 1.781433
vt 0.084760 1.781433
vt 0.084375 2.014452
vt 0.053749 2.035364
vt 0.084375 2.035364
vt 0.053749 1.781433
vt 0.084375 1.993540
vt 0.084375 1.972627
vt 0.084375 1.951715
vt 0.053748 1.767475
vt 0.907784 0.607467
vt 0.960661 0.607467
vt 0.321784 0.297504
vt 0.391668 0.297503
vt 0.681240 0.823040
vt 0.690514 0.868795
vt 0.681370 0.905835
vt 0.690491 0.236539
vt 0.681062 0.710078
vt 0.680800 0.425620
vt 0.681347 0.273578
vt 0.679979 0.862313
vt 0.689382 0.824695
vt 0.688983 0.899894
vt 0.680720 0.236416
vt 0.689986 0.710963
vt 0.690453 0.422125
vt 0.689725 0.273997
vt 0.980044 0.657435
vt 0.892282 0.674324
vt 0.980044 0.674324
vt 0.892282 0.657435
vt 0.998189 0.691214
vt 0.988237 0.708103
vt 0.998189 0.708103
vt 0.980044 0.708103
vt 0.936163 0.708103
vt 0.892282 0.708103
vt 0.884090 0.708103
vt 0.874137 0.708103
vt 0.874137 0.691214
vt 0.988237 0.674324
vt 0.884090 0.691214
vt 0.988237 0.691214
vt 0.884090 0.674324
vt 0.970849 0.749543
vt 0.954109 0.749543
vt 0.937368 0.749543
vt 0.920627 0.749543
vt 0.903886 0.749543
vt 0.210516 1.781433
vt 0.177456 2.035364
vt 0.210516 2.035364
vt 0.177456 2.014452
vt 0.177456 1.993540
vt 0.177456 1.972627
vt 0.177456 1.951715
vt 0.210516 1.767475
vt 0.086309 2.034689
vt 0.161930 2.034689
vt 0.045172 1.285517
vt 0.218019 2.034689
vt 0.045172 2.034689
vt 0.218019 0.536344
vt 0.045172 1.048999
vt 0.045172 0.920836
vt 0.045172 0.792672
vt 0.045172 0.664508
vt 0.045172 0.536344
vt 0.244824 2.036310
vt 0.071965 1.037765
vt 0.071965 2.036310
vt 0.071965 0.931554
vt 0.071965 0.790870
vt 0.071965 0.653931
vt 0.071965 0.537856
vt 0.244824 0.537856
vt 0.287345 0.061066
vt 0.300459 0.061066
vt 0.271171 0.061066
vt 0.232457 1.039279
vt 0.209988 2.002239
vt 0.232457 2.002239
vt 0.209988 1.243001
vt 0.209988 1.003306
vt 0.232457 0.808945
vt 0.209988 0.873420
vt 0.209988 0.743535
vt 0.232457 0.499560
vt 0.209988 0.613650
vt 0.209988 0.483764
vt 0.209988 0.414067
vt 0.300459 0.110275
vt 0.271171 0.114500
vt 0.271171 0.061702
vt 0.300459 0.061702
vt 0.252138 2.002239
vt 0.271979 1.378374
vt 0.271979 2.002239
vt 0.271979 1.034812
vt 0.252138 1.034811
vt 0.209988 0.990352
vt 0.232457 1.034811
vt 0.209988 0.882722
vt 0.209988 0.740159
vt 0.209988 0.601389
vt 0.677381 1.142036
vt 0.670192 0.863470
vt 0.670192 1.170792
vt 0.670192 0.556147
vt 0.670192 0.248825
vt 0.670192 -0.058497
vt 0.670373 -0.233973
vt 0.677532 -0.205240
vt 0.677400 0.974460
vt 0.677438 0.639308
vt 0.677475 0.302490
vt 0.677513 -0.035997
vt 0.677587 1.142036
vt 0.670398 -0.234110
vt 0.670398 1.170792
vt 0.677587 -0.205354
vt 0.670192 1.170791
vt 0.677381 -0.205355
vt 0.670192 -0.234110
vt 0.677381 -0.036931
vt 0.677381 0.299917
vt 0.677381 0.636765
vt 0.677381 0.973612
vt 0.677615 1.141431
vt 0.670398 0.995179
vt 0.670432 1.170070
vt 0.677612 0.973084
vt 0.670398 0.687857
vt 0.677604 0.636387
vt 0.670398 0.380534
vt 0.677597 0.299690
vt 0.670398 0.073212
vt 0.677590 -0.037006
vt 0.677586 -0.205354
vt 0.678406 0.273875
vt 0.668485 0.336913
vt 0.668485 0.284603
vt 0.668485 0.441531
vt 0.668485 0.546671
vt 0.668485 0.652331
vt 0.668485 0.705161
vt 0.678406 0.715888
vt 0.197611 -0.665497
vt 0.206010 -0.521299
vt 0.206010 -0.665497
vt 0.031862 -0.521299
vt 0.177943 -0.665497
vt 0.158274 -0.665497
vt 0.138606 -0.665497
vt 0.099270 -0.665497
vt 0.079601 -0.665497
vt 0.059933 -0.665497
vt 0.040265 -0.665497
vt 0.031862 -0.665497
vt 0.668451 0.281706
vt 0.678372 0.713025
vt 0.678372 0.270975
vt 0.668451 0.334280
vt 0.668451 0.439429
vt 0.668451 0.544577
vt 0.668451 0.649725
vt 0.668451 0.702299
vt 0.093516 -0.666453
vt 0.267744 -0.522252
vt 0.093516 -0.522252
vt 0.267744 -0.666453
vt 0.238240 -0.666453
vt 0.064027 -0.522252
vt 0.238240 -0.522252
vt 0.064027 -0.666453
vt 0.229837 -0.666453
vt 0.210161 -0.666453
vt 0.190485 -0.666453
vt 0.170809 -0.666453
vt 0.131458 -0.666453
vt 0.111782 -0.666453
vt 0.092106 -0.666453
vt 0.072430 -0.666453
vt 0.245514 -0.520819
vt 0.071273 -0.665030
vt 0.071273 -0.520819
vt 0.079681 -0.665030
vt 0.099360 -0.665030
vt 0.119038 -0.665030
vt 0.138717 -0.665030
vt 0.178074 -0.665030
vt 0.197753 -0.665030
vt 0.217432 -0.665030
vt 0.237110 -0.665030
vt 0.245514 -0.665030
vt 0.690138 0.562542
vt 0.559790 0.948893
vt 0.548715 0.904574
vt 0.548715 0.948897
vt 0.570866 0.948889
vt 0.581942 0.948886
vt 0.593017 0.948882
vt 0.604093 0.948878
vt 0.615168 0.948875
vt 0.626244 0.948871
vt 0.637320 0.948867
vt 0.637325 0.904547
vt 0.548715 0.860250
vt 0.637330 0.860228
vt 0.548715 0.815927
vt 0.637335 0.815908
vt 0.548715 0.727280
vt 0.637345 0.727269
vt 0.548715 0.682957
vt 0.637350 0.682950
vt 0.548715 0.638634
vt 0.637354 0.638630
vt 0.548715 0.594311
vt 0.637359 0.594311
vt 0.075503 -0.458251
vt 0.075503 0.515669
vt 0.096226 -0.458251
vt 0.194200 0.280406
vt 0.214481 0.514159
vt 0.194200 0.514159
vt 0.214481 -0.459689
vt 0.194200 -0.303979
vt 0.194200 -0.362418
vt 0.194200 -0.459689
vt 0.036089 -0.458735
vt 0.056801 -0.361465
vt 0.056801 -0.458735
vt 0.056801 -0.303027
vt 0.036089 0.515104
vt 0.181072 -0.458735
vt 0.201785 0.515104
vt 0.201785 -0.458735
vt 0.056603 -0.458787
vt 0.098263 -0.458787
vt 0.668451 0.281894
vt 0.678372 0.271173
vt 0.668451 0.334445
vt 0.668451 0.439546
vt 0.668451 0.544648
vt 0.668451 0.649749
vt 0.139923 -0.458787
vt 0.181583 -0.458787
vt 0.118046 -0.459689
vt 0.118046 0.514159
vt 0.138767 -0.303979
vt 0.138767 -0.362418
vt 0.138767 -0.459689
vt 0.194399 -0.458955
vt 0.152301 -0.458955
vt 0.678406 0.715926
vt 0.668485 0.652623
vt 0.668485 0.705197
vt 0.668485 0.547474
vt 0.668485 0.442325
vt 0.668485 0.336060
vt 0.263754 -0.457405
vt 0.222098 -0.457405
vt 0.241286 0.515669
vt 0.220563 -0.302530
vt 0.220563 -0.360973
vt 0.220563 -0.458251
vt 0.241286 -0.458251
vt 0.098291 -0.458787
vt 0.056612 -0.458787
vt 0.181649 -0.458787
vt 0.139970 -0.458787
vt 0.138682 -0.457405
vt 0.180128 -0.457405
vt 0.221780 -0.457405
vt 0.263639 -0.457405
vt 0.068255 0.514159
vt 0.068255 -0.459689
vt 0.089077 -0.303979
vt 0.089077 -0.362418
vt 0.089077 -0.459689
vt 0.172161 -0.303979
vt 0.130722 -0.303979
vt 0.172161 -0.362418
vt 0.130722 -0.362418
vt 0.172161 -0.459689
vt 0.130722 -0.459689
vt 0.098225 -0.458735
vt 0.139649 -0.361465
vt 0.139649 -0.458735
vt 0.139649 -0.303027
vt 0.234012 -0.459689
vt 0.234012 0.514159
vt 0.213395 -0.303979
vt 0.213395 -0.362418
vt 0.213395 -0.459689
vt 0.221653 0.514159
vt 0.221653 0.280406
vt 0.180210 -0.303979
vt 0.221653 -0.303979
vt 0.180210 -0.362418
vt 0.221653 -0.362418
vt 0.180210 -0.459689
vt 0.221653 -0.459689
vt 0.137672 -0.302530
vt 0.137672 -0.360973
vt 0.137672 -0.458251
vt 0.179117 -0.458251
vt 0.321457 0.652295
vt 0.314365 0.916980
vt 0.314365 0.676358
vt 0.334473 0.916980
vt 0.327381 0.652295
vt 0.334473 0.676358
vt 0.333823 0.672268
vt 0.315643 0.915229
vt 0.333823 0.915229
vt 0.315643 0.672268
vt 0.327306 0.647971
vt 0.321971 0.647971
vt 0.321763 0.652032
vt 0.314776 0.915693
vt 0.314776 0.676001
vt 0.334586 0.915693
vt 0.327599 0.652032
vt 0.334586 0.676001
vt 0.315590 0.672268
vt 0.333681 0.915229
vt 0.315590 0.915229
vt 0.333681 0.672268
vt 0.321967 0.647971
vt 0.327303 0.647971
vt 0.334580 0.915693
vt 0.314762 0.676001
vt 0.314762 0.915693
vt 0.321762 0.652032
vt 0.327598 0.652032
vt 0.334580 0.676001
vt 0.334450 0.916980
vt 0.314332 0.676358
vt 0.314332 0.916980
vt 0.321456 0.652295
vt 0.327380 0.652295
vt 0.334450 0.676358
vt 0.333923 0.673498
vt 0.315923 0.916460
vt 0.333923 0.916460
vt 0.315923 0.673498
vt 0.327692 0.649202
vt 0.322164 0.649202
vt 0.315783 0.673498
vt 0.334067 0.916460
vt 0.315783 0.916460
vt 0.334067 0.673498
vt 0.322161 0.649202
vt 0.327689 0.649202
vt 0.032551 1.286454
vt 0.087337 1.380100
vt 0.101067 1.353816
vt 0.083113 1.393549
vt 0.079175 1.410611
vt 0.076210 1.425505
vt 0.072236 1.457433
vt 0.070361 1.486863
vt 0.070361 1.941974
vt 0.070361 1.965385
vt 0.070361 1.988797
vt 0.070361 2.012208
vt 0.070361 2.035619
vt 0.032551 2.035619
vt 0.183791 1.286454
vt 0.145981 1.486863
vt 0.183791 2.035619
vt 0.142909 1.457433
vt 0.138820 1.425505
vt 0.135954 1.410611
vt 0.132318 1.393549
vt 0.128421 1.380100
vt 0.114523 1.353816
vt 0.145981 2.035619
vt 0.361432 0.083885
vt 0.356039 0.078720
vt 0.350022 0.083916
vt 0.108171 1.347680
vt 0.237550 2.034689
vt 0.215514 1.403298
vt -0.077300 0.388919
vt -0.077300 1.403298
vt 0.202674 0.388919
vt 0.215514 0.388919
vt 0.007639 0.391471
vt 0.250730 1.397992
vt 0.250730 0.391471
vt 0.007638 0.720136
vt 0.007636 1.397992
vt 0.007637 0.983870
vt 0.099650 0.393199
vt -0.018984 0.390902
vt 0.240720 1.403957
vt -0.018984 1.403957
vt 0.240720 0.897430
vt 0.240720 0.390902
vt 0.836293 0.827330
vt 0.743795 0.208210
vt 0.743795 0.827330
vt 0.743795 0.119795
vt 0.836293 0.119795
vt 0.238898 0.896826
vt -0.019566 1.400934
vt 0.238898 1.400934
vt -0.019566 0.392717
vt 0.238898 0.392717
vt 0.110078 1.398494
vt 0.110078 -0.071661
vt 0.213802 0.393199
vt 0.196205 -0.071661
vt 0.196205 1.398494
vt 0.398987 0.392717
vt 0.140524 1.400934
vt 0.398987 1.400934
vt 0.140524 0.432144
vt 0.136350 0.409873
vt 0.136350 0.387601
vt 0.392769 0.387601
vt 0.780940 0.285763
vt 0.778272 0.285443
vt 0.802928 0.279335
vt 0.803052 0.334654
vt 0.802976 0.277874
vt 0.802973 0.276586
vt 0.799574 0.288000
vt 0.793256 0.287242
vt 0.668776 -0.734875
vt 0.678700 1.734145
vt 0.668776 1.734145
vt 0.678700 1.372883
vt 0.678700 1.011621
vt 0.678700 0.640795
vt 0.678700 0.269970
vt 0.678700 -0.075224
vt 0.678700 -0.420418
vt 0.678700 -0.577646
vt 0.678700 -0.734875
vt 0.046311 0.391471
vt 0.059051 0.720136
vt 0.059051 0.391471
vt 0.046311 1.397992
vt 0.093766 0.391471
vt 0.088201 0.610489
vt 0.093766 0.720136
vt 0.076408 0.575610
vt 0.063933 0.610489
vt 0.542081 0.099510
vt 0.551189 0.513438
vt 0.551191 0.221065
vt 0.494358 0.513438
vt 0.522774 0.060844
vt 0.502351 0.099510
vt 0.494358 0.221065
vt 0.669540 0.249753
vt 0.675495 -0.183839
vt 0.669540 -0.183839
vt 0.675495 1.297839
vt 0.669540 0.694824
vt 0.669540 1.109131
vt 0.669540 1.297839
vt 0.082830 1.533612
vt 0.082830 1.259326
vt 0.004829 1.533612
vt 0.149744 1.259326
vt 0.152381 1.533612
vt 0.152381 1.259326
vt 0.147107 1.259326
vt 0.085369 1.259326
vt 0.193194 1.259326
vt 0.193194 1.533612
vt 0.190742 1.259326
vt 0.188291 1.259326
vt 0.078182 1.259326
vt 0.075598 1.259326
vt 0.253840 1.259326
vt 0.255957 1.533612
vt 0.255957 1.259326
vt 0.251722 1.259326
vt 0.189172 1.259326
vt 0.187057 1.259326
vt 0.040094 -0.048384
vt 0.020633 0.040063
vt 0.233049 0.605133
vt 0.233049 1.400052
vt 0.233049 0.483856
vt 0.036272 -0.251132
vt 0.233043 1.781432
vt 0.150880 2.035364
vt 0.233043 2.035364
vt 0.150880 1.121816
vt 0.233043 1.767474
vt 0.233043 1.121816
vt 0.716515 2.036985
vt 0.176847 1.123370
vt 0.176848 2.036985
vt 0.708191 1.123370
vt 0.716515 1.123370
vt 0.113646 2.036985
vt 0.030953 2.036985
vt 0.113646 1.783035
vt 0.177435 2.036985
vt 0.115607 1.783035
vt 0.173520 1.783035
vt 0.175477 1.783035
vt 0.177434 1.783035
vt 0.243982 2.036985
vt 0.134983 1.783035
vt 0.137253 1.783035
vt 0.239198 1.783035
vt 0.241590 1.783035
vt 0.243982 1.783035
vt 0.104988 2.036985
vt 0.107429 1.783035
vt 0.104987 1.783035
vt 0.109871 1.783035
vt 0.167031 1.783035
vt 0.169382 1.783035
vt 0.031094 1.123370
vt 0.027617 1.244305
vt 0.027617 1.123370
vt 0.027617 2.036985
vt 0.162206 2.036985
vt 0.174082 1.123370
vt 0.252138 1.039279
vt 0.271979 1.039279
s 0
usemtl Material.001
f 1/1/1 2/2/1 3/3/1
f 4/4/2 5/5/2 6/6/2
f 7/7/3 8/8/3 9/9/3
f 10/10/4 11/11/4 12/12/4
f 13/9/5 14/8/5 15/7/5
f 16/13/6 17/14/6 18/15/6
f 19/15/7 20/14/7 21/13/7
f 22/6/8 23/5/8 24/4/8
f 25/16/9 26/17/9 27/18/9
f 28/19/9 29/20/9 30/21/9
s 1
f 31/22/10 32/23/10 33/24/10
s 0
f 34/25/9 35/26/9 36/27/9
f 37/28/1 38/29/1 39/30/1
f 40/24/11 41/23/11 42/22/11
f 43/31/12 44/32/12 45/24/12
f 46/33/1 47/26/1 48/34/1
f 49/35/9 50/36/9 51/37/9
f 49/35/9 51/37/9 52/38/9
f 53/31/13 54/24/13 55/39/13
f 56/39/14 57/24/14 58/23/14
f 59/23/15 60/24/15 61/32/15
f 62/12/16 63/11/16 64/10/16
f 65/40/9 35/26/9 34/25/9
f 66/27/1 47/26/1 46/33/1
f 67/41/1 68/42/1 37/28/1
f 69/43/9 70/44/9 71/45/9
f 39/30/1 67/41/1 37/28/1
f 72/46/17 73/47/17 74/48/17
f 75/49/18 76/50/18 77/51/18
s 1
f 78/52/19 79/53/19 80/54/19
s 0
f 81/55/20 82/56/20 83/57/20
f 84/58/17 85/59/17 86/60/17
f 87/61/17 88/62/17 89/63/17
f 90/64/17 91/65/17 92/66/17
f 93/67/21 94/68/21 95/69/21
f 93/67/21 95/69/21 96/70/21
f 97/71/22 98/72/22 99/73/22
f 100/74/17 91/65/17 90/64/17
f 101/75/17 102/76/17 103/77/17
f 104/78/21 105/79/21 106/80/21
f 89/63/17 107/81/17 87/61/17
f 108/82/23 109/83/23 110/84/23
s 1
f 111/82/24 112/84/24 113/85/24
s 0
f 114/86/25 115/87/25 116/88/25
f 117/89/25 118/90/25 119/91/25
f 115/87/25 114/86/25 120/92/25
f 118/90/25 117/89/25 121/93/25
f 122/94/17 123/95/17 124/96/17
f 125/97/21 126/98/21 127/99/21
f 128/100/17 129/101/17 130/102/17
f 131/101/21 132/100/21 133/102/21
f 134/98/17 135/97/17 136/99/17
f 137/103/26 138/104/26 139/105/26
f 140/106/27 141/107/27 142/108/27
f 143/109/27 144/110/27 145/111/27
f 146/112/9 147/113/9 148/114/9
f 149/115/9 150/116/9 151/117/9
f 152/118/21 153/119/21 154/120/21
f 155/121/21 156/122/21 157/123/21
f 158/124/28 159/125/28 160/126/28
f 161/127/28 162/128/28 163/129/28
f 164/128/9 165/130/9 166/131/9
f 167/116/28 168/132/28 169/133/28
f 170/125/9 171/134/9 172/135/9
f 173/113/28 174/136/28 175/137/28
f 176/138/27 177/139/27 178/140/27
f 179/141/21 180/142/21 181/143/21
f 182/119/27 183/144/27 184/145/27
f 185/107/21 186/146/21 187/147/21
f 188/148/1 189/149/1 190/150/1
f 191/151/21 192/152/21 193/153/21
f 194/154/21 195/155/21 196/156/21
f 194/154/21 197/157/21 191/151/21
f 198/158/21 199/159/21 200/160/21
f 201/161/21 202/162/21 203/163/21
f 204/164/21 201/161/21 203/163/21
f 138/104/26 205/165/26 206/166/26
f 207/167/29 208/168/29 209/169/29
f 210/170/30 211/167/30 212/169/30
f 213/171/1 1/1/1 3/3/1
f 213/171/1 3/3/1 214/172/1
f 215/173/17 216/174/17 217/175/17
f 215/173/17 217/175/17 218/176/17
f 219/177/1 220/178/1 221/179/1
f 219/177/1 221/179/1 222/180/1
f 223/181/25 224/182/25 225/183/25
f 223/181/25 225/183/25 226/184/25
f 227/185/31 228/186/31 229/187/31
f 227/185/31 229/187/31 230/188/31
f 231/189/32 232/190/32 233/191/32
f 231/189/32 233/191/32 234/192/32
s 1
f 235/193/33 236/194/33 237/195/33
f 235/193/33 237/195/33 238/196/33
f 239/197/34 240/198/34 241/199/34
f 239/197/34 241/199/34 242/200/35
s 0
f 243/201/1 244/202/1 245/203/1
f 243/201/1 245/203/1 246/204/1
f 247/205/9 248/206/9 249/207/9
f 247/205/9 249/207/9 250/208/9
s 1
f 251/209/36 252/14/36 253/13/36
f 251/209/36 253/13/36 254/210/36
f 255/211/37 256/212/37 257/213/37
f 255/211/37 257/213/37 258/214/37
f 259/215/38 260/216/38 261/217/38
f 259/215/38 261/217/38 262/218/39
s 0
f 263/219/1 264/220/1 265/221/1
f 263/219/1 265/221/1 266/222/1
f 267/223/40 268/224/40 269/225/40
f 267/223/40 269/225/40 270/226/40
f 271/227/41 272/182/41 273/183/41
f 271/227/41 273/183/41 274/228/41
s 1
f 275/12/42 276/210/42 277/209/42
f 275/12/42 277/209/42 278/11/42
s 0
f 279/229/9 280/230/9 281/231/9
f 279/229/9 281/231/9 282/232/9
f 283/233/43 284/234/43 285/235/43
f 283/233/43 285/235/43 286/236/43
s 1
f 287/237/44 288/238/45 289/239/45
f 287/237/44 289/239/45 290/240/45
s 0
f 291/241/46 292/242/46 293/243/46
f 291/241/46 293/243/46 294/244/46
s 1
f 295/245/47 296/246/47 297/214/47
f 295/245/47 297/214/47 298/211/47
s 0
f 299/247/48 300/248/48 301/194/48
f 299/247/48 301/194/48 302/193/48
s 1
f 303/249/49 304/245/50 305/211/50
f 303/249/49 305/211/50 306/250/50
s 0
f 307/251/25 308/252/25 309/253/25
f 307/251/25 309/253/25 310/254/25
s 1
f 311/211/51 312/214/51 313/213/51
f 311/211/51 313/213/51 314/212/51
f 315/255/52 316/8/52 317/9/52
f 315/255/52 317/9/52 318/256/52
s 0
f 319/257/1 320/258/1 321/259/1
f 319/257/1 321/259/1 322/260/1
f 323/236/53 324/235/53 325/32/53
f 323/236/53 325/32/53 326/31/53
f 327/261/1 328/262/1 2/2/1
f 327/261/1 2/2/1 1/1/1
f 329/263/1 330/264/1 331/265/1
f 329/263/1 331/265/1 332/266/1
f 330/264/1 333/267/1 334/268/1
f 330/264/1 334/268/1 331/265/1
f 335/269/9 336/270/9 337/271/9
f 335/269/9 337/271/9 338/272/9
s 1
f 339/196/54 340/195/54 341/23/54
f 339/196/54 341/23/54 342/22/54
s 0
f 343/273/9 344/274/9 345/275/9
f 343/273/9 345/275/9 346/276/9
s 1
f 347/6/55 348/256/55 349/255/55
f 347/6/55 349/255/55 350/5/55
s 0
f 351/277/9 352/278/9 353/279/9
f 351/277/9 353/279/9 354/280/9
f 355/281/1 356/282/1 357/283/1
f 355/281/1 357/283/1 358/284/1
f 359/285/9 360/286/9 361/287/9
f 359/285/9 361/287/9 362/288/9
s 1
f 363/289/56 364/290/56 365/291/56
f 363/289/56 365/291/56 366/292/56
f 367/212/57 368/293/57 369/250/57
f 367/212/57 369/250/57 370/211/57
f 371/294/58 372/295/58 373/5/58
f 371/294/58 373/5/58 374/4/58
f 375/296/59 376/297/59 377/295/59
f 375/296/59 377/295/59 378/294/59
f 379/298/60 380/299/60 381/297/60
f 379/298/60 381/297/60 382/296/60
f 383/291/61 384/10/61 385/11/61
f 383/291/61 385/11/61 386/292/61
f 387/290/62 388/289/62 389/292/62
f 387/290/62 389/292/62 390/291/62
f 391/300/63 392/301/63 393/289/63
f 391/300/63 393/289/63 394/290/63
f 395/297/64 396/296/64 397/294/64
f 395/297/64 397/294/64 398/295/64
f 399/291/65 400/292/65 401/11/65
f 399/291/65 401/11/65 402/10/65
f 403/302/66 404/303/67 405/304/68
f 403/302/66 405/304/68 406/305/66
f 407/216/69 408/306/69 409/307/69
f 407/216/69 409/307/69 410/217/69
f 411/308/70 412/309/70 413/310/71
f 411/308/70 413/310/71 414/311/70
f 415/312/72 416/313/72 417/314/72
f 415/312/72 417/314/72 418/315/73
f 419/309/74 420/316/74 421/317/74
f 419/309/74 421/317/74 422/308/74
f 423/8/75 424/310/75 425/311/75
f 423/8/75 425/311/75 426/7/75
f 427/310/76 428/309/76 429/308/76
f 427/310/76 429/308/76 430/311/76
f 431/310/77 432/8/77 433/7/77
f 431/310/77 433/7/77 434/311/77
f 435/316/78 436/309/78 437/308/78
f 435/316/78 437/308/78 438/317/78
f 439/9/79 440/8/79 441/255/79
f 439/9/79 441/255/79 442/256/79
s 0
f 443/247/80 444/193/80 445/194/80
f 443/247/80 445/194/80 446/248/80
s 1
f 447/6/81 448/5/81 449/255/81
f 447/6/81 449/255/81 450/256/81
f 451/318/82 452/319/82 453/320/82
f 451/318/82 453/320/82 454/321/82
f 455/322/83 456/319/83 457/320/83
f 455/322/83 457/320/83 458/323/83
f 459/319/84 460/322/84 461/323/84
f 459/319/84 461/323/84 462/320/84
f 463/14/85 464/318/85 465/321/85
f 463/14/85 465/321/85 466/15/85
f 467/318/86 468/14/86 469/15/86
f 467/318/86 469/15/86 470/321/86
f 471/12/87 472/11/87 473/209/87
f 471/12/87 473/209/87 474/210/87
f 475/324/88 476/325/88 477/303/88
f 475/324/88 477/303/88 478/302/89
f 479/320/90 480/319/90 481/318/90
f 479/320/90 481/318/90 482/321/90
f 483/326/91 484/327/91 485/328/91
f 483/326/91 485/328/91 486/329/91
s 0
f 487/330/92 488/234/92 489/233/92
f 487/330/92 489/233/92 490/331/92
s 1
f 491/13/93 492/14/93 493/209/93
f 491/13/93 493/209/93 494/210/93
s 0
f 495/332/9 496/333/9 497/334/9
f 495/332/9 497/334/9 498/335/9
f 499/336/1 331/265/1 334/268/1
f 499/336/1 334/268/1 500/337/1
f 501/338/9 279/229/9 282/232/9
f 501/338/9 282/232/9 502/339/9
s 1
f 503/298/94 504/296/95 505/297/95
f 503/298/94 505/297/95 506/299/95
f 507/239/96 508/340/96 509/341/96
f 507/239/96 509/341/96 510/240/96
s 0
f 511/190/97 512/342/97 513/343/97
f 511/190/97 513/343/97 514/191/97
s 1
f 515/300/98 516/290/98 517/289/98
f 515/300/98 517/289/98 518/301/98
f 519/344/99 520/345/99 521/233/99
f 519/344/99 521/233/99 522/346/99
f 523/326/100 524/347/101 525/348/100
f 523/326/100 525/348/100 526/327/102
f 527/39/103 528/344/103 529/346/103
f 527/39/103 529/346/103 530/31/103
s 0
f 531/345/104 532/349/104 533/331/104
f 531/345/105 533/331/105 534/233/105
f 535/23/106 536/350/106 537/351/106
f 535/23/106 537/351/106 538/22/106
f 539/350/107 540/194/107 541/193/107
f 539/350/107 541/193/107 542/351/107
s 1
f 543/325/108 544/352/108 545/353/108
f 543/325/108 545/353/108 546/303/108
f 547/314/109 548/354/109 549/355/109
f 547/314/109 549/355/109 550/315/109
f 551/356/9 552/357/9 279/229/9
s 0
f 551/356/9 279/229/9 501/338/9
f 553/182/110 554/358/110 555/359/110
f 553/182/110 555/359/110 556/183/110
f 557/360/111 558/361/111 559/362/111
f 557/360/111 559/362/111 560/363/111
s 1
f 561/364/1 562/365/1 263/219/1
s 0
f 561/364/1 263/219/1 563/366/1
f 564/367/97 565/368/97 566/369/97
f 564/367/97 566/369/97 567/370/97
f 568/371/9 569/372/9 495/332/9
f 568/371/9 495/332/9 570/373/9
f 571/374/1 572/375/1 243/201/1
f 571/374/1 243/201/1 573/376/1
f 574/377/111 575/251/111 576/254/111
s 1
f 574/377/111 576/254/111 577/378/111
s 0
f 578/379/1 579/380/1 580/381/1
f 578/379/1 580/381/1 581/382/1
f 582/383/9 583/384/9 584/385/9
f 582/383/9 584/385/9 585/386/9
f 586/387/1 587/388/1 588/389/1
f 586/387/1 588/389/1 589/390/1
f 590/391/1 578/379/1 581/382/1
f 590/391/1 581/382/1 591/392/1
f 587/388/1 590/391/1 591/392/1
f 587/388/1 591/392/1 588/389/1
f 592/393/9 593/394/9 594/395/9
f 592/393/9 594/395/9 595/396/9
f 596/397/9 592/393/9 595/396/9
f 596/397/9 595/396/9 597/398/9
f 593/394/9 582/383/9 585/386/9
f 593/394/9 585/386/9 594/395/9
s 1
f 598/218/112 599/217/113 600/399/114
f 598/218/112 600/399/114 601/400/112
f 602/401/115 603/237/115 604/240/115
f 602/401/115 604/240/115 605/402/115
f 606/403/116 607/315/116 608/355/116
f 606/403/116 608/355/116 609/404/117
f 610/405/118 611/312/118 612/315/118
f 610/405/118 612/315/118 613/403/118
f 614/402/119 615/240/120 616/341/119
f 614/402/119 616/341/119 617/406/119
f 618/328/121 619/327/121 620/407/121
f 618/328/121 620/407/121 621/408/121
s 0
f 622/409/9 623/410/9 624/411/9
f 622/409/9 624/411/9 625/412/9
f 626/413/1 627/414/1 628/415/1
f 626/413/1 628/415/1 629/416/1
s 1
f 630/327/122 631/328/122 632/408/122
f 630/327/122 632/408/122 633/407/123
f 634/327/124 635/348/124 636/417/124
f 634/327/124 636/417/124 637/407/125
f 638/315/126 639/403/126 640/404/126
f 638/315/126 640/404/126 641/355/126
f 642/303/127 643/353/127 644/418/128
f 642/303/127 644/418/128 645/304/127
f 646/419/129 647/302/129 648/305/129
f 646/419/129 648/305/129 649/304/130
f 650/240/131 651/402/131 652/406/131
f 650/240/131 652/406/131 653/341/131
f 654/294/132 655/4/132 656/5/132
f 654/294/132 656/5/132 657/295/132
f 658/217/133 659/307/133 660/420/134
f 658/217/133 660/420/134 661/399/133
f 662/217/135 663/218/135 664/400/135
f 662/217/135 664/400/135 665/399/136
f 666/307/137 667/217/137 668/399/138
f 666/307/137 668/399/138 669/420/138
f 670/306/139 671/216/139 672/217/139
f 670/306/139 672/217/139 673/307/139
f 674/216/140 675/215/140 676/218/140
f 674/216/140 676/218/140 677/217/141
f 678/239/142 679/240/142 680/341/142
f 678/239/142 680/341/142 681/340/142
f 682/238/143 683/237/143 684/240/143
f 682/238/143 684/240/143 685/239/143
f 686/237/144 687/401/145 688/402/144
f 686/237/144 688/402/144 689/240/144
f 690/421/146 691/419/146 692/304/146
f 690/421/146 692/304/146 693/418/146
f 694/422/147 695/423/148 696/419/147
f 694/422/147 696/419/147 697/421/147
f 698/423/149 699/324/149 700/302/149
f 698/423/149 700/302/149 701/419/149
f 702/424/150 703/315/150 704/355/150
f 702/424/150 704/355/150 705/425/150
f 706/426/151 707/312/151 708/315/151
f 706/426/151 708/315/151 709/424/152
f 710/312/153 711/405/154 712/403/153
f 710/312/153 712/403/153 713/315/154
f 714/348/155 715/327/155 716/407/155
f 714/348/155 716/407/155 717/417/155
f 718/347/156 719/326/156 720/327/156
f 718/347/156 720/327/156 721/348/156
f 722/326/157 723/329/157 724/328/157
f 722/326/157 724/328/157 725/327/158
f 726/245/159 727/211/159 728/214/159
f 726/245/159 728/214/159 729/246/159
f 730/249/160 731/250/161 732/211/161
f 730/249/160 732/211/161 733/245/161
f 734/250/162 735/293/162 736/212/162
f 734/250/162 736/212/162 737/211/162
s 0
f 738/427/163 739/428/163 740/429/163
f 738/427/163 740/429/163 741/430/163
f 742/342/164 743/431/164 744/432/164
f 742/342/164 744/432/164 745/343/164
f 746/433/9 747/434/9 748/435/9
f 746/433/9 748/435/9 749/436/9
f 750/437/9 751/438/9 752/439/9
f 750/437/9 752/439/9 753/440/9
f 754/441/1 755/442/1 756/443/1
f 754/441/1 756/443/1 757/444/1
f 758/445/1 759/446/1 760/447/1
f 758/445/1 760/447/1 761/448/1
f 762/449/1 763/450/1 756/443/1
f 762/449/1 756/443/1 755/442/1
f 764/451/9 765/452/9 752/439/9
f 764/451/9 752/439/9 751/438/9
f 766/453/1 760/447/1 759/446/1
f 766/453/1 759/446/1 767/454/1
f 768/455/9 748/435/9 747/434/9
f 768/455/9 747/434/9 769/456/9
f 770/457/164 771/367/164 772/370/164
f 770/457/164 772/370/164 773/458/164
f 774/252/41 775/459/41 776/460/41
f 774/252/41 776/460/41 777/253/41
f 778/368/32 779/427/32 780/430/32
f 778/368/32 780/430/32 781/369/32
f 224/182/25 782/360/25 783/363/25
f 224/182/25 783/363/25 225/183/25
f 784/428/165 785/461/165 786/462/165
f 784/428/165 786/462/165 787/429/165
f 788/463/166 789/464/166 790/465/166
f 788/463/166 790/465/166 791/466/166
f 792/467/167 793/252/167 794/253/167
f 792/467/167 794/253/167 795/468/167
f 308/252/25 796/463/25 797/466/25
f 308/252/25 797/466/25 309/253/25
f 798/469/166 799/181/166 800/184/166
f 798/469/166 800/184/166 801/470/166
f 802/461/46 803/471/46 804/472/46
f 802/461/46 804/472/46 805/462/46
f 806/242/165 807/473/165 808/474/165
f 806/242/165 808/474/165 809/243/165
f 810/473/163 811/475/163 812/476/163
f 810/473/163 812/476/163 813/474/163
f 814/477/25 815/478/25 816/479/25
f 814/477/25 816/479/25 817/480/25
f 818/481/168 819/482/168 820/483/168
f 818/481/168 820/483/168 821/484/168
f 822/485/25 823/486/25 824/487/25
f 822/485/25 824/487/25 825/488/25
f 826/489/21 827/490/21 828/491/21
f 826/489/21 828/491/21 829/492/21
f 830/490/17 831/489/17 832/492/17
f 830/490/17 832/492/17 833/491/17
f 834/493/169 835/494/169 836/495/169
f 834/493/169 836/495/169 837/496/169
f 838/494/170 839/482/170 840/481/170
f 838/494/170 840/481/170 841/495/170
s 1
f 842/483/171 843/493/171 844/496/171
f 842/483/171 844/496/171 845/484/171
s 0
f 846/497/17 847/498/17 848/494/17
f 846/497/17 848/494/17 849/495/17
f 850/498/172 851/489/172 852/492/172
f 850/498/172 852/492/172 853/497/172
s 1
f 854/492/173 855/489/173 856/498/173
s 0
f 854/492/173 856/498/173 857/497/173
f 858/494/21 859/498/21 860/497/21
f 858/494/21 860/497/21 861/495/21
f 862/499/174 863/500/174 864/501/174
f 862/499/174 864/501/174 865/502/174
f 266/222/1 866/503/1 563/366/1
f 266/222/1 563/366/1 263/219/1
f 246/204/1 867/504/1 573/376/1
f 246/204/1 573/376/1 243/201/1
f 498/335/9 868/505/9 570/373/9
f 498/335/9 570/373/9 495/332/9
f 869/506/9 870/507/9 871/508/9
f 869/506/9 871/508/9 872/509/9
s 1
f 873/510/175 874/511/175 875/512/175
f 873/510/175 875/512/175 876/513/175
s 0
f 877/514/9 878/515/9 879/516/9
f 877/514/9 879/516/9 880/517/9
f 881/518/1 265/221/1 264/220/1
f 881/518/1 264/220/1 882/519/1
f 866/503/1 883/520/1 884/521/1
f 866/503/1 884/521/1 563/366/1
f 885/522/9 281/231/9 280/230/9
f 885/522/9 280/230/9 886/523/9
s 1
f 887/524/176 888/525/177 889/526/178
f 887/524/176 889/526/178 890/527/179
s 0
f 891/528/180 892/529/180 893/530/180
f 891/528/180 893/530/180 894/531/180
f 895/532/1 896/533/1 897/534/1
f 895/532/1 897/534/1 898/535/1
f 899/536/21 900/537/21 901/538/21
f 899/536/21 901/538/21 902/539/21
f 903/502/181 904/501/181 905/500/181
f 903/502/181 905/500/181 906/499/181
f 907/540/1 908/541/1 909/542/1
f 907/540/1 909/542/1 910/543/1
f 911/544/1 912/545/1 913/207/1
f 911/544/1 913/207/1 914/546/1
f 915/547/17 916/548/17 917/549/17
f 915/547/17 917/549/17 918/550/17
f 919/551/182 920/552/182 921/553/182
f 919/551/182 921/553/182 922/554/182
f 923/555/17 924/556/17 925/557/17
f 923/555/17 925/557/17 926/558/17
f 927/559/17 928/560/17 929/561/17
f 927/559/17 929/561/17 930/562/17
s 1
f 931/563/183 932/564/184 933/565/183
f 931/563/183 933/565/183 934/566/183
s 0
f 935/567/17 936/568/17 937/569/17
f 935/567/17 937/569/17 938/570/17
s 1
f 939/571/185 940/572/185 941/573/185
f 939/571/185 941/573/185 942/574/185
s 0
f 943/575/17 944/576/17 945/577/17
f 943/575/17 945/577/17 946/578/17
f 947/579/21 948/580/21 949/581/21
f 947/579/21 949/581/21 950/582/21
s 1
f 951/71/186 952/583/186 953/584/186
f 951/71/186 953/584/186 954/72/186
f 955/585/187 956/586/187 957/587/188
f 955/585/187 957/587/188 958/588/189
s 0
f 959/589/190 960/590/190 961/591/190
f 959/589/190 961/591/190 962/592/190
f 963/593/17 964/594/17 965/595/17
f 963/593/17 965/595/17 966/596/17
s 1
f 967/597/191 968/598/192 969/599/191
f 967/597/191 969/599/191 970/600/191
f 971/601/193 972/597/194 973/600/194
f 971/601/193 973/600/194 974/602/194
f 975/603/195 976/604/195 977/605/195
f 975/603/195 977/605/195 978/606/195
s 0
f 979/607/25 980/608/25 981/609/25
f 979/607/25 981/609/25 982/610/25
s 1
f 983/600/196 984/599/197 985/611/196
f 983/600/196 985/611/196 986/612/196
s 0
f 987/613/1 988/614/1 989/615/1
f 987/613/1 989/615/1 990/616/1
s 1
f 991/55/198 992/617/198 993/618/198
f 991/55/198 993/618/198 994/56/198
f 995/619/199 996/620/199 997/621/199
f 995/619/199 997/621/199 998/622/199
f 999/612/200 1000/623/200 1001/602/200
f 999/612/200 1001/602/200 1002/600/200
f 1003/621/201 1004/73/201 1005/72/201
f 1003/621/201 1005/72/201 1006/622/201
f 1007/624/202 1008/625/203 1009/626/204
f 1007/624/202 1009/626/204 1010/627/203
f 1011/564/205 1012/628/205 1013/629/205
f 1011/564/205 1013/629/205 1014/565/205
f 1015/630/206 1016/631/206 1017/632/206
f 1015/630/206 1017/632/206 1018/633/206
f 1019/632/207 1020/50/207 1021/49/207
f 1019/632/207 1021/49/207 1022/633/207
f 1023/634/208 1024/631/209 1025/630/209
f 1023/634/208 1025/630/209 1026/635/209
f 1027/51/210 1028/50/210 1029/618/210
f 1027/51/210 1029/618/210 1030/617/210
f 1031/636/211 1032/637/212 1033/638/211
f 1031/636/211 1033/638/211 1034/639/211
f 1035/640/213 1036/53/213 1037/52/213
f 1035/640/213 1037/52/213 1038/641/213
f 1039/638/214 1040/637/214 1041/640/214
f 1039/638/214 1041/640/214 1042/641/214
f 1043/642/215 1044/643/215 1045/644/215
f 1043/642/215 1045/644/215 1046/645/215
f 1047/54/216 1048/53/216 1049/584/216
f 1047/54/216 1049/584/216 1050/583/216
f 1051/646/217 1052/625/217 1053/624/217
f 1051/646/217 1053/624/217 1054/647/217
f 1055/587/218 1056/648/218 1057/649/218
f 1055/587/218 1057/649/218 1058/588/218
s 0
f 1059/552/219 1060/650/219 1061/651/219
f 1059/552/219 1061/651/219 1062/553/219
s 1
f 1063/652/220 1064/620/220 1065/619/220
f 1063/652/220 1065/619/220 1066/653/220
f 1067/642/221 1068/654/221 1069/655/221
f 1067/642/221 1069/655/221 1070/643/221
f 1071/656/17 1072/657/17 943/575/17
s 0
f 1071/656/17 943/575/17 1073/658/17
f 1074/659/17 1075/660/17 923/555/17
f 1074/659/17 923/555/17 1076/661/17
f 1077/662/222 1078/607/222 1079/610/222
f 1077/662/222 1079/610/222 1080/663/222
s 1
f 1081/566/223 1082/565/224 1083/664/225
f 1081/566/223 1083/664/225 1084/665/223
f 1085/666/226 1086/585/226 1087/588/226
f 1085/666/226 1087/588/226 1088/667/226
f 1089/667/227 1090/588/227 1091/649/227
f 1089/667/227 1091/649/227 1092/668/228
f 1093/644/229 1094/643/230 1095/669/229
f 1093/644/229 1095/669/229 1096/670/229
s 0
f 1097/580/21 1098/671/21 1099/582/21
f 1097/580/21 1099/582/21 1100/579/21
s 1
f 1101/643/231 1102/655/231 1103/672/231
f 1101/643/231 1103/672/231 1104/669/231
s 0
f 1105/673/17 1106/674/17 1107/675/17
f 1105/673/17 1107/675/17 1108/676/17
f 1109/677/232 1110/678/232 1111/679/232
f 1109/677/232 1111/679/232 1112/680/232
s 1
f 1113/626/233 1114/57/233 1115/56/233
f 1113/626/233 1115/56/233 1116/627/233
f 1117/565/234 1118/629/234 1119/681/234
f 1117/565/234 1119/681/234 1120/664/234
s 0
f 1121/650/235 1122/682/235 1123/683/235
f 1121/650/236 1123/683/236 1124/651/236
f 1125/684/17 1126/685/17 1127/686/17
f 1125/684/17 1127/686/17 1128/687/17
f 1129/688/17 1130/689/17 1131/690/17
f 1129/688/17 1131/690/17 1132/691/17
f 1133/692/17 1134/693/17 1127/686/17
f 1133/692/17 1127/686/17 1126/685/17
f 1135/694/17 1131/690/17 1130/689/17
f 1135/694/17 1130/689/17 1136/695/17
f 1137/608/237 1138/696/237 1139/697/237
f 1137/608/237 1139/697/237 1140/609/237
f 1141/698/238 1142/699/238 1143/700/238
f 1141/698/238 1143/700/238 1144/701/238
f 1145/702/239 1146/608/239 1147/609/239
f 1145/702/240 1147/609/240 1148/703/240
f 980/608/25 1149/698/25 1150/701/25
f 980/608/25 1150/701/25 981/609/25
f 1151/590/241 1152/704/241 1153/705/241
f 1151/590/241 1153/705/241 1154/591/241
f 1155/704/242 1156/706/242 1157/707/242
f 1155/704/242 1157/707/242 1158/705/242
f 1159/708/25 1160/709/25 1161/710/25
f 1159/708/25 1161/710/25 1162/711/25
f 1163/712/243 1164/713/243 1165/714/243
f 1163/712/243 1165/714/243 1166/715/243
f 1167/716/25 1168/717/25 1169/718/25
f 1167/716/25 1169/718/25 1170/719/25
f 1171/720/1 1172/721/1 1173/722/1
f 1171/720/1 1173/722/1 1174/723/1
f 1175/724/9 1176/720/9 1177/723/9
f 1175/724/9 1177/723/9 1178/725/9
f 1179/726/244 1180/727/244 1181/728/244
f 1179/726/244 1181/728/244 1182/729/244
f 1183/727/245 1184/713/245 1185/712/245
f 1183/727/245 1185/712/245 1186/728/245
f 1187/714/246 1188/726/246 1189/729/246
f 1187/714/246 1189/729/246 1190/715/246
f 1191/730/9 1192/731/9 1193/727/9
f 1191/730/9 1193/727/9 1194/728/9
f 1195/731/247 1196/720/247 1197/723/247
f 1195/731/247 1197/723/247 1198/730/247
f 1199/723/248 1200/720/248 1201/731/248
f 1199/723/248 1201/731/248 1202/730/248
f 1203/727/1 1204/731/1 1205/730/1
f 1203/727/1 1205/730/1 1206/728/1
f 1207/732/9 1208/733/9 1209/734/9
f 1207/732/9 1209/734/9 1210/735/9
f 946/578/17 1211/736/17 1073/658/17
f 946/578/17 1073/658/17 943/575/17
f 926/558/17 1212/737/17 1076/661/17
f 926/558/17 1076/661/17 923/555/17
f 1213/738/249 1214/739/249 1215/740/249
f 1213/738/250 1215/740/250 1216/741/250
s 1
f 1217/742/251 1218/743/251 1219/744/251
f 1217/742/251 1219/744/251 1220/745/251
s 0
f 1221/746/17 1222/747/17 1223/748/17
f 1221/746/17 1223/748/17 1224/749/17
f 1225/750/17 945/577/17 944/576/17
f 1225/750/17 944/576/17 1226/751/17
f 1211/736/17 1227/752/17 1228/753/17
f 1211/736/17 1228/753/17 1073/658/17
s 1
f 1229/743/252 1230/742/252 1231/745/253
f 1229/743/252 1231/745/253 1232/744/254
s 0
f 1233/754/255 1234/740/255 1235/755/255
f 1233/754/255 1235/755/255 1236/756/255
f 1237/757/17 1238/758/17 1239/759/17
f 1237/757/17 1239/759/17 1240/760/17
f 1241/761/9 1242/762/9 1243/763/9
f 1241/761/9 1243/763/9 1244/764/9
f 1245/765/17 1246/766/17 1247/767/17
f 1245/765/17 1247/767/17 1248/768/17
f 248/206/9 1249/769/9 1250/546/9
f 248/206/9 1250/546/9 249/207/9
f 1251/770/256 1252/223/256 1253/224/256
f 1251/770/257 1253/224/257 1254/771/257
f 1255/531/258 1256/772/258 1257/773/258
f 1255/531/258 1257/773/258 1258/528/258
f 1259/223/259 1260/770/259 1261/771/259
f 1259/223/260 1261/771/260 1262/224/260
f 1263/774/258 1264/775/258 1265/776/258
f 1263/774/258 1265/776/258 1266/777/258
f 1267/778/9 1268/779/9 1269/780/9
f 1267/778/9 1269/780/9 1270/781/9
f 1271/224/261 1272/223/261 1273/226/261
f 1271/224/261 1273/226/261 1274/225/261
f 1275/782/9 1276/783/9 1277/784/9
f 1275/782/9 1277/784/9 1278/785/9
f 1279/786/262 1280/787/262 1281/788/262
f 1279/786/263 1281/788/263 1282/789/263
f 1283/790/9 1284/791/9 1285/792/9
f 1283/790/9 1285/792/9 1286/793/9
f 1287/794/17 1288/795/17 1289/796/17
f 1287/794/17 1289/796/17 1290/797/17
f 1291/188/264 1292/798/264 1293/799/264
f 1291/188/264 1293/799/264 1294/185/264
f 1295/787/265 1296/800/265 1297/801/265
f 1295/787/266 1297/801/266 1298/788/266
f 1299/802/258 1300/803/258 1301/804/258
f 1299/802/258 1301/804/258 1302/805/258
f 1303/806/1 1304/785/1 1305/807/1
f 1303/806/1 1305/807/1 1306/808/1
f 1307/809/180 1308/810/180 1309/811/180
f 1307/809/180 1309/811/180 1310/812/180
f 1311/813/267 1312/814/267 1313/815/267
f 1311/813/267 1313/815/267 1314/816/267
f 1315/817/268 1316/818/268 1317/819/268
f 1315/817/268 1317/819/268 1318/820/268
f 1319/580/17 1320/579/17 1321/582/17
f 1319/580/17 1321/582/17 1322/671/17
f 1323/821/269 1324/822/269 1325/823/269
f 1323/821/270 1325/823/270 1326/824/270
f 1327/825/31 1328/826/31 1329/827/31
f 1327/825/31 1329/827/31 1330/828/31
f 1331/829/264 1332/830/264 1333/831/264
f 1331/829/264 1333/831/264 1334/832/264
f 1335/833/271 1336/834/271 1337/835/271
f 1335/833/272 1337/835/272 1338/836/272
f 1339/837/264 1340/834/264 1341/833/264
f 1339/837/264 1341/833/264 1342/838/264
f 1343/824/31 1344/823/31 1345/837/31
f 1343/824/31 1345/837/31 1346/838/31
f 1347/820/180 1348/819/180 1349/839/180
f 1347/820/180 1349/839/180 1350/840/180
f 1351/839/258 1352/814/258 1353/813/258
f 1351/839/258 1353/813/258 1354/840/258
f 1355/841/273 1356/804/273 1357/803/273
f 1355/841/274 1357/803/274 1358/842/274
f 1359/805/180 1360/843/180 1361/844/180
f 1359/805/180 1361/844/180 1362/802/180
f 1363/843/275 1364/845/275 1365/846/275
f 1363/843/276 1365/846/276 1366/844/276
f 1367/847/277 1368/848/277 1369/849/277
f 1367/847/278 1369/849/278 1370/850/278
f 1371/851/279 1372/830/279 1373/829/279
f 1371/851/280 1373/829/280 1374/852/280
f 1375/831/31 1376/847/31 1377/850/31
f 1375/831/31 1377/850/31 1378/832/31
f 1379/173/17 1380/853/17 1381/175/17
f 1379/173/17 1381/175/17 1382/176/17
f 1383/854/1 1384/855/1 1385/856/1
f 1383/854/1 1385/856/1 1386/857/1
f 1387/858/17 1388/859/17 1389/860/17
f 1387/858/17 1389/860/17 1390/861/17
f 1391/862/21 1392/859/21 1393/860/21
f 1391/862/21 1393/860/21 1394/863/21
f 1395/740/28 1396/754/28 1397/864/28
f 1395/740/28 1397/864/28 1398/865/28
f 1399/766/21 1400/765/21 1401/768/21
f 1399/766/21 1401/768/21 1402/767/21
f 1403/866/21 1404/867/21 1405/868/21
f 1403/866/21 1405/868/21 1406/869/21
f 1407/507/1 1408/870/1 1409/509/1
f 1407/507/1 1409/509/1 1410/871/1
f 1411/533/9 1412/532/9 1413/535/9
f 1411/533/9 1413/535/9 1414/534/9
f 1415/872/9 1416/873/9 1417/874/9
f 1415/872/9 1417/874/9 1418/875/9
f 1419/502/17 1420/501/17 1421/876/17
f 1419/502/17 1421/876/17 1422/877/17
f 1423/878/1 1424/790/1 1425/793/1
f 1423/878/1 1425/793/1 1426/879/1
f 1427/880/21 1428/746/21 1429/749/21
f 1427/880/21 1429/749/21 1430/881/21
f 1431/882/1 1432/883/1 1433/884/1
f 1431/882/1 1433/884/1 1434/885/1
f 1435/886/17 1436/795/17 1437/796/17
f 1435/886/17 1437/796/17 1438/797/17
f 1439/887/21 1440/547/21 1441/550/21
f 1439/887/21 1441/550/21 1442/888/21
f 1443/889/1 1444/890/1 1445/891/1
f 1443/889/1 1445/891/1 1446/892/1
f 1447/893/1 1448/894/1 1449/895/1
f 1447/893/1 1449/895/1 1450/896/1
f 1451/897/17 1452/898/17 1453/899/17
f 1451/897/17 1453/899/17 1454/900/17
f 1455/901/1 1456/902/1 1457/903/1
f 1455/901/1 1457/903/1 1458/904/1
f 1459/905/17 1460/536/17 1461/539/17
f 1459/905/17 1461/539/17 1462/906/17
f 1463/853/21 1464/173/21 1465/176/21
f 1463/853/21 1465/176/21 1466/175/21
f 1467/501/21 1468/502/21 1469/877/21
f 1467/501/21 1469/877/21 1470/876/21
f 1471/560/21 1472/907/21 1473/908/21
f 1471/560/21 1473/908/21 1474/561/21
f 1475/909/21 1476/910/21 1477/911/21
f 1475/909/21 1477/911/21 1478/912/21
f 1479/532/1 1480/913/1 1481/914/1
f 1479/532/1 1481/914/1 1482/535/1
f 1483/741/281 1484/740/281 1485/865/281
f 1483/741/281 1485/865/281 1486/864/281
f 1487/915/21 1488/916/21 1489/917/21
f 1487/915/21 1489/917/21 1490/918/21
f 1491/779/1 1492/778/1 1493/919/1
f 1491/779/1 1493/919/1 1494/920/1
f 1495/921/9 1496/532/9 1497/535/9
f 1495/921/9 1497/535/9 1498/922/9
f 1499/174/21 1500/173/21 1501/176/21
f 1499/174/21 1501/176/21 1502/175/21
f 1503/795/21 1504/794/21 1505/797/21
f 1503/795/21 1505/797/21 1506/796/21
f 1507/788/1 1508/787/1 1509/923/1
f 1507/788/1 1509/923/1 1510/924/1
f 912/545/1 1511/925/1 1512/208/1
f 912/545/1 1512/208/1 913/207/1
f 1513/787/281 1514/788/281 1515/924/281
f 1513/787/281 1515/924/281 1516/923/281
f 1517/894/9 1518/893/9 1519/926/9
f 1517/894/9 1519/926/9 1520/895/9
f 1521/902/9 1522/901/9 1523/904/9
f 1521/902/9 1523/904/9 1524/903/9
f 1525/791/1 1526/790/1 1527/793/1
f 1525/791/1 1527/793/1 1528/792/1
f 1529/927/9 1530/928/9 1531/929/9
f 1529/927/9 1531/929/9 1532/930/9
f 1533/931/264 1534/932/264 1535/933/264
f 1533/931/264 1535/933/264 1536/934/264
f 1392/859/21 1537/858/21 1538/861/21
f 1392/859/21 1538/861/21 1393/860/21
f 1539/790/9 1540/935/9 1541/936/9
f 1539/790/9 1541/936/9 1542/793/9
f 1543/916/17 1544/937/17 1545/938/17
f 1543/916/17 1545/938/17 1546/917/17
f 1547/939/9 1548/614/9 1549/615/9
f 1547/939/9 1549/615/9 1550/940/9
f 1551/941/17 1552/942/17 1553/943/17
f 1551/941/17 1553/943/17 1554/944/17
f 1555/945/17 1556/946/17 1557/947/17
f 1555/945/17 1557/947/17 1558/948/17
f 1559/949/17 1560/950/17 1561/951/17
f 1559/949/17 1561/951/17 1562/952/17
f 1563/953/17 1564/954/17 1565/955/17
f 1563/953/17 1565/955/17 1566/956/17
f 1567/957/17 1559/949/17 1562/952/17
f 1567/957/17 1562/952/17 1568/958/17
f 1569/959/17 1563/953/17 1566/956/17
f 1569/959/17 1566/956/17 1570/960/17
f 1571/961/17 1569/959/17 1570/960/17
f 1571/961/17 1570/960/17 1572/962/17
f 1573/963/17 1571/961/17 1572/962/17
f 1573/963/17 1572/962/17 1574/964/17
f 1560/950/17 1573/963/17 1574/964/17
f 1560/950/17 1574/964/17 1561/951/17
f 1575/965/17 1567/957/17 1568/958/17
f 1575/965/17 1568/958/17 1576/966/17
f 988/614/1 1577/939/1 1578/940/1
f 988/614/1 1578/940/1 989/615/1
f 1579/614/282 1580/613/282 1581/616/282
f 1579/614/282 1581/616/282 1582/615/282
f 1583/967/283 1584/968/283 1585/969/283
f 1583/967/284 1585/969/284 1586/970/284
f 1587/968/285 1588/971/285 1589/972/285
s 1
f 1587/968/286 1589/972/286 1590/969/286
s 0
f 1591/973/287 1592/974/287 1593/975/287
f 1591/973/288 1593/975/288 1594/976/288
f 1595/974/289 1596/977/289 1597/978/289
f 1595/974/289 1597/978/289 1598/975/289
s 1
f 1599/971/290 1600/82/290 1601/85/290
f 1599/971/290 1601/85/290 1602/972/290
f 1603/82/291 1604/973/292 1605/976/293
f 1603/82/291 1605/976/293 1606/83/291
f 1607/977/294 1608/979/294 1609/980/294
f 1607/977/294 1609/980/294 1610/978/295
f 1611/981/296 1612/982/297 1613/983/297
f 1611/981/296 1613/983/297 1614/984/297
s 0
f 1615/985/1 1616/986/1 1617/987/1
f 1615/985/1 1617/987/1 1618/988/1
s 1
f 1619/989/298 1620/990/298 1621/991/298
f 1619/989/298 1621/991/298 1622/992/298
f 1623/993/299 1624/994/299 1625/967/299
f 1623/993/299 1625/967/299 1626/970/299
s 0
f 1627/995/17 1628/996/17 1629/997/17
f 1627/995/17 1629/997/17 1630/998/17
f 1631/999/9 1632/985/9 1633/988/9
f 1631/999/9 1633/988/9 1634/1000/9
f 1635/1001/300 1636/1002/300 1637/1003/300
f 1635/1001/300 1637/1003/300 1638/1004/300
f 1639/1005/17 1640/1006/17 123/95/17
f 1639/1005/17 123/95/17 122/94/17
f 1641/1007/21 132/100/21 1642/1008/21
f 1641/1007/21 1642/1008/21 1643/1009/21
f 1644/1010/17 135/97/17 134/98/17
f 1644/1010/17 134/98/17 1645/1011/17
f 1646/1012/301 1647/1013/301 1648/1014/301
f 1646/1012/301 1648/1014/301 1649/1015/301
f 1650/1016/232 1651/1012/232 1652/1015/232
f 1650/1016/232 1652/1015/232 1653/1017/232
f 1654/1018/302 1655/1019/302 1656/1020/302
f 1654/1018/302 1656/1020/302 1657/1021/302
f 1658/1022/21 1659/1023/21 1660/1024/21
f 1658/1022/21 1660/1024/21 1661/1025/21
f 1662/1018/1 1663/1019/1 1664/1026/1
f 1662/1018/1 1664/1026/1 1665/1027/1
f 128/100/17 1666/1008/17 1667/1028/17
f 128/100/17 1667/1028/17 129/101/17
f 1668/1029/25 1669/1030/25 1670/1031/25
f 1668/1029/25 1670/1031/25 1671/1032/25
f 1642/1008/21 132/100/21 131/101/21
f 1642/1008/21 131/101/21 1672/1028/21
f 1673/1019/9 1674/1018/9 1675/1027/9
f 1673/1019/9 1675/1027/9 1676/1026/9
f 1677/1033/25 1678/1034/25 1679/1035/25
f 1677/1033/25 1679/1035/25 1680/1036/25
f 1681/1037/9 1682/1038/9 1683/1039/9
f 1681/1037/9 1683/1039/9 1684/1040/9
f 125/97/21 1685/1010/21 1686/1011/21
f 125/97/21 1686/1011/21 126/98/21
f 1687/1019/303 1688/1018/303 1689/1021/303
f 1687/1019/303 1689/1021/303 1690/1020/303
f 1691/1041/1 1692/1042/1 1693/1043/1
f 1691/1041/1 1693/1043/1 1694/1044/1
f 1695/1045/301 1696/677/301 1697/680/301
f 1695/1045/301 1697/680/301 1698/1046/301
f 1699/1047/17 1700/1048/17 1701/1049/17
f 1699/1047/17 1701/1049/17 1702/1050/17
f 1703/93/25 1704/1051/25 1705/1052/25
f 1703/93/25 1705/1052/25 1706/1053/25
f 1707/1054/25 1708/1055/25 1709/1056/25
f 1707/1054/25 1709/1056/25 1710/1057/25
f 1711/1058/9 1712/1059/9 1713/1060/9
f 1711/1058/9 1713/1060/9 1714/1061/9
f 1715/1061/1 1716/1060/1 1717/1059/1
f 1715/1061/1 1717/1059/1 1718/1058/1
f 1719/1062/1 1720/1063/1 1721/1064/1
f 1719/1062/1 1721/1064/1 1722/1065/1
f 1723/1058/1 1724/1059/1 1725/1063/1
f 1723/1058/1 1725/1063/1 1726/1062/1
f 1727/1066/25 1728/88/25 1729/1055/25
f 1727/1066/25 1729/1055/25 1730/1054/25
f 1731/1063/9 1732/1059/9 1733/1058/9
f 1731/1063/9 1733/1058/9 1734/1062/9
f 1735/1064/9 1736/1063/9 1737/1062/9
f 1735/1064/9 1737/1062/9 1738/1065/9
f 1739/1057/25 1740/1056/25 1741/1067/25
f 1739/1057/25 1741/1067/25 1742/1068/25
f 1743/1053/25 1744/1052/25 1745/1069/25
f 1743/1053/25 1745/1069/25 1746/1070/25
f 1747/1070/25 1748/1069/25 1749/1071/25
f 1747/1070/25 1749/1071/25 1750/1072/25
f 203/163/21 1751/1073/21 1752/1074/21
f 203/163/21 1752/1074/21 204/164/21
f 1753/1075/300 1754/1076/300 1755/1077/300
f 1753/1075/300 1755/1077/300 1756/1078/300
f 1757/1079/304 1758/1080/304 1759/1081/304
f 1757/1079/304 1759/1081/304 1760/1082/304
f 1761/1083/305 1762/1084/305 1763/1085/305
f 1761/1083/305 1763/1085/305 1764/1086/305
f 1765/1087/304 1766/1088/304 1767/1089/304
f 1765/1087/304 1767/1089/304 1768/1090/304
f 1769/1091/306 1770/1092/306 1771/1093/306
f 1769/1091/306 1771/1093/306 1772/1094/306
f 1773/1088/307 1774/1087/307 1775/1090/307
f 1773/1088/307 1775/1090/307 1776/1089/307
f 1777/1095/308 1778/1096/308 1779/1097/308
f 1777/1095/308 1779/1097/308 1780/1098/308
f 1781/1099/309 1782/1075/309 1783/1078/309
f 1781/1099/309 1783/1078/309 1784/1100/309
f 1785/1077/310 1786/1101/310 1787/1102/310
f 1785/1077/310 1787/1102/310 1788/1103/310
f 1789/1078/311 1790/1077/311 1791/1103/311
f 1789/1078/311 1791/1103/311 1792/1100/311
f 1793/1104/312 1794/1105/312 1795/1102/312
f 1793/1104/312 1795/1102/312 1796/1101/312
f 1754/1076/300 1797/1104/300 1798/1101/300
f 1754/1076/300 1798/1101/300 1755/1077/300
f 1799/1106/25 1800/1107/25 1801/1108/25
f 1799/1106/25 1801/1108/25 1802/1109/25
f 1803/1110/25 1804/1111/25 1805/1112/25
f 1803/1110/25 1805/1112/25 1806/1113/25
f 1807/1114/25 1808/1115/25 1809/1116/25
f 1807/1114/25 1809/1116/25 1810/1117/25
f 1811/1118/21 1812/1119/21 1813/1120/21
f 1811/1118/21 1813/1120/21 1814/1121/21
f 1815/1122/25 1816/1123/25 1817/1124/25
f 1815/1122/25 1817/1124/25 1818/1125/25
f 1819/1126/17 1820/1127/17 1821/1128/17
f 1819/1126/17 1821/1128/17 1822/1129/17
f 1823/1130/9 1824/1131/9 1825/1132/9
f 1823/1130/9 1825/1132/9 1826/1133/9
f 1827/1134/28 1828/1135/28 1829/1136/28
f 1827/1134/28 1829/1136/28 1830/1137/28
f 1831/1138/28 1832/1139/28 1833/1140/28
f 1831/1138/28 1833/1140/28 1834/1141/28
f 1835/1142/9 1836/1143/9 1837/1144/9
f 1835/1142/9 1837/1144/9 1838/1145/9
f 1839/1146/313 1840/1147/313 1841/1148/313
f 1839/1146/313 1841/1148/313 1842/1149/313
f 1843/1135/314 1844/1134/314 1845/1137/314
f 1843/1135/314 1845/1137/314 1846/1136/314
f 1847/1150/21 1848/1151/21 1849/1152/21
f 1847/1150/21 1849/1152/21 1850/1153/21
f 1851/1154/314 1852/1155/314 1853/1156/314
f 1851/1154/314 1853/1156/314 1854/1157/314
f 1855/1158/21 1856/1159/21 1857/1160/21
f 1855/1158/21 1857/1160/21 1858/1161/21
f 1859/1162/27 1860/1163/27 1861/1164/27
f 1859/1162/27 1861/1164/27 1862/1165/27
f 1863/1166/313 1864/1167/313 1865/1168/313
f 1863/1166/313 1865/1168/313 1866/1169/313
f 1867/1159/17 1868/1158/17 1869/1161/17
f 1867/1159/17 1869/1161/17 1870/1160/17
f 1871/1158/21 1872/1159/21 1873/1160/21
f 1871/1158/21 1873/1160/21 1874/1161/21
f 1875/1131/28 1876/1130/28 1877/1133/28
f 1875/1131/28 1877/1133/28 1878/1132/28
f 1879/1170/25 1880/1171/25 1881/1172/25
f 1879/1170/25 1881/1172/25 1882/1173/25
f 1883/1174/28 1884/1175/28 1885/1156/28
f 1883/1174/28 1885/1156/28 1886/1155/28
f 1887/1176/9 1888/1177/9 1889/1178/9
f 1887/1176/9 1889/1178/9 1890/1179/9
f 1891/1180/25 1892/1181/25 1893/1182/25
f 1891/1180/25 1893/1182/25 1894/1183/25
f 1895/1163/21 1896/1162/21 1897/1165/21
f 1895/1163/21 1897/1165/21 1898/1164/21
f 1899/1167/27 1900/1166/27 1901/1169/27
f 1899/1167/27 1901/1169/27 1902/1168/27
f 1903/1184/25 1904/1181/25 1905/1180/25
f 1903/1184/25 1905/1180/25 1906/1185/25
f 1907/1186/9 1908/1187/9 1909/1188/9
f 1907/1186/9 1909/1188/9 1910/1189/9
f 1911/1190/25 1912/1191/25 1913/1192/25
f 1911/1190/25 1913/1192/25 1914/1193/25
f 1915/1194/17 1916/1195/17 1917/1196/17
f 1915/1194/17 1917/1196/17 1918/1197/17
f 1919/1198/1 1920/1199/1 1921/1200/1
f 1919/1198/1 1921/1200/1 1922/1201/1
f 1923/1202/17 1924/1118/17 1925/1121/17
f 1923/1202/17 1925/1121/17 1926/1203/17
f 1927/1130/9 1928/1131/9 1929/1132/9
f 1927/1130/9 1929/1132/9 1930/1133/9
f 1931/1158/21 1932/1159/21 1933/1160/21
f 1931/1158/21 1933/1160/21 1934/1161/21
f 1935/1204/25 1936/1205/25 1937/1206/25
f 1935/1204/25 1937/1206/25 1938/1207/25
f 1939/1127/21 1940/1208/21 1941/1209/21
f 1939/1127/21 1941/1209/21 1942/1128/21
f 1943/1210/25 1944/1211/25 1945/1212/25
f 1943/1210/25 1945/1212/25 1946/1213/25
f 1947/1207/25 1948/1206/25 1949/1214/25
f 1947/1207/25 1949/1214/25 1950/1215/25
f 1951/1187/1 1952/1216/1 1953/1217/1
f 1951/1187/1 1953/1217/1 1954/1188/1
f 1955/1218/25 1956/1219/25 1957/1211/25
f 1955/1218/25 1957/1211/25 1958/1210/25
f 1959/1220/25 1960/1221/25 1961/1222/25
f 1959/1220/25 1961/1222/25 1962/1223/25
f 1963/1158/21 1964/1159/21 1965/1160/21
f 1963/1158/21 1965/1160/21 1966/1161/21
f 1967/1224/25 1968/1225/25 1969/1226/25
f 1967/1224/25 1969/1226/25 1970/1227/25
f 1971/1228/17 1972/1229/17 1973/1230/17
f 1971/1228/17 1973/1230/17 1974/1231/17
f 1975/1232/25 1976/1170/25 1977/1173/25
f 1975/1232/25 1977/1173/25 1978/1233/25
f 1979/1234/25 1980/1235/25 1981/1236/25
f 1979/1234/25 1981/1236/25 1982/1237/25
f 1983/1238/9 1984/1239/9 1985/1240/9
f 1983/1238/9 1985/1240/9 1986/1241/9
f 1987/1242/1 1988/1243/1 1989/1244/1
f 1987/1242/1 1989/1244/1 1990/1245/1
f 1991/1246/9 1992/1247/9 1993/1248/9
f 1991/1246/9 1993/1248/9 1994/1249/9
f 1995/1250/9 1996/1138/9 1997/1141/9
f 1995/1250/9 1997/1141/9 1998/1251/9
f 1999/1130/9 2000/1131/9 2001/1132/9
f 1999/1130/9 2001/1132/9 2002/1133/9
f 2003/1159/315 2004/1158/315 2005/1161/315
f 2003/1159/27 2005/1161/27 2006/1160/27
f 2007/1252/25 2008/1253/25 2009/1254/25
f 2007/1252/25 2009/1254/25 2010/1255/25
f 2011/1235/25 2012/1232/25 2013/1233/25
f 2011/1235/25 2013/1233/25 2014/1236/25
f 2015/1131/1 2016/1130/1 2017/1133/1
f 2015/1131/1 2017/1133/1 2018/1132/1
f 2019/1256/17 2020/1257/17 2021/1258/17
f 2019/1256/17 2021/1258/17 2022/1259/17
f 2023/1130/9 2024/1131/9 2025/1132/9
f 2023/1130/9 2025/1132/9 2026/1133/9
f 2027/1260/25 2028/1261/25 2029/1262/25
f 2027/1260/25 2029/1262/25 2030/1263/25
f 2031/1213/25 2032/1212/25 2033/1264/25
f 2031/1213/25 2033/1264/25 2034/1265/25
f 2035/1266/313 2036/1267/313 2037/1268/313
f 2035/1266/313 2037/1268/313 2038/1269/313
f 2039/1270/21 2040/1271/21 2041/1272/21
f 2039/1270/21 2041/1272/21 2042/1273/21
f 2043/1274/1 2044/1275/1 2045/1276/1
f 2043/1274/1 2045/1276/1 2046/1277/1
f 2047/1219/25 2048/1218/25 2049/1255/25
f 2047/1219/25 2049/1255/25 2050/1254/25
f 2051/1278/25 2052/1279/25 2053/1280/25
f 2051/1278/25 2053/1280/25 2054/1281/25
f 2055/1225/25 2056/1234/25 2057/1237/25
f 2055/1225/25 2057/1237/25 2058/1226/25
f 2059/1282/25 2060/1283/25 2061/1253/25
f 2059/1282/25 2061/1253/25 2062/1252/25
f 2063/1146/27 2064/1149/27 2065/1148/27
f 2063/1146/27 2065/1148/27 2066/1147/27
f 2067/1284/21 2068/1285/21 2069/1286/21
f 2067/1284/21 2069/1286/21 2070/1287/21
f 2071/1131/1 2072/1130/1 2073/1133/1
f 2071/1131/1 2073/1133/1 2074/1132/1
f 2075/1288/314 2076/1289/314 2077/1290/314
f 2075/1288/314 2077/1290/314 2078/1291/314
f 2079/1281/25 2080/1280/25 2081/1292/25
f 2079/1281/25 2081/1292/25 2082/1293/25
f 2083/1289/28 2084/1288/28 2085/1291/28
f 2083/1289/28 2085/1291/28 2086/1290/28
f 2087/1174/314 1851/1154/314 1854/1157/314
f 2087/1174/314 1854/1157/314 2088/1175/314
f 2089/1247/1 2090/1246/1 2091/1249/1
f 2089/1247/1 2091/1249/1 2092/1248/1
f 2093/1215/25 2094/1214/25 2095/1124/25
f 2093/1215/25 2095/1124/25 2096/1123/25
f 2097/1294/17 2098/1295/17 2099/1296/17
f 2097/1294/17 2099/1296/17 2100/1297/17
f 2101/1267/315 2102/1266/315 2103/1269/315
f 2101/1267/27 2103/1269/27 2104/1268/27
f 2105/1159/17 2106/1158/17 2107/1161/17
f 2105/1159/17 2107/1161/17 2108/1160/17
f 2109/1298/1 2110/1299/1 2111/1300/1
f 2109/1298/1 2111/1300/1 2112/1301/1
f 2113/1302/9 2114/1303/9 2115/1304/9
f 2113/1302/9 2115/1304/9 2116/1305/9
f 2117/1303/1 2118/1302/1 2119/1305/1
f 2117/1303/1 2119/1305/1 2120/1304/1
f 2121/1130/9 2122/1131/9 2123/1132/9
f 2121/1130/9 2123/1132/9 2124/1133/9
f 2125/1151/17 2126/1150/17 2127/1153/17
f 2125/1151/17 2127/1153/17 2128/1152/17
f 2129/1131/1 2130/1130/1 2131/1133/1
f 2129/1131/1 2131/1133/1 2132/1132/1
f 2133/1299/9 2134/1298/9 2135/1301/9
f 2133/1299/9 2135/1301/9 2136/1300/9
f 2137/1205/25 2138/1204/25 2139/1293/25
f 2137/1205/25 2139/1293/25 2140/1292/25
f 2141/1229/21 2142/1228/21 2143/1231/21
f 2141/1229/21 2143/1231/21 2144/1230/21
f 2145/1261/25 2146/1306/25 2147/1307/25
f 2145/1261/25 2147/1307/25 2148/1262/25
f 2149/1115/25 2150/1260/25 2151/1263/25
f 2149/1115/25 2151/1263/25 2152/1116/25
f 2153/1158/21 2154/1159/21 2155/1160/21
f 2153/1158/21 2155/1160/21 2156/1161/21
f 2157/1159/17 2158/1158/17 2159/1161/17
f 2157/1159/17 2159/1161/17 2160/1160/17
f 2161/1172/25 2162/1171/25 2163/1308/25
f 2161/1172/25 2163/1308/25 2164/1309/25
f 2165/1183/25 2166/1182/25 2167/1193/25
f 2165/1183/25 2167/1193/25 2168/1192/25
f 2169/1310/21 2170/1311/21 2171/1312/21
f 2169/1310/21 2171/1312/21 2172/1313/21
f 2173/1314/25 2174/1315/25 2175/1283/25
f 2173/1314/25 2175/1283/25 2176/1282/25
f 2177/1159/17 2178/1158/17 2179/1161/17
f 2177/1159/17 2179/1161/17 2180/1160/17
f 2181/1131/1 2182/1130/1 2183/1133/1
f 2181/1131/1 2183/1133/1 2184/1132/1
f 2185/1221/25 2186/1220/25 2187/1279/25
f 2185/1221/25 2187/1279/25 2188/1278/25
f 2189/1316/25 2190/1317/25 2191/1318/25
f 2189/1316/25 2191/1318/25 2192/1319/25
f 2193/1320/300 2194/1321/300 2195/1322/300
f 2193/1320/300 2195/1322/300 2196/1323/300
f 2197/1324/28 2198/1325/28 2199/1326/28
f 2197/1324/28 2199/1326/28 2200/1327/28
f 2201/1328/28 2202/1329/28 2203/1330/28
f 2201/1328/28 2203/1330/28 2204/1331/28
f 2205/1332/25 2206/1333/25 2207/1334/25
f 2205/1332/25 2207/1334/25 2208/1335/25
f 2209/1336/21 2210/1337/21 2211/1338/21
f 2209/1336/21 2211/1338/21 2212/1339/21
f 2213/1340/21 2214/1341/21 2215/1342/21
f 2213/1340/21 2215/1342/21 2216/1343/21
f 2217/1344/316 2218/1345/316 2219/1346/316
f 2217/1344/316 2219/1346/316 2220/1347/316
f 2221/1348/9 2222/1349/9 2223/1350/9
f 2221/1348/9 2223/1350/9 2224/1351/9
f 2225/1352/300 2226/1353/300 2227/1354/300
f 2225/1352/300 2227/1354/300 2228/1355/300
f 2229/1356/317 2230/1316/317 2231/1319/317
f 2229/1356/317 2231/1319/317 2232/1357/317
f 2233/1358/9 2234/1359/9 2235/1360/9
f 2233/1358/9 2235/1360/9 2236/1361/9
f 2237/1362/27 2238/1363/27 2239/1364/27
f 2237/1362/27 2239/1364/27 2240/1365/27
f 2241/1366/315 2242/1367/315 2243/1368/315
f 2241/1366/27 2243/1368/27 2244/1369/27
f 2245/1370/318 2246/1371/318 2247/1372/318
f 2245/1370/318 2247/1372/318 2248/1373/318
f 2249/1374/25 2250/1375/25 2251/1376/25
f 2249/1374/25 2251/1376/25 2252/1377/25
f 2253/1378/319 2254/1379/319 2255/1380/319
f 2253/1378/319 2255/1380/319 2256/1381/319
f 2257/1382/320 2258/1383/320 2259/1384/320
f 2257/1382/320 2259/1384/320 2260/1385/320
f 2261/1386/25 2262/1387/25 2263/1388/25
f 2261/1386/25 2263/1388/25 2264/1389/25
f 2265/1353/321 2266/1332/321 2267/1335/321
f 2265/1353/321 2267/1335/321 2268/1354/321
f 2269/1390/25 2270/1391/25 2271/1392/25
f 2269/1390/25 2271/1392/25 2272/1393/25
f 2273/1394/21 2274/1395/21 2275/1396/21
f 2273/1394/21 2275/1396/21 2276/1397/21
f 2277/1317/318 2278/1398/318 2279/1399/318
f 2277/1317/318 2279/1399/318 2280/1318/318
f 2281/1400/25 2282/1378/25 2283/1381/25
f 2281/1400/25 2283/1381/25 2284/1401/25
f 2285/1402/1 2286/1403/1 2287/1404/1
f 2285/1402/1 2287/1404/1 2288/1405/1
f 2289/1406/300 2290/1407/300 2291/1408/300
f 2289/1406/300 2291/1408/300 2292/1409/300
f 2293/1394/21 2294/1395/21 2295/1396/21
f 2293/1394/21 2295/1396/21 2296/1397/21
f 2297/1321/322 2298/1374/322 2299/1377/322
f 2297/1321/322 2299/1377/322 2300/1322/322
f 2301/1403/9 2302/1402/9 2303/1405/9
f 2301/1403/9 2303/1405/9 2304/1404/9
f 2305/1410/323 2306/1411/323 2307/1412/323
f 2305/1410/323 2307/1412/323 2308/1413/323
f 2309/1371/300 2310/1414/300 2311/1415/300
f 2309/1371/300 2311/1415/300 2312/1372/300
f 2313/1416/323 2314/1417/323 2315/1418/323
f 2313/1416/323 2315/1418/323 2316/1419/323
f 2317/1387/324 2318/1420/324 2319/1421/324
f 2317/1387/324 2319/1421/324 2320/1388/324
f 2321/1375/325 2322/1320/325 2323/1323/325
f 2321/1375/325 2323/1323/325 2324/1376/325
f 2325/1407/326 2326/1390/326 2327/1393/326
f 2325/1407/326 2327/1393/326 2328/1408/326
f 2329/1422/261 2330/1423/261 2331/1424/261
f 2329/1422/261 2331/1424/261 2332/1425/261
f 2333/1426/261 2334/1427/261 2335/1428/261
f 2333/1426/261 2335/1428/261 2336/1429/261
f 2337/1403/9 2338/1402/9 2339/1405/9
f 2337/1403/9 2339/1405/9 2340/1404/9
f 2341/1420/300 2342/1430/300 2343/1431/300
f 2341/1420/300 2343/1431/300 2344/1421/300
f 2345/1432/25 2346/1370/25 2347/1373/25
f 2345/1432/25 2347/1373/25 2348/1433/25
f 2349/1379/300 2350/1434/300 2351/1435/300
f 2349/1379/300 2351/1435/300 2352/1380/300
f 2353/1436/327 2354/1437/327 2355/1438/327
f 2353/1436/327 2355/1438/327 2356/1439/327
f 2357/1414/317 2358/1432/317 2359/1433/317
f 2357/1414/317 2359/1433/317 2360/1415/317
f 2361/1430/328 2362/1386/328 2363/1389/328
f 2361/1430/328 2363/1389/328 2364/1431/328
f 2365/1395/17 2366/1394/17 2367/1397/17
f 2365/1395/17 2367/1397/17 2368/1396/17
f 2369/1345/300 2370/1440/300 2371/1441/300
f 2369/1345/300 2371/1441/300 2372/1346/300
f 2373/1442/329 2374/1443/329 2375/1444/329
f 2373/1442/329 2375/1444/329 2376/1445/329
f 2377/1395/17 2378/1394/17 2379/1397/17
f 2377/1395/17 2379/1397/17 2380/1396/17
f 2381/1391/319 2382/1406/319 2383/1409/319
f 2381/1391/319 2383/1409/319 2384/1392/319
f 2385/1446/25 2386/1344/25 2387/1347/25
f 2385/1446/25 2387/1347/25 2388/1447/25
f 2389/1402/1 2390/1403/1 2391/1404/1
f 2389/1402/1 2391/1404/1 2392/1405/1
f 2393/1333/330 2394/1352/330 2395/1355/330
f 2393/1333/330 2395/1355/330 2396/1334/330
f 2397/1434/326 2398/1400/326 2399/1401/326
f 2397/1434/326 2399/1401/326 2400/1435/326
f 2401/1440/331 2402/1446/331 2403/1447/331
f 2401/1440/331 2403/1447/331 2404/1441/331
f 2405/1398/300 2406/1356/300 2407/1357/300
f 2405/1398/300 2407/1357/300 2408/1399/300
f 2409/1448/320 2410/1449/320 2411/1450/320
f 2409/1448/320 2411/1450/320 2412/1451/320
f 2413/1452/1 2414/1453/1 2415/1454/1
f 2413/1452/1 2415/1454/1 2416/1455/1
f 2417/1456/21 2418/1457/21 2419/1458/21
f 2417/1456/21 2419/1458/21 2420/1459/21
f 2421/1460/332 2422/1461/332 2423/1462/332
f 2421/1460/332 2423/1462/332 2424/1463/332
f 2425/1457/17 2426/1456/17 2427/1459/17
f 2425/1457/17 2427/1459/17 2428/1458/17
f 2429/1464/333 2430/1465/333 2431/1466/333
f 2429/1464/333 2431/1466/333 2432/1467/333
f 2433/1468/334 2434/1469/334 2435/1470/334
f 2433/1468/335 2435/1470/335 2436/1471/335
f 2437/1472/17 2438/1473/17 2439/1474/17
f 2437/1472/17 2439/1474/17 2440/1475/17
f 2441/1469/336 2442/1468/336 2443/1471/336
f 2441/1469/336 2443/1471/336 2444/1470/336
f 2445/1476/337 2446/1477/337 2447/1478/337
f 2445/1476/337 2447/1478/337 2448/1479/337
f 2449/1480/1 2450/1481/1 2451/1482/1
f 2449/1480/1 2451/1482/1 2452/1483/1
f 2453/1477/338 2454/1484/338 2455/1485/338
f 2453/1477/338 2455/1485/338 2456/1478/338
f 2457/1473/21 2458/1472/21 2459/1475/21
f 2457/1473/21 2459/1475/21 2460/1474/21
f 2461/1486/339 2462/1487/339 2463/1488/339
f 2461/1486/339 2463/1488/339 2464/1489/339
f 2465/1490/1 2466/1491/1 2467/1492/1
f 2465/1490/1 2467/1492/1 2468/1493/1
f 2469/1494/25 2470/1495/25 2471/1496/25
f 2469/1494/25 2471/1496/25 2472/1497/25
f 2473/1498/1 2474/1499/1 2475/1500/1
f 2473/1498/1 2475/1500/1 2476/1501/1
f 2465/1490/1 2477/1502/1 2478/1503/1
f 2465/1490/1 2478/1503/1 2466/1491/1
f 2479/1504/25 2480/1505/25 2481/1496/25
f 2479/1504/25 2481/1496/25 2482/1495/25
f 2483/1506/25 2484/1507/25 2485/1508/25
f 2483/1506/25 2485/1508/25 2486/1505/25
f 2487/1509/25 2483/1506/25 2486/1505/25
f 2487/1509/25 2486/1505/25 2488/1504/25
f 2489/1508/25 2490/1510/25 2491/1511/25
f 2489/1508/25 2491/1511/25 2492/1512/25
f 2493/1513/340 2494/1460/340 2495/1463/340
f 2493/1513/340 2495/1463/340 2496/1514/340
f 2497/1515/1 2498/1516/1 2499/1517/1
f 2497/1515/1 2499/1517/1 2500/1518/1
f 2501/1472/341 2502/1519/341 2503/1520/341
f 2501/1472/341 2503/1520/341 2504/1521/341
f 2473/1498/1 2505/1522/1 2506/1523/1
f 2473/1498/1 2506/1523/1 2474/1499/1
f 2480/1505/25 2489/1508/25 2492/1512/25
f 2480/1505/25 2492/1512/25 2481/1496/25
f 2477/1502/1 2506/1523/1 2505/1522/1
f 2477/1502/1 2505/1522/1 2478/1503/1
f 2484/1507/25 2507/1524/25 2508/1510/25
f 2484/1507/25 2508/1510/25 2485/1508/25
f 2509/1521/17 2510/1520/17 2511/1525/17
f 2509/1521/17 2511/1525/17 2512/1526/17
f 2475/1500/1 2513/1527/1 2514/1528/1
f 2475/1500/1 2514/1528/1 2476/1501/1
f 2515/1529/1 2516/1530/1 2517/1531/1
f 2515/1529/1 2517/1531/1 2518/1532/1
f 2519/1533/342 2520/1534/342 2521/1535/342
f 2519/1533/342 2521/1535/342 2522/1536/342
f 2523/1512/25 2524/1511/25 2525/1537/25
f 2523/1512/25 2525/1537/25 2526/1538/25
f 2527/1539/343 2528/1540/343 2529/1541/343
f 2527/1539/343 2529/1541/343 2530/1542/343
f 2531/1542/17 2532/1541/17 2533/1543/17
f 2531/1542/17 2533/1543/17 2534/1544/17
f 2535/1545/17 2536/1546/17 2537/1547/17
f 2535/1545/17 2537/1547/17 2538/1548/17
f 2539/1484/344 2540/1486/344 2541/1489/344
f 2539/1484/344 2541/1489/344 2542/1485/344
f 2543/1469/345 2544/1457/345 2545/1458/345
f 2543/1469/345 2545/1458/345 2546/1470/345
f 2547/1549/346 2548/1550/346 2549/1546/346
f 2547/1549/346 2549/1546/346 2550/1545/346
f 2551/1551/1 2552/1552/1 2553/1553/1
f 2551/1551/1 2553/1553/1 2554/1554/1
f 2555/1465/347 2556/1513/347 2557/1514/347
f 2555/1465/347 2557/1514/347 2558/1466/347
f 2559/1457/348 2560/1469/348 2561/1470/348
s 1
f 2559/1457/348 2561/1470/348 2562/1458/348
s 0
f 2471/1496/25 2523/1512/25 2526/1538/25
f 2471/1496/25 2526/1538/25 2472/1497/25
f 2563/1555/25 2564/1556/25 2565/1557/25
f 2563/1555/25 2565/1557/25 2566/1558/25
f 2567/1559/1 2568/1560/1 2569/1561/1
f 2567/1559/1 2569/1561/1 2570/1562/1
f 2571/1563/349 2572/1564/349 2573/1565/349
f 2571/1563/349 2573/1565/349 2574/1566/349
f 2575/1567/1 2576/1568/1 2577/1569/1
f 2575/1567/1 2577/1569/1 2578/1570/1
f 2579/1563/350 2580/1571/350 2581/1572/350
f 2579/1563/350 2581/1572/350 2582/1566/350
f 2583/1573/1 2584/1574/1 2575/1567/1
f 2583/1573/1 2575/1567/1 2585/1575/1
f 2584/1574/1 2586/1576/1 2576/1568/1
f 2584/1574/1 2576/1568/1 2575/1567/1
f 2587/1577/1 2588/1578/1 2589/1579/1
f 2587/1577/1 2589/1579/1 2590/1580/1
f 2591/1581/1 2592/1582/1 2588/1578/1
f 2591/1581/1 2588/1578/1 2587/1577/1
f 2592/1582/1 2583/1573/1 2585/1575/1
f 2592/1582/1 2585/1575/1 2588/1578/1
f 2593/1583/1 2567/1559/1 2570/1562/1
f 2593/1583/1 2570/1562/1 2594/1584/1
f 2590/1580/1 2589/1579/1 2567/1559/1
f 2590/1580/1 2567/1559/1 2593/1583/1
f 2595/1585/351 2596/1586/351 2597/1587/351
f 2595/1585/351 2597/1587/351 2598/1588/351
f 2568/1560/1 2413/1452/1 2416/1455/1
f 2568/1560/1 2416/1455/1 2569/1561/1
f 2599/1585/352 2600/1589/352 2601/1590/352
f 2599/1585/352 2601/1590/352 2602/1588/352
f 2578/1570/1 2577/1569/1 2414/1453/1
f 2578/1570/1 2414/1453/1 2413/1452/1
f 2603/1591/1 2604/1592/1 2605/1593/1
f 2603/1591/1 2605/1593/1 2606/1594/1
f 2604/1592/1 2607/1595/1 2608/1596/1
f 2604/1592/1 2608/1596/1 2605/1593/1
f 2606/1594/1 2605/1593/1 2609/1597/1
f 2606/1594/1 2609/1597/1 2610/1598/1
f 2605/1593/1 2608/1596/1 2611/1599/1
f 2605/1593/1 2611/1599/1 2609/1597/1
f 2612/1600/353 2613/1585/353 2614/1588/353
f 2612/1600/353 2614/1588/353 2615/1601/353
f 2616/1602/354 2617/1585/354 2618/1588/354
f 2616/1602/354 2618/1588/354 2619/1603/354
f 2620/1564/355 2621/1563/355 2622/1566/355
f 2620/1564/355 2622/1566/355 2623/1565/355
f 2624/1571/356 2625/1563/356 2626/1566/356
f 2624/1571/356 2626/1566/356 2627/1572/356
f 2628/1604/357 2629/1605/357 2630/1476/357
f 2628/1604/358 2630/1476/358 2631/1479/358
f 2632/1461/359 2633/1605/359 2634/1604/359
f 2632/1461/359 2634/1604/359 2635/1462/359
f 2636/1606/17 2637/1607/17 2638/1608/17
f 2636/1606/17 2638/1608/17 2639/1609/17
f 2640/1610/17 2638/1608/17 2641/1611/17
f 2640/1610/17 2641/1611/17 2642/1612/17
f 2639/1609/17 2638/1608/17 2640/1610/17
f 2639/1609/17 2640/1610/17 2643/1613/17
f 2644/1614/17 2645/1615/17 2646/1616/17
f 2644/1614/17 2646/1616/17 2647/1617/17
f 2642/1612/17 2641/1611/17 2645/1615/17
f 2642/1612/17 2645/1615/17 2644/1614/17
f 2648/1618/17 2649/1619/17 2650/1620/17
f 2648/1618/17 2650/1620/17 2651/1621/17
f 2652/1622/17 2649/1619/17 2648/1618/17
f 2652/1622/17 2648/1618/17 2653/1623/17
f 2654/1624/360 2655/1625/360 2656/1626/360
f 2654/1624/360 2656/1626/360 2657/1627/360
f 2653/1623/17 2648/1618/17 2637/1607/17
f 2653/1623/17 2637/1607/17 2636/1606/17
f 2658/1628/17 2659/1629/17 2660/1630/17
f 2658/1628/17 2660/1630/17 2661/1631/17
f 2662/1632/361 2663/1633/361 2664/1634/361
f 2662/1632/361 2664/1634/361 2665/1635/361
f 2659/1629/17 2666/1636/17 2667/1637/17
f 2659/1629/17 2667/1637/17 2660/1630/17
f 2651/1621/17 2650/1620/17 2666/1636/17
f 2651/1621/17 2666/1636/17 2659/1629/17
f 2645/1615/17 2658/1628/17 2661/1631/17
f 2645/1615/17 2661/1631/17 2646/1616/17
f 2668/1625/362 2669/1638/362 2670/1639/362
f 2668/1625/362 2670/1639/362 2671/1626/362
f 2672/1640/363 2673/1625/363 2674/1626/363
f 2672/1640/363 2674/1626/363 2675/1641/363
f 2676/1642/17 2677/1643/17 2678/1644/17
f 2676/1642/17 2678/1644/17 2679/1645/17
f 2679/1645/17 2678/1644/17 2680/1646/17
f 2679/1645/17 2680/1646/17 2681/1647/17
f 2682/1648/17 2679/1645/17 2681/1647/17
f 2682/1648/17 2681/1647/17 2683/1649/17
f 2684/1650/17 2676/1642/17 2679/1645/17
f 2684/1650/17 2679/1645/17 2682/1648/17
f 2685/1633/364 2686/1632/364 2687/1635/364
f 2685/1633/364 2687/1635/364 2688/1634/364
f 2689/1633/365 2690/1651/365 2691/1652/365
f 2689/1633/365 2691/1652/365 2692/1634/365
f 2693/1651/366 2694/1633/366 2695/1634/366
f 2693/1651/366 2695/1634/366 2696/1652/366
f 2697/1625/367 2698/1653/367 2699/1654/367
f 2697/1625/367 2699/1654/367 2700/1626/367
f 2701/1655/25 2702/1656/25 2703/1657/25
f 2701/1655/25 2703/1657/25 2704/1658/25
f 2705/1659/17 2706/1660/17 2707/1661/17
f 2705/1659/17 2707/1661/17 2708/1662/17
f 2709/1663/368 2710/1664/368 2711/1665/368
f 2709/1663/368 2711/1665/368 2712/1666/368
f 2713/1667/369 2714/1668/369 2715/1669/369
f 2713/1667/369 2715/1669/369 2716/1670/369
f 2717/1671/17 2718/1672/17 2706/1660/17
f 2717/1671/17 2706/1660/17 2705/1659/17
f 2719/1673/21 2720/1674/21 2721/1675/21
f 2719/1673/21 2721/1675/21 2722/1676/21
f 2723/1677/370 2724/1663/370 2725/1666/370
f 2723/1677/370 2725/1666/370 2726/1678/370
f 2727/1679/1 2728/1680/1 2729/1681/1
f 2727/1679/1 2729/1681/1 2730/1682/1
f 2731/1683/1 2732/1684/1 2733/1685/1
f 2731/1683/1 2733/1685/1 2734/1686/1
f 2735/1687/21 2736/1688/21 2737/1689/21
f 2735/1687/21 2737/1689/21 2738/1690/21
f 2739/1691/371 2740/1692/371 2741/1693/371
f 2739/1691/371 2741/1693/371 2742/1694/371
f 2743/1695/9 2744/1696/9 2745/1697/9
f 2743/1695/9 2745/1697/9 2746/1698/9
f 2747/1699/9 2748/1700/9 2749/1701/9
f 2747/1699/9 2749/1701/9 2750/1702/9
f 2751/1692/369 2752/1703/369 2753/1704/369
f 2751/1692/369 2753/1704/369 2754/1693/369
f 2755/1705/368 2756/1706/368 2757/1707/368
f 2755/1705/368 2757/1707/368 2758/1708/368
f 2759/1709/370 2760/1705/370 2761/1708/370
f 2759/1709/370 2761/1708/370 2762/1710/370
f 2763/1711/21 2764/1712/21 2765/1713/21
f 2763/1711/21 2765/1713/21 2766/1714/21
f 2767/1712/17 2768/1711/17 2769/1714/17
f 2767/1712/17 2769/1714/17 2770/1713/17
f 2771/1688/17 2772/1687/17 2773/1690/17
f 2771/1688/17 2773/1690/17 2774/1689/17
f 2775/1715/1 2776/1716/1 2777/1717/1
f 2775/1715/1 2777/1717/1 2778/1718/1
f 2779/1719/17 2780/1720/17 2781/1721/17
f 2779/1719/17 2781/1721/17 2782/1722/17
f 2783/1700/1 2784/1699/1 2785/1702/1
f 2783/1700/1 2785/1702/1 2786/1701/1
f 2787/1723/9 2788/1724/9 2789/1725/9
f 2787/1723/9 2789/1725/9 2790/1726/9
f 2791/1720/21 2792/1719/21 2793/1722/21
f 2791/1720/21 2793/1722/21 2794/1721/21
f 2795/1727/1 2796/1728/1 2797/1729/1
f 2795/1727/1 2797/1729/1 2798/1730/1
f 2799/1731/1 2800/1732/1 2801/1733/1
f 2799/1731/1 2801/1733/1 2802/1734/1
f 2803/1735/372 2804/1736/372 2805/1737/372
f 2803/1735/372 2805/1737/372 2806/1738/372
f 2807/1739/1 2808/1740/1 2809/1741/1
f 2807/1739/1 2809/1741/1 2810/1742/1
f 2811/1743/1 2812/1744/1 2813/1745/1
f 2811/1743/1 2813/1745/1 2800/1732/1
f 2814/1746/1 2815/1747/1 2812/1744/1
f 2814/1746/1 2812/1744/1 2811/1743/1
f 2816/1748/373 2817/1749/373 2818/1750/373
f 2816/1748/373 2818/1750/373 2819/1751/373
f 2820/1752/1 2821/1753/1 2822/1754/1
f 2820/1752/1 2822/1754/1 2823/1755/1
f 2797/1729/1 2824/1756/1 2821/1753/1
f 2797/1729/1 2821/1753/1 2820/1752/1
f 2825/1757/1 2826/1758/1 2827/1759/1
f 2825/1757/1 2827/1759/1 2828/1760/1
f 2824/1756/1 2829/1761/1 2830/1762/1
f 2824/1756/1 2830/1762/1 2821/1753/1
f 2831/1748/374 2832/1763/374 2833/1764/374
f 2831/1748/374 2833/1764/374 2834/1751/374
f 2835/1765/1 2836/1766/1 2837/1767/1
f 2835/1765/1 2837/1767/1 2808/1740/1
f 2838/1768/375 2839/1736/375 2840/1737/375
f 2838/1768/375 2840/1737/375 2841/1769/375
f 2842/1763/376 2843/1748/376 2844/1751/376
f 2842/1763/376 2844/1751/376 2845/1764/376
f 2812/1744/1 2807/1739/1 2810/1742/1
f 2812/1744/1 2810/1742/1 2813/1745/1
f 2846/1736/377 2847/1770/377 2848/1771/377
f 2846/1736/377 2848/1771/377 2849/1737/377
f 2850/1736/378 2851/1772/378 2852/1773/378
f 2850/1736/378 2852/1773/378 2853/1737/378
f 2808/1740/1 2837/1767/1 2854/1774/1
f 2808/1740/1 2854/1774/1 2809/1741/1
f 2855/1749/379 2856/1748/379 2857/1751/379
f 2855/1749/379 2857/1751/379 2858/1750/379
f 2859/1775/1 2730/1682/1 2860/1776/1
f 2859/1775/1 2860/1776/1 2861/1777/1
f 2828/1760/1 2827/1759/1 2862/1778/1
f 2828/1760/1 2862/1778/1 2863/1779/1
f 2864/1780/1 2727/1679/1 2730/1682/1
f 2864/1780/1 2730/1682/1 2859/1775/1
f 2730/1682/1 2729/1681/1 2865/1781/1
f 2730/1682/1 2865/1781/1 2860/1776/1
f 2829/1761/1 2825/1757/1 2828/1760/1
f 2829/1761/1 2828/1760/1 2830/1762/1
f 2866/1782/1 2867/1783/1 2868/1784/1
f 2866/1782/1 2868/1784/1 2869/1785/1
f 2870/1786/9 2871/1787/9 2872/1788/9
f 2870/1786/9 2872/1788/9 2873/1789/9
f 2874/1790/1 2875/1791/1 2876/1792/1
f 2874/1790/1 2876/1792/1 2877/1793/1
f 2878/1794/1 2879/1795/1 2880/1796/1
f 2878/1794/1 2880/1796/1 2881/1797/1
f 2882/1798/380 2883/1799/380 2884/1800/380
f 2882/1798/380 2884/1800/380 2885/1801/380
f 2886/1802/25 2887/1803/25 2888/1804/25
f 2886/1802/25 2888/1804/25 2889/1805/25
f 2890/1798/17 2891/1806/17 2892/1807/17
f 2890/1798/17 2892/1807/17 2893/1801/17
f 2894/1808/381 2895/1809/381 2896/1810/381
f 2894/1808/381 2896/1810/381 2897/1811/381
f 2898/1812/382 2899/1808/382 2900/1811/382
f 2898/1812/382 2900/1811/382 2901/1813/382
f 2902/1806/21 2903/1798/21 2904/1801/21
f 2902/1806/21 2904/1801/21 2905/1807/21
f 2906/1799/383 2907/1798/383 2908/1801/383
f 2906/1799/383 2908/1801/383 2909/1800/383
f 2910/1814/21 2911/1815/21 2912/1816/21
f 2910/1814/21 2912/1816/21 2913/1817/21
f 2914/1818/9 2915/1819/9 2916/1820/9
f 2914/1818/9 2916/1820/9 2917/1821/9
f 2918/1817/17 2919/1816/17 2920/1815/17
f 2918/1817/17 2920/1815/17 2921/1814/17
f 2922/1821/1 2923/1820/1 2924/1819/1
f 2922/1821/1 2924/1819/1 2925/1818/1
f 2926/1822/21 2927/1823/21 2928/1824/21
f 2926/1822/21 2928/1824/21 2929/1825/21
f 2930/1826/384 2931/1827/384 2932/1828/384
f 2930/1826/385 2932/1828/385 2933/1829/385
f 2934/1830/1 2935/1831/1 2936/1832/1
f 2934/1830/1 2936/1832/1 2937/1833/1
f 2938/1834/386 2939/1835/386 2940/1836/386
f 2938/1834/386 2940/1836/386 2941/1837/386
f 2942/1835/387 2943/1826/387 2944/1829/387
f 2942/1835/388 2944/1829/388 2945/1836/388
f 2946/1827/389 2947/1834/389 2948/1837/389
f 2946/1827/390 2948/1837/390 2949/1828/390
f 2950/1838/21 2951/1839/21 2952/1840/21
f 2950/1838/21 2952/1840/21 2953/1841/21
f 2954/1831/9 2955/1830/9 2956/1833/9
f 2954/1831/9 2956/1833/9 2957/1832/9
f 2958/1842/17 2959/1843/17 2960/1844/17
f 2958/1842/17 2960/1844/17 2961/1845/17
f 2962/1843/21 2963/1842/21 2964/1845/21
f 2962/1843/21 2964/1845/21 2965/1844/21
f 2966/1846/25 2967/1847/25 2968/1848/25
f 2966/1846/25 2968/1848/25 2969/1849/25
f 2970/1850/25 2971/1851/25 2972/1852/25
f 2970/1850/25 2972/1852/25 2973/1853/25
f 2974/1854/25 2975/1855/25 2976/1852/25
f 2974/1854/25 2976/1852/25 2977/1856/25
f 2978/1857/25 2979/1858/25 2980/1859/25
f 2978/1857/25 2980/1859/25 2981/1860/25
f 2982/1861/25 2983/1862/25 2984/1863/25
f 2982/1861/25 2984/1863/25 2985/1864/25
f 2986/1839/17 2987/1838/17 2988/1841/17
f 2986/1839/17 2988/1841/17 2989/1840/17
f 2990/1865/9 2991/1866/9 2992/1867/9
f 2990/1865/9 2992/1867/9 2993/1868/9
f 2994/1866/1 2995/1865/1 2996/1868/1
f 2994/1866/1 2996/1868/1 2997/1867/1
f 2998/1869/9 2999/1870/9 3000/1871/9
f 2998/1869/9 3000/1871/9 3001/1872/9
f 3002/1825/17 3003/1824/17 3004/1823/17
f 3002/1825/17 3004/1823/17 3005/1822/17
f 3006/1872/1 3007/1871/1 3008/1870/1
f 3006/1872/1 3008/1870/1 3009/1869/1
f 3010/1873/384 3011/1874/384 3012/1875/384
f 3010/1873/384 3012/1875/384 3013/1876/384
f 3014/1877/1 3015/1878/1 3016/1879/1
f 3014/1877/1 3016/1879/1 3017/1880/1
f 3018/1881/391 3019/1882/391 3020/1883/391
f 3018/1881/391 3020/1883/391 3021/1884/391
f 3022/1882/387 3023/1873/387 3024/1876/387
f 3022/1882/388 3024/1876/388 3025/1883/388
f 3026/1874/389 3027/1881/389 3028/1884/389
f 3026/1874/390 3028/1884/390 3029/1875/390
f 3030/1885/21 3031/1886/21 3032/1887/21
f 3030/1885/21 3032/1887/21 3033/1888/21
f 3034/1878/9 3035/1877/9 3036/1880/9
f 3034/1878/9 3036/1880/9 3037/1879/9
f 3038/1889/17 3039/1890/17 3040/1891/17
f 3038/1889/17 3040/1891/17 3041/1892/17
f 3042/1890/21 3043/1889/21 3044/1892/21
f 3042/1890/21 3044/1892/21 3045/1891/21
f 3046/1893/25 3047/1894/25 3048/1895/25
f 3046/1893/25 3048/1895/25 3049/1896/25
f 3050/1897/25 3051/1898/25 3052/1899/25
f 3050/1897/25 3052/1899/25 3053/1900/25
f 3054/1901/25 3055/1902/25 3056/1903/25
f 3054/1901/25 3056/1903/25 3057/1904/25
f 3058/1905/25 3059/1906/25 3060/1907/25
f 3058/1905/25 3060/1907/25 3061/1896/25
f 3062/1908/25 3063/1909/25 3064/1910/25
f 3062/1908/25 3064/1910/25 3065/1911/25
f 3066/1886/17 3067/1885/17 3068/1888/17
f 3066/1886/17 3068/1888/17 3069/1887/17
f 3070/1912/9 3071/1913/9 3072/1914/9
f 3070/1912/9 3072/1914/9 3073/1915/9
f 3074/1913/1 3075/1912/1 3076/1915/1
f 3074/1913/1 3076/1915/1 3077/1914/1
f 3078/1916/9 3079/1917/9 3080/1918/9
f 3078/1916/9 3080/1918/9 3081/1919/9
f 2871/1787/9 2870/1786/9 3082/1920/9
f 2871/1787/9 3082/1920/9 3083/1921/9
f 3084/1922/9 3085/1923/9 3079/1917/9
f 3084/1922/9 3079/1917/9 3078/1916/9
s 1
f 3086/524/392 3087/527/392 3088/1924/392
f 3086/524/392 3088/1924/392 3089/525/392
s 0
f 3090/1925/1 3091/1926/1 3092/1927/1
f 3090/1925/1 3092/1927/1 3093/1928/1
f 3094/1929/1 3095/1930/1 3096/1931/1
f 3094/1929/1 3096/1931/1 3097/1932/1
f 3098/1933/1 3099/1934/1 322/260/1
f 3098/1933/1 322/260/1 3100/1935/1
f 3099/1934/1 3101/1936/1 319/257/1
f 3099/1934/1 319/257/1 322/260/1
f 189/149/1 3102/1937/1 3103/1938/1
f 189/149/1 3103/1938/1 190/150/1
f 3104/1939/1 188/148/1 190/150/1
f 3104/1939/1 190/150/1 3105/1940/1
f 3106/1941/21 3107/1942/21 3108/1943/21
f 3106/1941/21 3108/1943/21 3109/1944/21
f 3107/1942/21 3110/1945/21 3111/1946/21
f 3107/1942/21 3111/1946/21 3108/1943/21
f 3112/1947/21 3113/1948/21 3114/1949/21
f 3112/1947/21 3114/1949/21 3115/1950/21
f 3113/1948/21 3116/1951/21 3117/1952/21
f 3113/1948/21 3117/1952/21 3114/1949/21
f 200/160/21 3118/1953/21 3119/1954/21
f 200/160/21 3119/1954/21 198/158/21
f 3120/1955/21 196/156/21 3121/1956/21
f 3120/1955/21 3121/1956/21 3122/1957/21
f 3123/1958/21 3124/1959/21 3125/1960/21
f 3123/1958/21 3125/1960/21 3126/1961/21
f 193/153/21 195/155/21 194/154/21
f 193/153/21 194/154/21 191/151/21
f 3127/1962/21 203/163/21 202/162/21
f 3127/1962/21 202/162/21 3128/1963/21
f 3129/1964/21 3130/1965/21 95/69/21
f 3129/1964/21 95/69/21 94/68/21
f 3131/1966/21 3132/1967/21 3133/1968/21
f 3131/1966/21 3133/1968/21 3134/1969/21
f 3135/1970/21 3136/1971/21 3137/1972/21
f 3135/1970/21 3137/1972/21 3138/1973/21
f 3139/1974/21 3140/1975/21 3141/1976/21
f 3139/1974/21 3141/1976/21 3142/1977/21
f 3143/1978/21 3144/1979/21 3145/1980/21
f 3143/1978/21 3145/1980/21 3146/1981/21
f 3147/1982/21 3148/1983/21 3149/1984/21
f 3147/1982/21 3149/1984/21 3150/1985/21
f 3133/1968/21 2722/1676/21 3151/1986/21
f 3133/1968/21 3151/1986/21 3152/1987/21
f 2722/1676/21 2721/1675/21 3153/1988/21
f 2722/1676/21 3153/1988/21 3151/1986/21
f 3154/1989/21 3155/1990/21 3156/1991/21
f 3154/1989/21 3156/1991/21 3157/1992/21
f 3134/1969/21 3133/1968/21 3152/1987/21
f 3134/1969/21 3152/1987/21 3158/1993/21
f 3159/1994/21 3160/1995/21 3148/1983/21
f 3159/1994/21 3148/1983/21 3147/1982/21
f 3136/1971/21 3144/1979/21 3143/1978/21
f 3136/1971/21 3143/1978/21 3137/1972/21
f 3161/1996/21 3162/1997/21 3163/1998/21
f 3161/1996/21 3163/1998/21 3164/1999/21
f 3146/1981/21 3145/1980/21 3162/1997/21
f 3146/1981/21 3162/1997/21 3161/1996/21
f 3165/2000/21 3166/2001/21 3160/1995/21
f 3165/2000/21 3160/1995/21 3159/1994/21
f 3163/1998/21 3162/1997/21 3167/2002/21
f 3163/1998/21 3167/2002/21 3168/2003/21
f 3132/1967/21 2719/1673/21 2722/1676/21
f 3132/1967/21 2722/1676/21 3133/1968/21
f 3139/1974/21 3166/2001/21 3165/2000/21
f 3139/1974/21 3165/2000/21 3140/1975/21
f 3169/2004/17 3170/2005/17 3171/2006/17
f 3169/2004/17 3171/2006/17 3172/2007/17
f 3173/2008/17 3174/2009/17 3175/2010/17
f 3173/2008/17 3175/2010/17 3176/2011/17
f 3177/2012/9 3178/2013/9 3179/2014/9
f 3177/2012/9 3179/2014/9 3180/2015/9
f 3181/2016/9 3182/2017/9 3183/2018/9
f 3181/2016/9 3183/2018/9 3184/2019/9
f 3185/2020/307 3186/2021/307 3187/1079/307
f 3185/2020/307 3187/1079/307 3188/1082/307
f 3189/2022/25 3190/2023/25 3191/2024/25
f 3189/2022/25 3191/2024/25 3192/2025/25
f 3193/2026/25 3194/2027/25 3190/2023/25
f 3193/2026/25 3190/2023/25 3189/2022/25
f 3193/2026/25 3195/2028/25 3196/2029/25
f 3193/2026/25 3196/2029/25 3194/2027/25
f 3197/2030/25 3198/2031/25 3199/2032/25
f 3197/2030/25 3199/2032/25 3200/2033/25
f 3198/2031/25 3201/2034/25 3202/2035/25
f 3198/2031/25 3202/2035/25 3199/2032/25
f 3203/2036/25 3204/2037/25 3205/2038/25
f 3203/2036/25 3205/2038/25 3206/2039/25
f 3205/2038/25 3204/2037/25 2702/1656/25
f 3205/2038/25 2702/1656/25 2701/1655/25
f 3207/2040/9 3208/2041/9 3209/2042/9
f 3208/2041/9 3207/2040/9 3210/2043/9
f 3210/2043/9 3207/2040/9 3211/2044/9
f 3212/2045/9 3208/2041/9 3210/2043/9
f 338/272/9 501/338/9 3213/2046/9
f 501/338/9 338/272/9 337/271/9
f 501/338/9 337/271/9 551/356/9
f 551/356/393 337/271/393 3214/2047/393
f 3214/2047/9 337/271/9 3215/2048/9
f 3215/2048/9 337/271/9 3216/2049/9
f 3217/2050/180 3218/2051/180 3219/2052/180
f 3218/2051/180 3217/2050/180 3220/2053/180
f 3220/2053/180 3217/2050/180 3221/2054/180
f 3221/2054/180 3217/2050/180 3222/2055/180
f 3222/2055/180 3217/2050/180 3223/2056/180
f 3223/2056/180 3217/2050/180 3224/2057/180
f 3225/2058/9 3226/2059/9 3227/2060/9
f 3226/2059/9 3225/2058/9 3228/2061/9
f 3228/2061/9 3225/2058/9 3229/2062/9
f 3229/2062/9 3225/2058/9 3230/2063/9
f 3229/2062/9 3230/2063/9 3231/2064/9
f 3229/2062/9 3231/2064/9 3232/2065/9
f 3232/2065/9 3231/2064/9 3233/2066/9
f 3232/2065/9 3233/2066/9 3234/2067/9
f 3234/2067/9 3233/2066/9 3235/2068/9
f 3234/2067/9 3235/2068/9 3236/2069/9
f 3234/2067/9 3236/2069/9 3237/2070/9
f 30/21/9 879/516/9 3238/2071/9
f 879/516/9 30/21/9 29/20/9
f 879/516/9 29/20/9 880/517/9
f 3239/2072/394 3240/2073/394 3241/2074/394
f 3240/2073/394 3239/2072/394 3242/2075/394
f 3242/2075/394 3239/2072/394 3243/2076/394
f 3113/1948/21 3244/2077/21 3116/1951/21
f 3244/2077/21 3113/1948/21 3245/2078/21
f 3245/2078/21 3113/1948/21 3246/2079/21
f 3246/2079/21 3113/1948/21 3247/2080/21
f 3247/2080/21 3113/1948/21 3112/1947/21
f 3248/2081/9 3249/2082/9 3250/2083/9
f 3249/2082/9 3248/2081/9 354/280/9
f 3249/2082/9 354/280/9 353/279/9
f 3251/2084/258 3252/2085/258 3253/2086/258
f 3252/2085/258 3251/2084/258 3254/2087/258
f 3254/2087/258 3251/2084/258 3255/2088/258
f 3255/2088/258 3251/2084/258 3256/2089/258
f 3256/2089/258 3251/2084/258 3257/2090/258
f 244/202/1 500/337/1 3258/2091/1
f 500/337/1 244/202/1 499/336/1
f 499/336/1 244/202/1 243/201/1
f 3259/550/21 3260/2092/21 3261/547/21
f 3260/2092/21 3259/550/21 3262/549/21
f 3260/2092/21 3262/549/21 3263/548/21
f 25/16/9 3264/2093/9 3265/2094/9
f 3264/2093/9 25/16/9 27/18/9
f 3264/2093/9 27/18/9 3266/2095/9
f 3267/2096/1 3268/2097/1 3269/2098/1
f 3268/2097/1 3267/2096/1 909/542/1
f 909/542/1 3267/2096/1 910/543/1
f 362/288/9 3270/2099/9 3271/2100/9
f 3270/2099/9 362/288/9 3272/2101/9
f 3272/2101/9 362/288/9 361/287/9
f 329/263/1 3273/2102/1 330/264/1
f 3273/2102/1 329/263/1 3269/2098/1
f 3269/2098/1 329/263/1 3267/2096/1
f 3274/2103/1 357/283/1 3275/2104/1
f 357/283/1 3274/2103/1 3276/2105/1
f 357/283/1 3276/2105/1 358/284/1
f 3277/2106/9 336/270/9 335/269/9
f 336/270/9 3277/2106/9 3250/2083/9
f 336/270/9 3250/2083/9 3249/2082/9
f 3271/2100/9 344/274/9 343/273/9
f 344/274/9 3271/2100/9 3278/2107/9
f 3278/2107/9 3271/2100/9 3270/2099/9
f 319/257/1 3275/2104/1 320/258/1
f 3275/2104/1 319/257/1 3279/2108/1
f 3275/2104/1 3279/2108/1 3274/2103/1
f 3280/2109/395 3281/2110/395 3282/2111/395
f 3281/2110/395 3280/2109/395 3283/2112/395
f 3283/2112/395 3280/2109/395 3284/2113/395
f 1/1/1 3285/2114/1 327/261/1
f 3285/2114/1 1/1/1 3286/2115/1
f 3286/2115/1 1/1/1 3287/2116/1
f 3287/2116/1 1/1/1 3288/2117/1
f 3288/2117/1 1/1/1 213/171/1
f 3288/2117/1 213/171/1 3289/2118/1
f 3289/2118/1 213/171/1 3290/2119/1
f 190/150/1 3291/2120/1 3292/2121/1
f 3291/2120/1 190/150/1 3293/2122/1
f 3293/2122/1 190/150/1 3294/2123/1
f 3294/2123/1 190/150/1 3103/1938/1
f 190/150/1 3295/2124/1 3105/1940/1
f 3295/2124/1 190/150/1 3296/2125/1
f 3296/2125/1 190/150/1 3297/2126/1
f 3298/2127/9 3299/2128/9 3300/2129/9
f 3299/2128/9 3298/2127/9 27/18/9
f 27/18/9 3298/2127/9 3266/2095/9
f 3301/2130/9 27/18/9 3302/2131/9
f 27/18/9 3301/2130/9 3303/2132/9
f 27/18/9 3303/2132/9 3304/2133/9
f 27/18/9 3304/2133/9 3299/2128/9
f 30/21/9 3305/2134/9 28/19/9
f 3305/2134/9 30/21/9 3306/2135/9
f 28/19/9 3305/2134/9 3307/2136/9
f 26/17/9 3308/2137/9 27/18/9
f 3308/2137/9 26/17/9 3309/2138/9
f 27/18/9 3308/2137/9 3302/2131/9
f 3310/2139/17 3311/2140/17 3312/2141/17
f 3311/2140/17 3310/2139/17 3313/2142/17
f 3313/2142/17 3310/2139/17 3314/2143/17
f 3315/248/396 3316/424/396 3317/425/396
f 3316/424/396 3315/248/396 3318/426/396
f 3318/426/396 3315/248/396 3319/247/396
f 3320/2144/1 3321/2145/1 3322/2146/1
f 3321/2145/1 3320/2144/1 3323/2147/1
f 3323/2147/1 3320/2144/1 3324/2148/1
f 3323/2147/1 3324/2148/1 3325/2149/1
f 3323/2147/1 3325/2149/1 3326/2150/1
f 3323/2147/1 3326/2150/1 3327/2151/1
f 3323/2147/1 3327/2151/1 3328/2152/1
f 3323/2147/1 3328/2152/1 3329/2153/1
f 3323/2147/1 3329/2153/1 3330/2154/1
f 3331/2155/397 3332/2156/397 3333/2157/397
f 3332/2156/397 3331/2155/397 3334/2158/397
f 3334/2158/397 3331/2155/397 3335/2159/397
f 3336/2076/398 3337/2073/398 3338/2075/398
f 3337/2073/398 3336/2076/398 3339/2074/398
f 3339/2074/398 3336/2076/398 3340/2072/398
f 3341/2160/399 3342/2161/399 3343/2162/399
f 3342/2161/399 3341/2160/399 3344/2163/399
f 3344/2163/399 3341/2160/399 3345/2164/399
f 3346/2159/400 3347/2156/400 3348/2158/400
f 3347/2156/400 3346/2159/400 3349/2157/400
f 3349/2157/400 3346/2159/400 3350/2155/400
s 1
f 3351/330/401 3352/353/402 3353/352/402
f 3352/353/402 3351/330/401 3354/418/403
f 3354/418/403 3351/330/401 3355/331/401
s 0
f 3356/2165/404 3357/2166/404 3358/2167/404
f 3357/2166/404 3356/2165/404 3359/2168/404
f 3359/2168/404 3356/2165/404 3360/2169/404
f 3359/2168/404 3360/2169/404 3361/2170/404
f 3362/2171/9 3363/2172/9 3364/2173/9
f 3363/2172/9 3362/2171/9 3365/2174/9
f 3365/2174/9 3362/2171/9 3366/2175/9
f 3366/2175/9 3362/2171/9 3367/2176/9
f 3368/2177/1 321/259/1 3369/2178/1
f 321/259/1 3368/2177/1 3370/2179/1
f 321/259/1 3370/2179/1 322/260/1
f 322/260/1 3370/2179/1 3371/2180/1
f 322/260/1 3371/2180/1 3372/2181/1
f 322/260/1 3372/2181/1 3100/1935/1
f 346/276/9 3373/2182/9 3374/2183/9
f 3373/2182/9 346/276/9 3375/2184/9
f 3375/2184/9 346/276/9 345/275/9
f 3375/2184/9 345/275/9 569/372/9
f 569/372/9 345/275/9 495/332/9
f 495/332/9 345/275/9 3376/2185/9
f 243/201/1 331/265/1 499/336/1
f 331/265/1 243/201/1 332/266/1
f 332/266/1 243/201/1 572/375/1
f 332/266/1 572/375/1 3377/2186/1
f 332/266/1 3377/2186/1 3378/2187/1
f 332/266/1 3378/2187/1 3379/2188/1
f 3380/2113/405 3381/2110/405 3382/2112/405
f 3381/2110/405 3380/2113/405 3383/2109/405
f 3383/2109/405 3384/2111/405 3381/2110/405
f 3385/2189/404 3386/2190/404 3387/2191/404
f 3386/2190/404 3385/2189/404 3388/2192/404
f 3388/2192/404 3385/2189/404 3389/2193/404
f 3388/2192/404 3389/2193/404 3390/2194/404
f 3391/331/406 3392/421/406 3393/418/406
f 3392/421/406 3391/331/406 3394/422/406
f 3394/422/406 3391/331/406 3395/349/406
f 3396/2195/9 3397/2196/9 3398/2197/9
f 3397/2196/9 3396/2195/9 3399/2198/9
f 3399/2198/9 3396/2195/9 3400/2199/9
f 3400/2199/9 3396/2195/9 3401/2200/9
f 3401/2200/9 3396/2195/9 3402/2201/9
f 3402/2201/9 3396/2195/9 3403/2202/9
f 3403/2202/9 3396/2195/9 3404/2203/9
f 3404/2203/9 3396/2195/9 3405/2204/9
f 3405/2204/9 3396/2195/9 3406/2205/9
f 3407/2206/404 3408/2207/404 3409/2208/404
f 3408/2207/404 3407/2206/404 3410/2209/404
f 3410/2209/404 3407/2206/404 3411/2210/404
f 3410/2209/404 3411/2210/404 3412/2211/404
f 3413/247/407 3414/314/407 3415/313/407
f 3414/314/407 3413/247/407 3416/354/407
f 3416/354/407 3413/247/407 3417/248/407
f 3418/2164/408 3419/2161/408 3420/2163/408
f 3419/2161/408 3418/2164/408 3421/2162/408
f 3421/2162/408 3418/2164/408 3422/2160/408
f 3423/2212/9 3424/2213/9 3425/2214/9
f 3424/2213/9 3423/2212/9 3426/2215/9
f 3424/2213/9 3426/2215/9 3427/2216/9
f 3427/2216/9 3426/2215/9 3428/2217/9
f 3428/2217/9 3426/2215/9 3429/2218/9
f 3429/2218/9 3426/2215/9 3430/2219/9
f 3430/2219/9 3426/2215/9 3431/2220/9
f 3431/2220/9 3426/2215/9 3432/2221/9
f 3432/2221/9 3426/2215/9 3433/2222/9
f 3434/2223/1 3435/2224/1 3436/2225/1
f 3435/2224/1 3434/2223/1 3437/2226/1
f 3435/2224/1 3437/2226/1 3438/2227/1
f 3435/2224/1 3438/2227/1 3439/2228/1
f 3435/2224/1 3439/2228/1 3440/2229/1
f 3435/2224/1 3440/2229/1 3441/2230/1
f 3435/2224/1 3441/2230/1 3442/2231/1
f 3435/2224/1 3442/2231/1 3443/2232/1
f 3435/2224/1 3443/2232/1 3444/2233/1
f 3445/2234/9 3446/2235/9 3447/2236/9
f 3446/2235/9 3445/2234/9 3448/2237/9
f 3297/2126/1 626/413/1 3296/2125/1
f 626/413/1 3297/2126/1 3449/2238/1
f 626/413/1 3449/2238/1 627/414/1
f 3450/2189/409 3451/2194/409 3452/2193/409
f 3451/2194/409 3450/2189/409 3453/2192/409
f 3453/2192/409 3450/2189/409 3454/2191/409
f 3453/2192/409 3454/2191/409 3455/2190/409
f 3456/2165/409 3457/2170/409 3458/2169/409
f 3457/2170/409 3456/2165/409 3459/2168/409
f 3459/2168/409 3456/2165/409 3460/2167/409
f 3459/2168/409 3460/2167/409 3461/2166/409
f 3462/2239/1 3463/2240/1 3464/2241/1
f 3463/2240/1 3462/2239/1 3465/2242/1
f 3463/2240/1 3465/2242/1 3466/2243/1
f 3466/2243/410 3465/2242/410 3467/2244/410
f 3178/2013/9 3468/2245/9 3179/2014/9
f 3468/2245/9 3178/2013/9 351/277/9
f 351/277/9 3178/2013/9 3469/2246/9
f 351/277/9 3469/2246/9 352/278/9
f 3182/2017/9 3470/2247/9 3183/2018/9
f 3470/2247/9 3182/2017/9 359/285/9
f 359/285/9 3182/2017/9 360/286/9
f 3471/2248/1 3092/1927/1 3091/1926/1
f 3092/1927/1 3471/2248/1 3472/2249/1
f 3092/1927/1 3472/2249/1 3473/2250/1
f 3473/2250/1 3472/2249/1 3474/2251/1
f 3290/2119/1 3475/2252/1 3289/2118/1
f 3475/2252/1 3290/2119/1 3476/2253/1
f 3476/2253/1 3290/2119/1 3477/2254/1
f 3478/2255/9 3479/2256/9 3480/2257/9
f 3479/2256/9 3478/2255/9 3481/2258/9
f 3479/2256/9 3481/2258/9 3482/2259/9
f 3483/2260/409 3484/2261/409 3485/2210/409
f 3484/2261/409 3483/2260/409 3486/2262/409
f 3486/2262/409 3483/2260/409 3487/2208/409
f 3486/2262/409 3487/2208/409 3488/2263/409
f 763/450/1 759/446/1 756/443/1
f 759/446/1 763/450/1 767/454/1
f 767/454/1 763/450/1 3489/2264/1
f 769/456/9 765/452/9 3490/2265/9
f 765/452/9 769/456/9 752/439/9
f 752/439/9 769/456/9 747/434/9
f 747/434/9 753/440/9 752/439/9
f 753/440/9 747/434/9 746/433/9
f 753/440/9 746/433/9 3491/2266/9
f 757/444/1 758/445/1 3492/2267/1
f 758/445/1 757/444/1 756/443/1
f 758/445/1 756/443/1 759/446/1
f 3448/2237/9 3238/2071/9 3446/2235/9
f 3238/2071/9 3448/2237/9 30/21/9
f 30/21/9 3493/2268/9 3494/2269/9
f 30/21/9 3494/2269/9 3495/2270/9
f 30/21/9 3495/2270/9 3496/2271/9
f 30/21/9 3496/2271/9 3306/2135/9
f 3497/2272/1 3498/2273/1 3499/2274/1
f 3498/2273/1 3500/2275/1 3501/2276/1
f 3500/2275/1 3498/2273/1 3502/2277/1
f 3502/2277/1 3498/2273/1 3497/2272/1
f 3503/2278/1 3499/2274/1 3504/2279/1
f 3499/2274/1 3503/2278/1 3505/2280/1
f 3499/2274/1 3505/2280/1 3497/2272/1
f 3506/2281/1 3507/2282/1 3508/2283/1
f 3507/2282/1 3506/2281/1 3509/2284/1
f 3509/2284/1 3506/2281/1 3510/2285/1
f 3212/2045/9 3511/2286/9 3208/2041/9
f 3511/2286/9 3212/2045/9 3512/2287/9
f 3512/2287/9 3212/2045/9 3513/2288/9
f 3366/2175/9 3514/2289/9 3515/2290/9
f 3514/2289/9 3366/2175/9 3516/2291/9
f 3516/2291/9 3366/2175/9 3367/2176/9
f 3509/2284/1 3517/2292/1 3507/2282/1
f 3517/2292/1 3509/2284/1 3518/2293/1
f 3518/2293/1 3509/2284/1 3519/2294/1
f 3519/2294/1 3509/2284/1 3520/2295/1
f 3519/2294/1 3520/2295/1 3521/2296/1
f 3521/2296/1 3520/2295/1 3522/2297/1
f 3523/2298/1 3524/2058/1 3525/2299/1
f 3524/2058/1 3523/2298/1 3526/2061/1
f 3524/2058/1 3526/2061/1 3527/2300/1
f 3524/2058/1 3527/2300/1 3528/2301/1
f 3528/2301/1 3527/2300/1 3529/2064/1
f 3529/2064/1 3527/2300/1 3530/2065/1
f 3529/2064/1 3530/2065/1 3531/2066/1
f 3531/2066/1 3530/2065/1 3532/2067/1
f 3531/2066/1 3532/2067/1 3533/2068/1
f 3533/2068/1 3532/2067/1 3534/2069/1
f 3534/2069/1 3532/2067/1 3535/2302/1
f 74/48/17 3536/2303/17 72/46/17
f 3536/2303/17 74/48/17 3537/2304/17
f 3537/2304/17 74/48/17 3538/2305/17
f 3539/2306/21 3540/2307/21 3541/2308/21
f 3540/2307/21 3539/2306/21 3542/2309/21
f 3540/2307/21 3542/2309/21 3543/2310/21
f 3543/2310/21 3542/2309/21 3544/2311/21
f 3545/2312/180 3546/2313/180 3547/2314/180
f 3546/2313/180 3545/2312/180 3548/2315/180
f 3548/2315/180 3545/2312/180 3549/2316/180
f 1751/1073/21 106/80/21 1752/1074/21
f 106/80/21 1751/1073/21 3550/2317/21
f 106/80/21 3550/2317/21 104/78/21
f 3551/653/411 3552/670/411 3553/652/411
f 3552/670/411 3551/653/411 3554/644/411
f 3554/644/411 3551/653/411 3555/645/411
f 3556/2318/1 3557/2319/1 3558/2320/1
f 3557/2319/1 3556/2318/1 3559/2321/1
f 3557/2319/1 3559/2321/1 3560/2322/1
f 3561/2323/31 3562/2324/31 3563/2325/31
f 3562/2324/31 3561/2323/31 3564/2326/31
f 3564/2326/31 3561/2323/31 3565/2327/31
f 3566/2328/17 86/60/17 3567/2329/17
f 86/60/17 3566/2328/17 84/58/17
f 84/58/17 3566/2328/17 3568/2330/17
f 3569/613/9 3570/2331/9 3571/616/9
f 3570/2331/9 3569/613/9 3572/2332/9
f 3572/2332/9 3569/613/9 3573/2333/9
f 3574/2332/1 990/616/1 3575/2331/1
f 990/616/1 3574/2332/1 987/613/1
f 987/613/1 3574/2332/1 3576/2333/1
f 3577/2334/17 3578/2335/17 3579/2336/17
f 3578/2335/17 3577/2334/17 3580/2337/17
f 3580/2337/17 3577/2334/17 3581/2338/17
f 3580/2337/17 3581/2338/17 3582/2339/17
f 3580/2337/17 3582/2339/17 3583/2340/17
f 3580/2337/17 3583/2340/17 3584/2341/17
f 3580/2337/17 3584/2341/17 72/46/17
f 3580/2337/17 72/46/17 3536/2303/17
f 73/47/17 3585/2342/17 3586/2343/17
f 3585/2342/17 72/46/17 3584/2341/17
f 72/46/17 3585/2342/17 73/47/17
f 3587/2344/17 3588/2345/17 3589/2346/17
f 3588/2345/17 3587/2344/17 3590/2347/17
f 3590/2347/17 3587/2344/17 3591/2348/17
f 3591/2348/17 3587/2344/17 3592/2349/17
f 3592/2349/17 3587/2344/17 3593/2350/17
f 3593/2350/17 3587/2344/17 3594/2351/17
f 3594/2351/17 3587/2344/17 3567/2329/17
f 3594/2351/17 3567/2329/17 86/60/17
f 86/60/17 3595/2352/17 3594/2351/17
f 3595/2352/17 85/59/17 3596/2353/17
f 85/59/17 3595/2352/17 86/60/17
f 3597/2354/9 3598/2355/9 3599/2356/9
f 3598/2355/9 3597/2354/9 3600/2357/9
f 3600/2357/9 3597/2354/9 3601/2358/9
f 3601/2358/9 3597/2354/9 3602/2359/9
f 3603/602/412 3604/639/412 3605/601/412
f 3604/639/412 3603/602/412 3606/636/412
f 3606/636/412 3603/602/412 3607/623/412
f 3608/647/413 3609/586/413 3610/646/413
f 3609/586/413 3608/647/413 3611/587/413
f 3611/587/413 3608/647/413 3612/648/413
f 3613/2360/414 3614/2361/414 3615/2362/414
f 3614/2361/414 3613/2360/414 3616/2363/414
f 3614/2361/414 3616/2363/414 3617/2364/414
s 1
f 3614/2361/414 3617/2364/414 3618/2365/414
s 0
f 3619/2366/21 3620/2367/21 3621/2368/21
f 3620/2367/21 3619/2366/21 3622/2369/21
f 3621/2368/21 3620/2367/21 3623/2370/21
f 3620/2367/21 3622/2369/21 3624/2371/21
f 1557/947/17 3625/2372/17 1558/948/17
f 3625/2372/17 1557/947/17 3626/2373/17
f 3626/2373/17 1557/947/17 3627/2374/17
f 3626/2373/17 3627/2374/17 3628/2375/17
f 3626/2373/17 3628/2375/17 1073/658/17
f 1073/658/17 3628/2375/17 1071/656/17
f 3629/2376/17 3630/2377/17 3631/2378/17
f 3630/2377/17 3629/2376/17 3632/2379/17
f 3630/2377/17 3632/2379/17 3633/2380/17
f 3633/2380/17 3632/2379/17 3634/2381/17
f 3634/2381/17 3632/2379/17 1075/660/17
f 1075/660/17 3632/2379/17 923/555/17
f 3635/2382/414 3636/2383/414 3637/2384/414
f 3636/2383/414 3635/2382/414 3638/2385/414
f 3636/2383/414 3638/2385/414 3639/2386/414
s 1
f 3636/2383/414 3639/2386/414 3640/2387/414
s 0
f 3641/2388/17 3642/2389/17 3643/2390/17
f 3642/2389/17 3641/2388/17 3644/2391/17
f 3644/2391/17 3641/2388/17 3645/2392/17
f 3644/2391/17 3645/2392/17 3646/2393/17
f 3646/2393/17 3645/2392/17 3647/2394/17
f 3646/2393/17 3647/2394/17 3648/2395/17
f 3648/2395/17 3647/2394/17 3649/2396/17
f 3648/2395/17 3649/2396/17 3650/2397/17
f 3650/2397/17 3649/2396/17 3651/2398/17
f 3652/2399/17 3653/2400/17 3654/2401/17
f 3653/2400/17 3652/2399/17 3655/2402/17
f 3655/2402/17 3652/2399/17 3656/2403/17
f 3655/2402/17 3656/2403/17 3657/2404/17
f 3657/2404/17 3656/2403/17 3658/2405/17
f 3657/2404/17 3658/2405/17 3659/2406/17
f 3659/2406/17 3658/2405/17 3660/2407/17
f 3659/2406/17 3660/2407/17 3661/2408/17
f 3661/2408/17 3660/2407/17 3662/2409/17
f 3663/629/415 3664/635/415 3665/681/415
f 3664/635/415 3663/629/415 3666/634/415
f 3666/634/415 3663/629/415 3667/628/415
f 3668/2410/17 3669/2411/17 3670/2412/17
f 3669/2411/17 3668/2410/17 3671/2413/17
f 3671/2413/17 3668/2410/17 3672/2414/17
f 3672/2414/17 3673/2415/17 3671/2413/17
f 3671/2413/17 3674/2416/17 3669/2411/17
f 3668/2410/17 3675/2417/17 3672/2414/17
f 3675/2417/17 3668/2410/17 3589/2346/17
f 3675/2417/17 3589/2346/17 3588/2345/17
f 3676/2418/17 3674/2416/17 3677/2419/17
f 3674/2416/17 3676/2418/17 3678/2420/17
f 3678/2420/17 3676/2418/17 3679/2421/17
f 3680/2422/17 3681/2423/17 3682/2424/17
f 3681/2423/17 3680/2422/17 3683/2425/17
f 3683/2425/17 3680/2422/17 3684/2426/17
f 3685/2427/17 3686/2428/17 3687/2429/17
f 3686/2428/17 3685/2427/17 3688/2430/17
f 3686/2428/17 3688/2430/17 3689/2431/17
f 1127/686/17 1136/695/17 1130/689/17
f 1136/695/17 1127/686/17 3690/2432/17
f 3690/2432/17 1127/686/17 1134/693/17
f 1129/688/17 1127/686/17 1130/689/17
f 1127/686/17 1129/688/17 3691/2433/17
f 1127/686/17 3691/2433/17 1128/687/17
f 3692/2370/17 3693/2366/17 3694/2368/17
f 3693/2366/17 3692/2370/17 3695/2434/17
f 3695/2434/17 3692/2370/17 3696/2435/17
f 3696/2435/17 3692/2370/17 3697/2367/17
f 3696/2435/17 3697/2367/17 3698/2369/17
f 3698/2369/17 3697/2367/17 3699/2371/17
f 3700/2436/17 3698/2369/17 3699/2371/17
f 3698/2369/17 3700/2436/17 3701/2437/17
f 3701/2437/17 3700/2436/17 3702/2438/17
f 3703/2439/17 3704/2311/17 3705/2310/17
f 3704/2311/17 3703/2439/17 3706/2440/17
f 3706/2440/17 3703/2439/17 3707/2441/17
f 3708/2440/21 3543/2310/21 3544/2311/21
f 3543/2310/21 3708/2440/21 3709/2439/21
f 3709/2439/21 3708/2440/21 3710/2441/21
f 3711/2437/21 3624/2371/21 3622/2369/21
f 3624/2371/21 3711/2437/21 3712/2436/21
f 3712/2436/21 3711/2437/21 3713/2438/21
f 3714/2442/17 3715/2308/17 3716/2307/17
f 3715/2308/17 3714/2442/17 3717/2306/17
f 3717/2306/17 3714/2442/17 3718/2443/17
f 3717/2306/17 3718/2443/17 3719/2309/17
f 3719/2309/17 3718/2443/17 3705/2310/17
f 3719/2309/17 3705/2310/17 3704/2311/17
f 3720/2444/17 3721/2445/17 3722/2446/17
f 3721/2445/17 3720/2444/17 3723/2447/17
f 3723/2447/17 3720/2444/17 3724/2448/17
f 3724/2448/17 3720/2444/17 3725/2449/17
f 3725/2449/17 3720/2444/17 3726/2450/17
f 3726/2450/17 3720/2444/17 3727/2451/17
f 3727/2451/17 3720/2444/17 3728/2452/17
f 3727/2451/17 3729/2453/17 3730/2454/17
f 3729/2453/17 3727/2451/17 3731/2455/17
f 3731/2455/17 3727/2451/17 3728/2452/17
f 3731/2455/17 3728/2452/17 3732/2456/17
f 3733/2457/1 3734/2458/1 3735/2459/1
f 3734/2458/1 3733/2457/1 3736/2460/1
f 3736/2460/1 3733/2457/1 3737/2461/1
f 3737/2461/1 3733/2457/1 3738/2462/1
f 3739/2463/264 3740/2464/264 3741/2465/264
f 3740/2464/264 3739/2463/264 3742/2466/264
f 3742/2466/264 3739/2463/264 3743/2467/264
f 3743/2467/264 3739/2463/264 3744/2468/264
f 3745/2469/1 3746/2470/1 3747/2471/1
f 3746/2470/1 3745/2469/1 3748/2472/1
f 3748/2472/1 3745/2469/1 3749/2473/1
f 3749/2473/1 3745/2469/1 3750/2474/1
f 3751/2472/9 3752/2475/9 3753/2476/9
f 3752/2475/9 3751/2472/9 3754/2469/9
f 3754/2469/9 3751/2472/9 3755/2477/9
f 3756/2478/258 3757/2479/258 3758/2480/258
f 3757/2479/258 3756/2478/258 3759/2481/258
f 3759/2481/258 3756/2478/258 3760/2482/258
f 3761/2483/31 3762/2484/31 3763/2485/31
f 3762/2484/31 3761/2483/31 3764/2486/31
f 3764/2486/31 3761/2483/31 3765/2487/31
f 3766/582/17 3767/2488/17 3768/579/17
f 3767/2488/17 3766/582/17 3769/581/17
f 3767/2488/17 3769/581/17 3770/580/17
f 3771/2489/264 3772/2490/264 3773/2491/264
f 3772/2490/264 3771/2489/264 3774/2492/264
f 3774/2492/264 3771/2489/264 3775/2493/264
f 3776/2461/9 3777/2459/9 3778/2458/9
f 3777/2459/9 3776/2461/9 3779/2457/9
f 3779/2457/9 3776/2461/9 3780/2462/9
f 3781/2494/17 3782/550/17 3783/547/17
f 3782/550/17 3781/2494/17 3784/888/17
f 3784/888/17 3781/2494/17 3785/887/17
f 3786/797/21 3787/2495/21 3788/886/21
f 3787/2495/21 3786/797/21 3789/796/21
f 3787/2495/21 3789/796/21 3790/795/21
f 3791/2496/17 3792/2497/17 3793/2498/17
f 3792/2497/17 3791/2496/17 3794/2499/17
f 3792/2497/17 3794/2499/17 3795/2500/17
f 3795/2500/17 3796/2501/17 3792/2497/17
f 3796/2501/17 3795/2500/17 3629/2376/17
f 3796/2501/17 3629/2376/17 3631/2378/17
f 1107/675/17 3793/2498/17 1108/676/17
f 3793/2498/17 1107/675/17 3797/2502/17
f 3793/2498/17 3797/2502/17 3791/2496/17
f 3798/2503/17 3586/2343/17 3799/2504/17
f 3586/2343/17 3798/2503/17 73/47/17
f 73/47/17 3798/2503/17 3800/2505/17
f 3801/2506/17 1240/760/17 1239/759/17
f 1240/760/17 3801/2506/17 3802/2507/17
f 3802/2507/17 3801/2506/17 3803/2508/17
f 3799/2504/17 3803/2508/17 3801/2506/17
f 3803/2508/17 3799/2504/17 3804/2509/17
f 3804/2509/17 3799/2504/17 3586/2343/17
f 3805/2510/17 3806/2511/17 3807/2512/17
f 3806/2511/17 3805/2510/17 3808/2513/17
f 3808/2513/17 3805/2510/17 3809/2514/17
f 3810/2515/17 3811/2516/17 3812/2517/17
f 3811/2516/17 3810/2515/17 3813/2518/17
f 3813/2518/17 3810/2515/17 3814/2519/17
f 3813/2518/17 3814/2519/17 3815/2520/17
f 3813/2518/17 3815/2520/17 3816/2521/17
f 3813/2518/17 3816/2521/17 1575/965/17
f 3813/2518/17 1575/965/17 3817/2522/17
f 3817/2522/17 1575/965/17 1576/966/17
f 117/89/25 120/92/25 114/86/25
f 120/92/25 117/89/25 3818/2523/25
f 3818/2523/25 117/89/25 3819/2524/25
s 1
f 3820/996/416 3821/2525/417 3822/997/417
f 3821/2525/417 3820/996/416 3823/1005/417
f 3823/1005/417 3820/996/416 3824/2526/417
f 3823/1005/417 3824/2526/417 3825/1006/417
s 0
f 3826/2527/17 3827/2528/17 3828/2529/17
f 3827/2528/17 3826/2527/17 3829/2530/17
f 3829/2530/17 3826/2527/17 3830/2531/17
f 3829/2530/17 3830/2531/17 3831/2532/17
f 3829/2530/17 3831/2532/17 3832/2533/17
f 3833/2534/17 3834/2535/17 3835/2536/17
f 3834/2535/17 3833/2534/17 3836/2537/17
f 3834/2535/17 3836/2537/17 3837/2538/17
f 3837/2538/17 3836/2537/17 3838/2539/17
f 3838/2539/17 3836/2537/17 3839/2540/17
f 3840/1051/25 116/88/25 3841/1066/25
f 116/88/25 3840/1051/25 114/86/25
f 114/86/25 3840/1051/25 117/89/25
f 117/89/25 3840/1051/25 121/93/25
f 3842/2541/17 3843/2542/17 3844/2543/17
f 3843/2542/17 3842/2541/17 3845/2544/17
f 3846/2545/17 3847/2546/17 3848/2547/17
f 3847/2546/17 3846/2545/17 3849/2548/17
f 3849/2548/17 3846/2545/17 3850/2549/17
f 3850/2549/17 3846/2545/17 3851/2550/17
f 3851/2550/17 3846/2545/17 3852/2551/17
f 3852/2551/17 3846/2545/17 3853/2552/17
f 3853/2552/17 3846/2545/17 3854/2553/17
f 3855/2554/17 3856/2555/17 3857/2556/17
f 3856/2555/17 3855/2554/17 3858/2557/17
f 3859/1061/1 3860/2558/1 3861/1060/1
f 3860/2558/1 3859/1061/1 3862/2559/1
f 3862/2559/1 3859/1061/1 3863/2560/1
f 3863/2560/1 3859/1061/1 3864/2561/1
f 3864/2561/1 3859/1061/1 3865/2562/1
f 3866/2559/9 3867/1060/9 3868/2558/9
f 3867/1060/9 3866/2559/9 3869/1061/9
f 3869/1061/9 3866/2559/9 3870/2560/9
f 3869/1061/9 3870/2560/9 3871/2561/9
f 3869/1061/9 3871/2561/9 3872/2562/9
f 3873/2563/17 3874/2564/17 3875/2565/17
f 3874/2564/17 3873/2563/17 3876/2566/17
f 3876/2566/17 3873/2563/17 3877/2567/17
f 3877/2567/17 3873/2563/17 3878/2568/17
f 3878/2568/17 3873/2563/17 3879/2569/17
f 3879/2569/17 3873/2563/17 1564/954/17
f 1564/954/17 3873/2563/17 3880/2570/17
f 1564/954/17 3880/2570/17 1565/955/17
f 2661/1631/17 3881/2571/17 3882/2572/17
f 3881/2571/17 2661/1631/17 2667/1637/17
f 3883/2573/21 3884/2574/21 3885/2575/21
f 3884/2574/21 3883/2573/21 3886/2576/21
f 3886/2576/21 3883/2573/21 3887/2577/21
f 3886/2576/21 3887/2577/21 3888/2578/21
f 3886/2576/21 3888/2578/21 3889/2579/21
f 3886/2576/21 3889/2579/21 3890/2580/21
f 3886/2576/21 3890/2580/21 3891/2581/21
f 3892/2582/9 3893/2583/9 3894/2584/9
f 3893/2583/9 3892/2582/9 3895/2585/9
f 3895/2585/9 3892/2582/9 3896/2586/9
f 3896/2586/9 3892/2582/9 3897/2587/9
f 3897/2587/9 3892/2582/9 3898/2588/9
f 3898/2588/9 3892/2582/9 3899/2589/9
f 3900/2590/306 3901/1083/306 3902/2591/306
f 3901/1083/306 3900/2590/306 3903/1084/306
f 3903/1084/306 3900/2590/306 3904/2592/306
f 3905/2593/304 3906/2594/304 3907/2595/304
f 3906/2594/304 3905/2593/304 3908/2596/304
f 3908/2596/304 3905/2593/304 3909/2597/304
f 3909/2597/304 3905/2593/304 3910/2598/304
f 3909/2597/304 3910/2598/304 3911/2599/304
f 3911/2599/304 3910/2598/304 3912/2600/304
f 3912/2600/304 3910/2598/304 3913/2601/304
f 3912/2600/304 3913/2601/304 3914/2602/304
f 3914/2602/304 3913/2601/304 3915/2603/304
f 3915/2603/304 3913/2601/304 3916/2604/304
f 3917/2605/306 3918/1096/306 3919/1095/306
f 3918/1096/306 3917/2605/306 3920/2606/306
f 3920/2606/306 3917/2605/306 3921/2607/306
f 3921/2607/306 3917/2605/306 3922/2608/306
f 3923/2609/307 3924/2610/307 3925/2611/307
f 3924/2610/307 3923/2609/307 3926/2612/307
f 3926/2612/307 3923/2609/307 3927/2613/307
f 3928/2614/307 3929/2595/307 3930/2594/307
f 3929/2595/307 3928/2614/307 3931/2615/307
f 3931/2615/307 3928/2614/307 3932/2598/307
f 3932/2598/307 3928/2614/307 3933/2616/307
f 3932/2598/307 3933/2616/307 3934/2617/307
f 3932/2598/307 3934/2617/307 3935/2601/307
f 3935/2601/307 3934/2617/307 3936/2618/307
f 3935/2601/307 3936/2618/307 3937/2603/307
f 3935/2601/307 3937/2603/307 3938/2604/307
s 1
f 3939/2619/418 3940/2620/418 3941/2621/418
f 3940/2620/418 3939/2619/418 3942/2622/418
f 3942/2622/418 3939/2619/418 3943/2623/418
f 3943/2623/418 3939/2619/418 3944/2624/418
f 3944/2624/418 3939/2619/418 3945/2625/418
f 3945/2625/418 3939/2619/418 3946/2626/418
f 3946/2626/418 3939/2619/418 3947/2627/418
f 3946/2626/418 3947/2627/418 3948/2628/419
f 3946/2626/418 3948/2628/419 3949/2629/418
f 3946/2626/418 3949/2629/418 3950/2630/418
s 0
f 3951/2631/420 3952/2632/420 3953/2633/420
f 3952/2632/420 3951/2631/420 3954/2634/420
s 1
f 3955/2635/421 3956/2636/421 3957/2637/421
s 0
f 3956/2636/422 3955/2635/422 3958/2638/422
s 1
f 3958/2638/421 3955/2635/421 3959/2639/421
s 0
f 3959/2639/421 3955/2635/421 3960/2640/421
s 1
f 3960/2640/421 3955/2635/421 3961/2641/421
s 0
f 3961/2641/421 3955/2635/421 3962/2619/421
s 1
f 3963/2642/423 3964/2643/424 3965/2644/424
f 3964/2643/424 3963/2642/423 3966/2645/424
f 3964/2643/424 3966/2645/424 3967/2646/425
s 0
f 3967/2646/426 3966/2645/426 3968/2647/426
f 3967/2646/427 3968/2647/427 3969/2648/427
f 3969/2648/424 3968/2647/424 3970/2649/424
f 3969/2648/428 3970/2649/428 3971/2650/428
f 3971/2650/429 3970/2649/429 3972/2651/429
s 1
f 3971/2650/424 3972/2651/425 3973/2632/424
f 3973/2632/424 3972/2651/425 3974/2652/426
s 0
f 3975/2653/430 3976/2654/430 3977/2655/430
f 3976/2654/430 3975/2653/430 3978/2656/430
s 1
f 3978/2656/430 3975/2653/430 3979/2657/430
s 0
f 3979/2657/430 3975/2653/430 3980/2658/430
f 3980/2658/430 3975/2653/430 3981/2659/430
f 3981/2659/430 3975/2653/430 3982/2660/430
f 3983/2661/28 3984/2662/28 3985/2663/28
f 3984/2662/28 3983/2661/28 3986/2664/28
f 3986/2664/28 3983/2661/28 3987/2665/28
f 3986/2664/28 3987/2665/28 3988/2666/28
f 3986/2664/28 3988/2666/28 3989/2667/28
f 3986/2664/28 3989/2667/28 3990/2668/28
f 3986/2664/28 3990/2668/28 3991/2669/28
f 3986/2664/28 3991/2669/28 3992/2670/28
f 3986/2664/28 3992/2670/28 3993/2671/28
f 3986/2664/28 3993/2671/28 3994/2672/28
f 3995/2673/431 3996/2674/431 3997/2675/431
f 3996/2674/431 3995/2673/431 3998/2676/431
f 3996/2674/431 3998/2676/431 3999/2677/431
f 3996/2674/431 3999/2677/431 4000/2678/431
f 3996/2674/431 4000/2678/431 4001/2679/431
f 3996/2674/431 4001/2679/431 4002/2680/431
f 4003/2681/21 4004/2682/21 4005/2683/21
f 4004/2682/21 4003/2681/21 4006/2684/21
f 4007/2685/27 4008/2686/27 4009/2687/27
f 4008/2686/27 4007/2685/27 4010/2688/27
s 1
f 4010/2688/27 4007/2685/27 4011/2689/27
f 4010/2688/27 4011/2689/27 4012/2690/27
f 4010/2688/27 4012/2690/27 4013/2691/27
f 4010/2688/27 4013/2691/27 4014/2692/27
f 4010/2688/27 4014/2692/27 4015/2693/27
f 4010/2688/27 4015/2693/27 4016/2694/27
f 4010/2688/27 4016/2694/27 4017/2695/27
f 4010/2688/27 4017/2695/27 4018/2696/432
s 0
f 4019/2697/9 4020/2698/9 4021/2699/9
f 4020/2698/9 4019/2697/9 4022/2700/9
f 4022/2700/9 4019/2697/9 4023/2701/9
f 4023/2701/9 4019/2697/9 4024/2702/9
f 4024/2702/9 4019/2697/9 4025/2703/9
f 4025/2703/9 4019/2697/9 4026/2704/9
f 4026/2704/9 4019/2697/9 4027/2705/9
f 4027/2705/9 4019/2697/9 4028/2706/9
f 4028/2706/9 4019/2697/9 4029/2707/9
f 4029/2707/9 4019/2697/9 4030/2708/9
f 4031/1307/25 4032/1184/25 4033/1185/25
f 4032/1184/25 4031/1307/25 4034/2709/25
f 4034/2709/25 4031/1307/25 4035/1306/25
f 4036/2710/25 4037/2711/25 4038/2712/25
f 4037/2711/25 4036/2710/25 4039/2713/25
f 4037/2711/25 4039/2713/25 4040/2714/25
f 4037/2711/25 4040/2714/25 4041/2715/25
f 4037/2711/25 4041/2715/25 4042/2716/25
f 4037/2711/25 4042/2716/25 4043/2717/25
f 4037/2711/25 4043/2717/25 4044/2718/25
f 4037/2711/25 4044/2718/25 4045/2719/25
f 4037/2711/25 4045/2719/25 4046/2720/25
f 4037/2711/25 4046/2720/25 4047/2721/25
f 4047/2721/25 4046/2720/25 4048/2722/25
f 4047/2721/25 4048/2722/25 4049/2723/25
f 4049/2723/25 4048/2722/25 4050/2724/25
f 4049/2723/25 4050/2724/25 4051/2725/25
f 4051/2725/25 4050/2724/25 4052/2726/25
f 4051/2725/25 4052/2726/25 4053/2727/25
f 4053/2727/25 4052/2726/25 4054/2728/25
f 4053/2727/25 4054/2728/25 4055/2729/25
f 4055/2729/25 4054/2728/25 4056/2730/25
f 4055/2729/25 4056/2730/25 4057/2731/25
f 4057/2731/25 4056/2730/25 4058/2732/25
f 2236/1361/9 4059/2733/9 4060/2734/9
f 4059/2733/9 2236/1361/9 4061/2735/9
f 4062/2736/21 4063/2737/21 4064/2738/21
f 4063/2737/21 4062/2736/21 4065/2739/21
f 4065/2739/21 4062/2736/21 4066/2740/21
f 4065/2739/21 4066/2740/21 4067/2741/21
f 4065/2739/21 4067/2741/21 4068/2742/21
f 4069/2743/28 4070/2744/28 4071/2745/28
f 4070/2744/28 4069/2743/28 4072/2746/28
f 4072/2746/28 4069/2743/28 2199/1326/28
f 2199/1326/28 4069/2743/28 2200/1327/28
f 2200/1327/28 4069/2743/28 4073/2747/28
f 4074/2748/28 4075/2749/28 4076/2750/28
f 4075/2749/28 4074/2748/28 2204/1331/28
f 4077/2751/28 169/133/28 4078/2752/28
f 169/133/28 4077/2751/28 167/116/28
f 167/116/28 4077/2751/28 162/128/28
f 162/128/28 4077/2751/28 163/129/28
f 4079/2674/433 4080/2753/433 4081/2754/433
f 4080/2753/433 4079/2674/433 4082/2755/433
f 4082/2755/434 4079/2674/434 4083/2756/434
s 1
f 4083/2756/433 4079/2674/433 4084/2757/433
s 0
f 4084/2757/433 4079/2674/433 4085/2758/433
f 4085/2758/435 4079/2674/435 4086/2680/435
f 4087/2759/28 175/137/28 4088/2760/28
f 175/137/28 4087/2759/28 173/113/28
f 173/113/28 4087/2759/28 159/125/28
f 159/125/28 4087/2759/28 160/126/28
f 4089/2761/21 2213/1340/21 4090/2762/21
f 2213/1340/21 4089/2761/21 2214/1341/21
f 2214/1341/21 4089/2761/21 4091/2763/21
f 4091/2763/21 4089/2761/21 4092/2764/21
f 4092/2764/21 4089/2761/21 4093/2765/21
f 4094/2766/21 179/141/21 181/143/21
f 179/141/21 4094/2766/21 156/122/21
f 156/122/21 4094/2766/21 157/123/21
f 157/123/21 4094/2766/21 4095/2767/21
f 4096/2768/436 4097/2769/436 4098/2770/436
f 4097/2769/436 4096/2768/436 4099/2771/436
f 4099/2771/436 4096/2768/436 4100/2772/436
f 4100/2772/436 4096/2768/436 4101/2773/436
f 4101/2773/436 4096/2768/436 4102/2655/436
f 4102/2655/436 4096/2768/436 4103/2653/436
f 4104/2774/21 185/107/21 187/147/21
f 185/107/21 4104/2774/21 153/119/21
f 153/119/21 4104/2774/21 154/120/21
f 154/120/21 4104/2774/21 4105/2775/21
f 4106/2776/9 2222/1349/9 2221/1348/9
f 2222/1349/9 4106/2776/9 4107/2777/9
f 4107/2777/9 4106/2776/9 4108/2778/9
f 4108/2778/9 4106/2776/9 4109/2779/9
f 4109/2779/9 4106/2776/9 4110/2780/9
f 150/116/9 4111/2781/9 151/117/9
f 4111/2781/9 150/116/9 4112/2782/9
f 4112/2782/9 150/116/9 164/128/9
f 4112/2782/9 164/128/9 166/131/9
f 147/113/9 4113/2783/9 148/114/9
f 4113/2783/9 147/113/9 4114/2784/9
f 4114/2784/9 147/113/9 170/125/9
f 4114/2784/9 170/125/9 172/135/9
f 4115/2785/27 176/138/27 178/140/27
f 176/138/315 4115/2785/315 144/110/315
f 144/110/27 4115/2785/27 145/111/27
f 145/111/27 4115/2785/27 4116/2786/27
f 4117/2787/315 182/119/315 184/145/315
f 182/119/315 4117/2787/315 141/107/315
f 141/107/27 4117/2787/27 142/108/27
f 142/108/27 4117/2787/27 4118/2788/27
f 2243/1368/315 4119/2789/315 2244/1369/315
f 4119/2789/27 2243/1368/27 4120/2790/27
f 4120/2790/27 2243/1368/27 4121/2791/27
f 4120/2790/315 4121/2791/315 4122/2792/315
f 4120/2790/27 4122/2792/27 4123/2793/27
f 2239/1364/27 2241/1366/27 2240/1365/27
f 2241/1366/27 2239/1364/27 2242/1367/27
f 2242/1367/27 2239/1364/27 4124/2794/27
f 2242/1367/27 4124/2794/27 4125/2795/27
f 4125/2795/27 4124/2794/27 4126/2796/27
f 4125/2795/27 4126/2796/27 4127/2797/27
f 4127/2797/27 4126/2796/27 4128/2798/27
f 4127/2797/27 4128/2798/27 4129/2799/27
f 4130/2800/28 4131/2801/28 4132/2802/28
f 4131/2801/28 4130/2800/28 4133/2803/28
f 4133/2803/28 4130/2800/28 2202/1329/28
f 2202/1329/28 4130/2800/28 2203/1330/28
f 2203/1330/28 4130/2800/28 2197/1324/28
f 4134/2804/27 2237/1362/27 4135/2805/27
f 2237/1362/27 4134/2804/27 2238/1363/27
f 2238/1363/27 4134/2804/27 4136/2806/27
f 4136/2806/27 4134/2804/27 4137/2807/27
f 4137/2807/27 4134/2804/27 4138/2808/27
f 2215/1342/21 4139/2809/21 2216/1343/21
f 4139/2809/21 2215/1342/21 4140/2810/21
f 4140/2810/21 2215/1342/21 4141/2811/21
f 4140/2810/21 4141/2811/21 4142/2812/21
f 4142/2812/21 4141/2811/21 4143/2813/21
f 4142/2812/21 4143/2813/21 4144/2814/21
f 4144/2814/21 4143/2813/21 4145/2815/21
f 4144/2814/21 4145/2815/21 4146/2816/21
f 2224/1351/9 2234/1359/9 2233/1358/9
f 2234/1359/9 2224/1351/9 4147/2817/9
f 4147/2817/9 2224/1351/9 4148/2818/9
f 4148/2818/9 2224/1351/9 4149/2819/9
f 4149/2819/9 2224/1351/9 4150/2820/9
f 4151/2821/28 4152/2822/28 4153/2823/28
f 4152/2822/28 4151/2821/28 4154/2824/28
f 4154/2824/28 4151/2821/28 4155/2825/28
f 4154/2824/28 4155/2825/28 4156/2826/28
f 4157/2827/27 4158/2828/27 4159/2829/27
f 4158/2828/27 4157/2827/27 4160/2830/27
f 4160/2830/27 4157/2827/27 4161/2831/27
f 4160/2830/315 4161/2831/315 4162/2832/315
f 4163/2833/28 4164/2834/28 4165/2835/28
f 4164/2834/28 4163/2833/28 4166/2836/28
f 4166/2836/28 4163/2833/28 4167/2837/28
f 4166/2836/28 4167/2837/28 4168/2838/28
f 4169/2839/21 4170/2840/21 4171/2841/21
f 4170/2840/21 4169/2839/21 4172/2842/21
f 4172/2842/21 4169/2839/21 4173/2843/21
f 4172/2842/21 4173/2843/21 4174/2844/21
f 4175/2845/9 4176/2846/9 4177/2847/9
f 4176/2846/9 4175/2845/9 4178/2848/9
f 4178/2848/9 4175/2845/9 4179/2849/9
f 4179/2849/9 4175/2845/9 4180/2850/9
f 4181/2851/9 4182/2852/9 4183/2853/9
f 4182/2852/9 4181/2851/9 4184/2854/9
f 4184/2854/9 4181/2851/9 4185/2855/9
f 4185/2855/9 4181/2851/9 4186/2856/9
f 4187/2857/27 4188/2858/27 4189/2859/27
f 4188/2858/27 4187/2857/27 4190/2860/27
f 4190/2860/27 4187/2857/27 4191/2861/27
f 4190/2860/315 4191/2861/315 4192/2862/315
f 4193/2863/21 4194/2864/21 4195/2865/21
f 4194/2864/21 4193/2863/21 4196/2866/21
f 4196/2866/21 4193/2863/21 4197/2867/21
f 4196/2866/21 4197/2867/21 4198/2868/21
f 4199/2869/1 4200/2870/1 4201/2871/1
f 4200/2870/1 4199/2869/1 4202/2872/1
f 4202/2872/1 4199/2869/1 4203/2873/1
f 4203/2873/1 4199/2869/1 4204/2874/1
f 4204/2874/1 4199/2869/1 4205/2875/1
f 4205/2875/1 4199/2869/1 4206/2876/1
f 4206/2876/1 4199/2869/1 4207/2877/1
f 4207/2877/1 4199/2869/1 4208/2878/1
f 4208/2878/1 4199/2869/1 4209/2879/1
f 4209/2879/1 4199/2869/1 4210/2880/1
f 4210/2880/1 4199/2869/1 4211/2881/1
f 4211/2881/1 4199/2869/1 4212/2882/1
f 4213/2883/1 4214/2884/1 4215/2885/1
f 4214/2884/1 4213/2883/1 4216/2886/1
f 4216/2886/1 4213/2883/1 4217/2887/1
f 4217/2887/1 4213/2883/1 4218/2888/1
f 4218/2888/1 4213/2883/1 4219/2889/1
f 4219/2889/1 4213/2883/1 4220/2890/1
f 4220/2890/1 4213/2883/1 4221/2891/1
f 4214/2884/1 4222/2892/1 4215/2885/1
f 4223/1509/25 4224/1507/25 4225/1506/25
f 4224/1507/25 4223/1509/25 4226/1524/25
f 4227/2893/1 2514/1528/1 2513/1527/1
f 2514/1528/1 4227/2893/1 4228/2894/1
f 2514/1528/1 4228/2894/1 4229/2895/1
f 2414/1453/1 4213/2883/1 2415/1454/1
f 4213/2883/1 2414/1453/1 4221/2891/1
f 4221/2891/1 2414/1453/1 2577/1569/1
f 4221/2891/1 2577/1569/1 4230/2896/1
f 2647/1617/17 3882/2572/17 4231/2897/17
f 3882/2572/17 2647/1617/17 2661/1631/17
f 2576/1568/1 4230/2896/1 2577/1569/1
f 4230/2896/1 2576/1568/1 4201/2871/1
f 4201/2871/1 2576/1568/1 4199/2869/1
f 4199/2869/1 2576/1568/1 2586/1576/1
f 4232/2898/9 4233/2899/9 4234/2900/9
f 4233/2899/9 4232/2898/9 4235/2901/9
f 4235/2901/9 4232/2898/9 4236/2902/9
f 4237/2903/1 4238/2904/1 4239/2905/1
f 4238/2904/1 4237/2903/1 4240/2906/1
f 4238/2904/1 4240/2906/1 4241/2907/1
f 4241/2907/1 4240/2906/1 4242/2908/1
f 4243/2909/1 2809/1741/1 2854/1774/1
f 2809/1741/1 4243/2909/1 2810/1742/1
f 2810/1742/1 4243/2909/1 2813/1745/1
f 2813/1745/1 4243/2909/1 2800/1732/1
f 2800/1732/1 4243/2909/1 2801/1733/1
f 4244/2910/17 4245/2911/17 4246/2912/17
f 4245/2911/17 4244/2910/17 4247/2913/17
f 4247/2913/17 4244/2910/17 4248/2914/17
f 4249/2915/371 4250/2916/371 4251/2917/371
f 4250/2916/371 4249/2915/371 4252/2918/371
f 4252/2918/371 4249/2915/371 4253/2919/371
f 4254/2920/21 4255/2921/21 4256/2922/21
f 4255/2921/21 4254/2920/21 4257/2923/21
f 4257/2923/21 4254/2920/21 4258/2924/21
f 2820/1752/1 2798/1730/1 2797/1729/1
f 2798/1730/1 2820/1752/1 4259/2925/1
f 4259/2925/1 2820/1752/1 2823/1755/1
f 4260/2926/1 2826/1758/1 4261/2927/1
f 2826/1758/1 4260/2926/1 2827/1759/1
f 2827/1759/1 4260/2926/1 2862/1778/1
f 4243/2909/1 2836/1766/1 4262/2928/1
s 1
f 2836/1766/1 4243/2909/1 2837/1767/1
s 0
f 2837/1767/1 4243/2909/1 2854/1774/1
f 2826/1758/1 2796/1728/1 4261/2927/1
f 2796/1728/1 2826/1758/1 2797/1729/1
f 2811/1743/1 4263/2929/1 2814/1746/1
f 4263/2929/1 2811/1743/1 2799/1731/1
f 2799/1731/1 2811/1743/1 2800/1732/1
f 4264/2930/21 4265/2931/21 4266/2932/21
f 4265/2931/21 4264/2930/21 4267/2933/21
f 4267/2933/21 4264/2930/21 4268/2934/21
f 4268/2934/21 4264/2930/21 4269/2935/21
f 4269/2935/21 4264/2930/21 4270/2936/21
f 4271/2937/437 4272/1784/437 4273/1783/437
f 4272/1784/437 4271/2937/437 4274/2938/437
f 4275/2939/17 4276/1792/17 4277/2940/17
f 4276/1792/17 4275/2939/17 4278/1793/17
f 4278/1793/17 4275/2939/17 4279/2941/17
f 4278/1793/17 4279/2941/17 4280/2942/17
f 4278/1793/17 4280/2942/17 4281/2943/17
f 4282/2943/437 4283/1790/437 4284/1793/437
f 4283/1790/437 4282/2943/437 4285/2944/437
f 4286/2945/9 4287/2946/9 4288/2947/9
f 4287/2946/9 4286/2945/9 4289/2948/9
f 4289/2948/9 4286/2945/9 4290/2949/9
f 4290/2949/9 4286/2945/9 4291/2950/9
f 4291/2950/9 4286/2945/9 4292/2951/9
f 4292/2951/9 4286/2945/9 4293/2952/9
f 4293/2952/9 4286/2945/9 4294/2953/9
f 4294/2953/9 4286/2945/9 4295/2954/9
f 4295/2954/9 4286/2945/9 4296/2955/9
f 4297/2956/1 4298/2957/1 4299/2958/1
f 4298/2957/1 4297/2956/1 2879/1795/1
f 2879/1795/1 4297/2956/1 2880/1796/1
f 2880/1796/1 4297/2956/1 4300/2959/1
f 4301/2960/1 4302/2961/1 4303/2962/1
f 4302/2961/1 4301/2960/1 4299/2958/1
f 4302/2961/1 4299/2958/1 4304/2963/1
f 4304/2963/1 4299/2958/1 4305/2964/1
f 4305/2964/1 4299/2958/1 4298/2957/1
f 4306/2965/1 4307/2966/1 4308/2967/1
f 4307/2966/1 4306/2965/1 4309/2968/1
f 4309/2968/1 4306/2965/1 4310/2969/1
f 4309/2968/1 4310/2969/1 4311/2970/1
f 4309/2968/1 4311/2970/1 4312/2971/1
s 1
f 4313/2972/438 4314/2973/438 4315/2974/438
s 0
f 4314/2973/438 4313/2972/438 4316/2975/438
f 4316/2975/438 4313/2972/438 4317/2976/438
f 4316/2975/438 4317/2976/438 4318/2977/438
f 4316/2975/438 4318/2977/438 4319/2978/438
f 3476/2253/1 4320/2979/1 4321/2980/1
f 4320/2979/1 3476/2253/1 4322/2981/1
f 4322/2981/1 3476/2253/1 3477/2254/1
f 4323/2982/1 4324/2983/1 4325/2984/1
f 4324/2983/1 4323/2982/1 4320/2979/1
f 4320/2979/1 4323/2982/1 4326/2985/1
f 4320/2979/1 4326/2985/1 4327/2986/1
f 4320/2979/1 4327/2986/1 4321/2980/1
f 4328/2987/1 3090/1925/1 4329/2988/1
f 3090/1925/1 4328/2987/1 4330/2989/1
f 3090/1925/439 4330/2989/439 4331/2990/439
f 3090/1925/1 4331/2990/1 4332/2991/1
f 3090/1925/1 4332/2991/1 4333/2992/1
f 3090/1925/1 4333/2992/1 3091/1926/1
f 4334/2993/1 4335/2994/1 4336/2995/1
f 4335/2994/1 4334/2993/1 3094/1929/1
f 3094/1929/1 4334/2993/1 4337/2996/1
f 3094/1929/1 4337/2996/1 4338/2997/1
f 3094/1929/1 4338/2997/1 4339/2998/1
f 3094/1929/1 4339/2998/1 3095/1930/1
f 4340/2999/1 3100/1935/1 3372/2181/1
f 3100/1935/1 4340/2999/1 3098/1933/1
f 3098/1933/1 4340/2999/1 4341/3000/1
f 4342/3001/21 3111/1946/21 4343/3002/21
f 3111/1946/21 4342/3001/21 3108/1943/21
f 3108/1943/21 4342/3001/21 3109/1944/21
f 3109/1944/21 4342/3001/21 4344/3003/21
f 3129/1964/21 200/160/21 199/159/21
f 200/160/21 3129/1964/21 4345/3004/21
f 4345/3004/21 3129/1964/21 93/67/21
f 4345/3004/21 93/67/21 96/70/21
f 93/67/21 3129/1964/21 94/68/21
f 4345/3004/21 3118/1953/21 200/160/21
f 4346/3005/17 4347/3006/17 4348/3007/17
f 4347/3006/17 4346/3005/17 4349/3008/17
f 4349/3008/17 4346/3005/17 4350/3009/17
f 4349/3008/17 4350/3009/17 4351/3010/17
f 4352/3011/9 4353/3012/9 4354/3013/9
f 4353/3012/9 4352/3011/9 4355/3014/9
f 4355/3014/9 4352/3011/9 4356/3015/9
f 4357/3016/9 3447/2236/9 4358/3017/9
f 3447/2236/9 4357/3016/9 3445/2234/9
f 3445/2234/9 4357/3016/9 4359/3018/9
f 4360/3019/9 4359/3018/9 4357/3016/9
f 4359/3018/9 4360/3019/9 4361/3020/9
f 4361/3020/9 4360/3019/9 4362/3021/9
f 4362/3021/9 4360/3019/9 4363/3022/9
f 4363/3022/9 4360/3019/9 4364/3023/9
f 4365/3024/9 3178/2013/9 3177/2012/9
f 3178/2013/9 4365/3024/9 4366/3025/9
f 4366/3025/393 4365/3024/393 4367/3026/393
f 4367/3026/9 4365/3024/9 4368/3027/9
f 4368/3027/9 4365/3024/9 4369/3028/9
f 4369/3028/9 4365/3024/9 4370/3029/9
f 4371/3030/9 4372/3031/9 4373/3032/9
f 4372/3031/9 4371/3030/9 624/411/9
f 4372/3031/9 624/411/9 4374/3033/9
f 4374/3033/9 624/411/9 4375/3034/9
f 4375/3034/9 624/411/9 4376/3035/9
f 4376/3035/9 624/411/9 623/410/9
f 4377/3036/1 4378/3037/1 4379/3038/1
f 4378/3037/1 4377/3036/1 4380/3039/1
f 4380/3039/1 4377/3036/1 4381/3040/1
f 4381/3040/1 4377/3036/1 4382/3041/1
f 4383/3042/304 4384/2610/304 4385/3043/304
f 4384/2610/304 4383/3042/304 4386/2611/304
f 4386/2611/304 4383/3042/304 4387/2609/304
